rxn num,lv,uv,ldGr,udGr
0,-1000.0,1000.0,-inf,inf
1,-1000.0,1000.0,-inf,inf
2,-789.275977,0.0,-166.026567,111.952984
3,-1000.0,1000.0,-inf,inf
4,8.122629,66.244122,-inf,inf
5,2.713917,22.133355,-inf,inf
6,0.918344,385.270427,-129.320026,-0.0001
7,-999.99989,998.023892,-262.41212,18.624141
8,-0.0,1000.0,-785.878835,-456.873992
9,0.010989,167.863505,-290.175756,-0.0001
10,0.010989,167.863505,-161.619444,-0.0001
11,2.917552,637.672919,-88.5318,-0.0001
12,-999.999303,1000.0,-220.814155,80.209139
13,3.619871,532.582676,-104.542923,-0.0001
14,0.002088,352.643958,-121.039899,-0.0001
15,-996.323807,1000.0,-183.040593,21.414049
16,0.0,0.0,-402.56582,150.126688
17,0.0,0.0,-507.722642,-63.829916
18,-638.739243,-3.983876,0.0001,54.575641
19,-996.016124,996.542717,-222.98825,65.296401
20,-992.558841,1000.0,-240.080884,48.203796
21,-669.530851,1000.0,-128.015921,126.291117
22,3.619871,532.582676,-47.025178,-0.0001
23,-1000.0,1000.0,-247.601329,39.42328
24,3.983876,638.739243,-94.759712,-0.0001
27,0.0,1000.0,-152.681933,-23.610934
29,0.0,0.0,-152.97565,-23.32201
30,-1000.0,1000.0,-184.21092,7.913474
31,0.0,0.0,-172.84527,-3.451731
32,0.021979,335.727011,-250.460367,-79.573
33,3.676193,1000.0,-59.429992,-0.0001
34,3.676193,1000.0,-180.097473,-14.541142
35,-90.001891,90.001891,-141.617804,220.099272
36,-996.323807,1000.0,-183.217225,21.237405
37,0.0,0.0,-360.764463,41.436875
38,0.0,0.0,-194.166818,264.945626
39,0.066705,451.170342,-238.4282,-17.577619
40,-1000.0,1000.0,-180.320579,134.140003
41,0.066705,451.170342,-395.903701,-191.240782
42,0.0,0.0,-197.20729,181.104069
43,-638.739243,-3.983876,0.0001,71.566478
44,3.983876,638.739243,-159.567575,-0.0001
45,0.0,793.444209,-95.870892,90.762109
46,0.002088,352.643958,-169.775707,-0.0001
47,0.0,634.755367,-95.100015,-0.352468
48,3.676193,1000.0,-138.576848,-0.0001
49,0.000697,424.344488,-148.136212,-0.0001
50,0.000697,424.344488,-351.174014,-143.551351
51,-1000.0,1000.0,-104.113296,105.629252
52,0.0,0.0,-183.395769,88.221544
53,0.0,0.0,-259.184242,6.462915
54,0.0,634.755367,-97.429706,-6.150572
55,-1000.0,0.0,-231.036775,21.929395
56,0.0,1000.0,-110.906132,188.65308
57,0.0,1000.0,-114.831999,134.087316
58,-1000.0,1000.0,-148.758922,50.544253
59,-1000.0,1000.0,-128.485596,30.271569
60,-1000.0,1000.0,-147.490953,49.276486
61,1.125351,296.180035,-275.902504,-0.0001
62,-442.063261,1000.0,-169.810611,165.381698
63,8.8e-05,634.755455,-138.082127,-0.0001
64,-0.0,1000.0,-231.036776,21.929396
65,-0.0,1000.0,-144.548255,142.790781
66,-1000.0,996.830968,-230.719805,109.503244
68,0.0,1000.0,-133.046856,34.195302
69,0.0,1000.0,-83.327088,75.752409
70,-1000.0,0.0,11.710089,277.338975
71,0.0,0.0,11.710089,277.338975
72,-0.0,1000.0,-155.854999,73.461211
73,0.0,1000.0,-134.767198,-11.902056
74,-1000.0,0.0,-231.036776,21.929396
75,0.0,1000.0,-110.906133,188.653081
77,-1000.0,1000.0,-70.685845,95.177514
78,7.443247,800.887456,-115.743952,-0.0001
79,7.443247,800.887456,-91.400648,-0.0001
81,-1000.0,1000.0,-181.084251,128.089739
82,-1000.0,1000.0,-182.692218,129.697701
83,-1000.0,1000.0,-180.839822,127.845676
84,-996.323807,793.444209,-139.203455,193.631881
85,3.3e-05,700.257883,-139.658295,-0.0001
86,-1000.0,1000.0,-180.660763,48.744912
87,0.0,373.202185,-180.49963,127.504995
88,-1000.0,1000.0,-180.547097,127.552706
89,0.0,0.0,-245.799503,131.423384
90,-1000.0,1000.0,-229.544785,124.048259
91,0.0,1000.0,-245.607984,-6.45288
92,-1000.0,1000.0,-188.332532,176.705192
93,-999.999912,1000.0,-188.392031,176.645724
95,-997.864821,1000.0,-90.703582,121.731726
96,-160.392404,0.0,-207.922517,109.045096
97,-1000.0,1000.0,-60.146587,58.797292
98,-997.864821,1000.0,-110.493104,105.352134
99,0.0,1000.0,-310.086981,-61.504454
100,-1000.0,1000.0,-223.180557,54.446309
102,-1000.0,1000.0,-190.107494,57.859084
103,-1000.0,1000.0,-223.832959,55.09871
105,-1000.0,1000.0,-223.527522,54.793395
106,-1000.0,1000.0,-238.405687,231.477806
107,-1000.0,1000.0,-238.033889,228.690969
108,-1000.0,1000.0,-236.597197,229.669804
109,-1000.0,1000.0,-267.048852,257.955932
110,-1000.0,1000.0,-231.722032,224.794395
111,-1000.0,1000.0,-238.013942,231.086732
112,-1000.0,1000.0,-237.650167,228.306941
113,-1000.0,1000.0,-236.21937,229.291671
114,-1000.0,1000.0,-266.74932,257.656094
115,-1000.0,1000.0,-231.367796,224.440586
116,0.0,0.0,-inf,inf
117,-1000.0,1000.0,-292.613684,208.027573
118,-1000.0,1000.0,-121.468888,83.59691
119,-1000.0,1000.0,-292.594009,208.016954
120,-1000.0,1000.0,-164.93773,52.291781
121,0.966261,1000.0,-292.602103,208.02017
122,-1000.0,1000.0,-90.647682,84.811911
123,-0.0,1000.0,-215.393218,198.736961
124,0.0,0.0,-209.053712,239.424507
125,0.0,1000.0,-108.458929,55.300038
126,-1000.0,1000.0,-105.88047,103.132508
128,-1000.0,1000.0,-135.734023,134.584525
129,1.125338,296.180022,-127.689806,-0.0001
130,-1000.0,1000.0,-49.119469,62.314576
131,-1000.0,1000.0,-276.452589,108.632102
132,1.310465,1000.0,-120.479205,-0.0001
133,0.0,0.0,-157.284117,-19.200722
134,-1000.0,1000.0,-117.912196,87.003576
135,3.821381,31.165284,-inf,inf
136,0.0,453.396691,-148.684744,126.814541
137,-1000.0,1000.0,-146.745879,127.472753
139,0.0,1000.0,-149.200302,127.112692
140,0.0,317.377683,-148.170037,129.27664
141,-1000.0,1000.0,-160.800513,116.161886
142,-1000.0,1000.0,-125.317044,137.554077
143,-1000.0,1000.0,-106.973019,169.989404
144,-1000.0,1000.0,-117.702774,161.685029
145,-1000.0,1000.0,-108.513906,170.87392
146,-1000.0,1000.0,-120.186516,145.412772
147,-1000.0,1000.0,-115.904728,165.368795
148,-1000.0,1000.0,-106.71586,174.557686
149,-1000.0,1000.0,-118.331503,149.039571
150,-583.908238,1000.0,-278.167747,12.977363
151,-1000.0,1000.0,-262.212805,8.54676
152,0.0,1000.0,-308.318874,-19.873146
153,-0.0,1000.0,-310.886028,-17.30618
154,0.0,1000.0,-306.870231,-12.987359
155,-1000.0,1000.0,-260.598881,15.262349
156,-0.0,1000.0,-309.269647,-10.588131
157,-1000.0,1000.0,-114.453547,163.94337
158,-1000.0,1000.0,-105.264679,173.132261
159,-1000.0,1000.0,-116.968274,147.702099
161,-1000.0,1000.0,-108.932149,171.177203
162,-1000.0,1000.0,-120.582659,145.693956
163,0.0,0.0,-280.93961,12.857018
164,-1000.0,1000.0,-114.15262,166.728808
166,0.0,120.295,-439.775637,-77.412263
167,-343.767457,0.0,-107.748611,60.402265
168,-329.01574,0.0,-150.364197,20.098027
169,-1000.0,1000.0,-527.198175,430.288934
170,0.0,0.0,-139.459985,239.624501
171,-1000.0,1000.0,-131.877031,26.480814
172,-1000.0,1000.0,-131.877351,26.480509
173,-998.499411,1000.0,-180.689048,75.503512
174,-264.481403,0.0,-130.595444,27.163217
176,-1000.0,1000.0,-459.917051,143.424076
177,-1000.0,1000.0,-332.401996,31.486582
179,0.49056,451.594197,-417.934608,-120.504251
180,0.0,1000.0,-250.957088,-61.114038
181,0.0,0.0,-120.454651,142.428084
182,-1000.0,996.686018,-161.04155,22.474554
183,-997.864821,998.821196,-183.727943,153.274338
184,-997.864821,998.821196,-299.852918,208.185901
185,2.135179,17.413455,-inf,inf
187,-1000.0,1000.0,-293.407544,65.139301
188,2.1041,17.159989,-inf,inf
190,1.178804,516.725817,-135.135089,-0.0001
192,-1000.0,1000.0,-97.922178,105.20075
193,-1000.0,1000.0,-105.199538,97.923393
194,-1000.0,1000.0,-97.922794,105.200134
195,-1000.0,1000.0,-153.047698,156.054119
196,2.641387,21.541837,-inf,inf
197,0.0,0.0,-inf,inf
198,0.0,1000.0,-60.271892,126.438428
199,0.0,0.0,-inf,inf
200,0.0,0.0,-118.327255,219.530738
201,0.918344,385.270427,-164.423289,-0.0001
202,-1000.0,1000.0,-inf,inf
203,-1000.0,1000.0,-inf,inf
204,0.0,0.0,-265.026904,157.885333
205,0.0,0.0,-inf,inf
206,0.0,0.0,-87.122626,200.463992
207,0.0,116.049212,-250.601439,219.906431
208,0.0,107.877739,-560.547294,-64.378139
210,0.0,112.07819,-294.895504,218.309678
211,0.0,112.07819,-202.538721,249.778283
212,0.0,112.07819,-195.883656,242.881275
213,0.0,112.07819,-573.756104,-77.453833
214,0.0,112.078149,-605.499161,-108.318118
215,0.0,112.07819,-inf,inf
216,0.0,112.07819,-inf,inf
217,0.0,107.877739,-588.464954,-90.921416
218,0.0,109.118383,-167.665323,188.173135
219,0.41027,109.301676,-244.611221,223.130425
220,0.0,0.0,-335.66443,249.651398
221,-996.686018,1000.0,-368.917806,36.068795
222,0.0,1000.0,-217.145469,216.530868
223,-1000.0,1000.0,-217.422813,216.253533
224,-1000.0,1000.0,-201.121152,232.555203
225,0.0,1000.0,-229.303766,-41.252085
226,0.0,1000.0,-229.303626,-41.251946
227,0.0,1000.0,-492.863762,-142.681572
228,0.0,1000.0,-483.313879,-131.088392
229,0.0,1000.0,-493.971128,-141.544072
230,0.0,1000.0,-484.434462,-129.938651
231,-1000.0,1000.0,-234.103038,67.811409
232,0.0,1000.0,-235.024961,68.734103
233,-1000.0,1000.0,-233.353319,67.158469
234,-1000.0,1000.0,-198.725634,68.062699
235,0.0,1000.0,-482.389828,-131.98231
236,0.0,1000.0,-483.470057,-130.903546
237,0.0,1000.0,-494.089311,-143.235944
238,0.0,1000.0,-495.148662,-142.091165
239,0.0,0.0,-inf,inf
240,0.259457,2.116005,-inf,inf
241,-1000.0,1000.0,-270.489618,154.300762
242,-1000.0,1000.0,-176.309118,258.931755
243,3.184936,999.508743,-134.090852,-0.0001
244,3.676193,1000.0,-159.231846,-0.0001
245,-1000.0,1000.0,-47.619246,45.854347
246,0.0,0.0,-241.07053,105.059269
247,0.0,0.0,-262.267225,-0.0001
248,0.0,0.0,-283.744815,147.733767
249,0.0,0.0,-305.375686,169.36409
250,0.0,0.0,-327.097803,191.087061
251,0.0,0.0,-348.880399,212.868436
252,0.0,0.0,-370.702509,234.691523
253,0.0,0.0,-392.55425,256.542775
254,0.0,0.0,-2486.304174,-1893.172022
255,0.0,0.0,1730.412412,2377.040835
257,0.0,0.0,-480.129896,344.119398
258,0.0,0.0,-502.050327,366.038365
259,0.0,0.0,-523.976846,387.964883
260,0.0,0.0,-545.908347,409.897361
261,0.0,0.0,-567.844263,431.834253
262,0.0,0.0,-589.785518,453.773555
264,0.0,0.0,-633.674841,497.663854
266,-1000.0,1000.0,-230.322186,54.705742
267,-1000.0,1000.0,-38.030538,74.148396
268,-1000.0,1000.0,-37.948566,74.230367
269,1.1e-05,64.770967,-696.309624,-0.0001
270,-1000.0,1000.0,-339.766828,43.691042
272,-1000.0,1000.0,-350.760947,184.86678
273,-1000.0,1000.0,-82.652885,90.254273
274,-1000.0,999.1044,-352.492097,182.813581
275,-1000.0,1000.0,-205.008421,22.364749
276,-1000.0,1000.0,-153.101524,56.737467
277,0.412753,3.366204,-inf,inf
278,-1000.0,1000.0,-293.710595,20.343555
279,-1000.0,1000.0,-204.829082,92.178981
280,0.0,116.049212,-1582.958549,-671.530964
281,-1000.0,1000.0,-294.450255,210.178759
282,0.0,0.0,-314.440606,-60.975647
283,-1000.0,1000.0,-190.075442,86.527532
284,-1000.0,1000.0,-173.892214,89.100302
285,-1000.0,1000.0,-84.346033,69.901644
286,-528.962806,0.0,-162.371666,113.970175
288,0.0,1000.0,-294.440349,94.715925
289,0.0,240.588606,-292.910521,208.333114
290,-1000.0,1000.0,-294.265411,211.024609
291,-1000.0,1000.0,-137.356506,50.979454
293,0.0,0.0,-169.153282,56.505764
294,-999.997912,1000.0,-201.478196,81.137408
295,0.0,0.0,-333.35799,11.217896
296,-1000.0,1000.0,-78.29719,125.027055
297,-1000.0,1000.0,-79.917246,126.648331
298,-1000.0,1000.0,-123.833225,77.006581
299,-1000.0,1000.0,-125.470423,78.64207
300,0.040258,315.973771,-156.086802,-0.0001
301,0.0,0.0,-146.88007,204.48172
302,0.000697,120.295,-248.498585,-0.0001
303,0.000697,120.295,-139.200726,-0.0001
304,-0.0,120.295,-172.558568,74.162176
305,-516.725817,-1.178804,0.0001,15.690863
306,-999.999303,1000.0,-111.551725,141.611891
307,-999.999303,1000.0,-194.413122,101.271132
308,7.443247,800.887456,-83.922788,-0.0001
309,2.917552,637.672919,-84.859083,-0.0001
310,0.0,1000.0,-162.684662,53.75113
311,1.1e-05,233.419294,-201.860247,-0.0001
313,-0.0,1000.0,-494.181243,-132.034448
314,-1000.0,0.0,9.672606,404.803708
315,0.0,0.0,-inf,inf
316,0.0,0.0,-inf,inf
317,7.714926,62.9191,-inf,inf
318,7.714926,62.9191,-inf,inf
319,-1000.0,1000.0,-133.898563,26.921305
320,0.0,1000.0,-223.049132,-6.393262
321,0.0,0.0,-inf,inf
322,-1000.0,1000.0,-48.227026,60.862552
323,-1000.0,0.0,-251.089196,135.767018
324,-0.0,1000.0,-186.643236,-11.908055
325,-528.962806,0.0,-inf,inf
326,0.0,0.0,-241.44249,104.687368
327,-1000.0,1000.0,-191.290772,174.761124
328,-1000.0,1000.0,-191.482675,174.952966
329,-1000.0,1000.0,-192.137881,175.608172
330,-1000.0,1000.0,-191.201028,174.651876
331,-1000.0,1000.0,-175.065028,175.235874
333,-1000.0,0.0,-inf,inf
334,-1000.0,1000.0,-inf,inf
336,-999.99989,1000.0,-148.970339,225.412363
337,-1000.0,1000.0,-129.937317,15.262149
338,-1000.0,1000.0,-130.985608,247.46171
339,0.0,0.0,-187.841491,145.072499
340,-1000.0,1000.0,-146.600562,119.004782
342,-999.997912,1000.0,-214.694456,194.815444
343,0.0,1000.0,-149.721414,21.250349
344,-1000.0,1000.0,-126.567414,29.269528
345,-1000.0,1000.0,-83.633564,70.778911
346,-1000.0,1000.0,-67.850934,41.127693
347,-1000.0,1000.0,-67.859159,41.119469
348,1.178804,516.725817,-136.320783,-0.0001
349,-1000.0,1000.0,-296.425418,77.295899
350,-999.99989,1000.0,-281.038491,92.682818
351,0.0,0.0,-112.678275,109.938669
352,-528.962806,0.0,-157.019954,58.255952
353,-1000.0,1000.0,-89.508531,157.358463
354,0.0,1000.0,-229.644331,15.576622
355,0.0,0.0,-262.639174,125.88393
356,1.1e-05,233.419294,-220.846278,-0.0001
357,-1000.0,1000.0,-inf,inf
358,-1000.0,1000.0,-inf,inf
359,-1000.0,999.740543,-297.954112,191.420064
360,0.0,1000.0,-174.174059,88.77978
361,-1000.0,400.269754,-53.149262,53.675233
362,-1000.0,1000.0,-147.376953,172.877689
364,-1000.0,1000.0,-368.459544,230.929443
366,-1000.0,1000.0,-188.152628,180.84871
367,-1000.0,1000.0,-185.867977,194.202622
368,-1000.0,1000.0,-317.023421,172.189401
369,-1000.0,1000.0,-351.726365,262.065687
370,0.0,1000.0,-124.14962,85.849649
371,1.551253,12.651246,-inf,inf
372,3.258187,26.572154,-inf,inf
373,0.0,0.0,-inf,inf
374,-144.353164,1000.0,-171.455783,155.343473
375,0.0,1000.0,-163.915702,181.639504
376,0.0,1000.0,-358.48025,-105.057203
377,0.0,1000.0,-356.831219,-103.408164
378,0.0,1000.0,-230.280457,14.940496
379,-1000.0,1000.0,-172.443033,149.69367
380,-1000.0,1000.0,-119.151895,143.905588
381,-1000.0,1000.0,-164.684789,52.238661
382,-1000.0,1000.0,-127.578776,29.16005
383,-1000.0,1000.0,-121.966016,251.616718
384,-1000.0,1000.0,-118.213243,158.210337
385,-1000.0,1000.0,-108.915249,167.508356
386,-1000.0,1000.0,-292.648377,87.856898
387,1.125351,296.180035,-208.940385,-0.0001
388,-1000.0,1000.0,-163.359811,112.394444
389,-1000.0,1000.0,-395.674019,305.262893
390,-1000.0,1000.0,-127.407947,162.477539
391,-999.998912,1000.0,-156.222306,162.497339
392,-1000.0,1000.0,-76.050908,208.222961
393,-1000.0,1000.0,-195.217666,100.84653
394,-1000.0,1000.0,-210.687523,233.080044
395,-1000.0,1000.0,-355.092044,336.659593
396,-1000.0,1000.0,-277.414656,183.04346
397,-1000.0,1000.0,-369.553465,241.341421
398,-1000.0,1000.0,-inf,inf
399,-1000.0,1000.0,-inf,inf
400,3.118202,25.430503,-inf,inf
401,-999.472533,1000.0,-356.872024,53.58498
403,0.0,0.0,-inf,inf
405,0.0,0.0,-inf,inf
406,0.0,0.0,-inf,inf
408,0.000697,120.295,-254.726351,-6.50536
409,0.010989,167.863505,-361.006956,-64.665344
410,-1000.0,999.472533,-290.025868,215.073711
411,-1000.0,1000.0,-154.391546,116.528497
413,-0.0,1000.0,-138.13986,135.395381
414,1.1e-05,64.770967,-inf,inf
415,1.1e-05,64.770967,-560.050748,-0.0001
417,0.0,0.0,-163.945129,51.292768
418,-0.0,1000.0,-163.908354,51.256486
419,-528.962806,0.0,-163.908353,51.256485
420,0.918344,385.270427,-389.991509,-0.0001
421,0.918344,385.270427,-157.965031,-0.0001
422,0.918344,385.270427,-122.405368,-0.0001
423,0.918344,7.489553,-inf,inf
424,0.0,0.0,-inf,inf
425,0.0,0.0,-260.832817,141.431162
426,3.619871,532.582676,-64.240571,-0.0001
427,0.0,0.0,-223.577999,61.96395
428,-1000.0,1000.0,-293.499207,98.395206
429,3.619871,532.582676,-169.026971,-0.0001
430,-999.1044,1000.0,-114.766705,162.439854
431,-0.0,1000.0,-117.319659,146.23681
432,-1000.0,1000.0,-224.592773,107.93466
433,-999.1044,1000.0,-147.668221,126.782573
434,-1000.0,1000.0,-647.409607,193.356934
435,-0.0,1000.0,-630.802179,221.380037
436,-1000.0,1000.0,-646.355134,205.827099
437,0.0,1000.0,-203.359217,-10.450089
438,0.0,0.0,-220.85434,-27.945209
439,0.0,0.0,-299.949227,157.309511
440,-1000.0,999.999987,-299.166657,187.969995
441,1.1e-05,64.770967,-1194.506971,-0.0001
442,3.3e-05,700.257883,-218.364926,-0.0001
443,3.3e-05,700.257883,-261.653842,-0.0001
444,-999.999987,1000.0,-209.844706,102.405492
445,-1000.0,1000.0,-122.008626,84.140827
446,0.918344,385.270427,-320.463726,-0.0001
447,0.918344,384.990474,-127.194506,-0.0001
448,0.527467,295.582151,-198.130283,-0.0001
449,0.49056,1000.0,-167.387459,-0.0001
450,0.0,315.933513,-97.862592,87.242408
451,0.0,1000.0,-177.944271,-11.148453
452,0.0,1000.0,-194.349892,-27.116812
453,2.043681,386.395765,-84.854073,-0.0001
454,0.0,1000.0,-180.645921,104.044187
455,0.0,0.0,-179.441403,96.485254
456,0.0,0.0,-179.368077,96.558684
457,0.0,0.0,-174.289655,87.100879
458,0.0,0.0,-174.216212,87.174193
459,-1000.0,1000.0,-172.622246,45.871065
460,-1000.0,1000.0,-174.13156,47.464585
461,-1000.0,1000.0,-173.811735,47.144767
463,-1000.0,1000.0,-171.446194,44.694524
464,-1000.0,1000.0,-172.974573,46.253524
465,-1000.0,1000.0,-172.538155,45.816748
466,-1000.0,1000.0,-174.091724,47.340549
467,-1000.0,1000.0,-171.474583,44.807132
468,-1000.0,1000.0,-173.072004,46.321811
469,-1000.0,1000.0,-180.063239,53.341229
470,-1000.0,1000.0,-181.426401,54.675721
471,-1000.0,1000.0,-180.737093,53.986172
472,-1000.0,1000.0,-182.062146,55.311469
473,-1000.0,1000.0,-179.158692,52.406546
475,-1000.0,1000.0,-179.571189,52.904139
476,-1000.0,1000.0,-180.941796,54.190616
477,0.0,1000.0,-178.592276,51.840656
478,-1000.0,1000.0,-179.865928,53.115742
479,0.0,0.0,-294.880833,-54.51692
480,0.0,0.0,-296.406629,-52.905308
481,0.0,0.0,-296.09321,-53.303781
484,0.0,0.0,-295.249847,-54.146675
485,0.0,0.0,-294.730344,-54.667139
486,0.0,0.0,-296.274884,-53.122111
487,0.0,0.0,-293.683528,-55.714672
488,0.0,0.0,-295.219812,-54.176924
489,0.0,0.0,-174.270715,44.222609
491,0.0,0.0,-175.544143,45.496303
492,0.0,0.0,-177.096691,47.049095
493,0.0,0.0,-173.094641,43.046043
494,0.0,0.0,-174.65267,44.605048
495,0.0,0.0,-174.216424,44.168095
496,0.0,0.0,-175.740205,45.69212
497,0.0,0.0,-173.206994,43.158685
498,0.0,0.0,-174.720466,44.673377
499,0.0,0.0,-181.741356,51.692791
500,0.0,0.0,-182.990278,53.027285
505,0.0,0.0,-181.303871,51.255469
506,0.0,0.0,-182.59031,52.542153
507,0.0,0.0,-180.24071,50.192197
508,0.0,0.0,-181.51446,51.467258
509,0.0,1000.0,-263.342821,-23.008533
511,0.0,1000.0,-264.584724,-21.79529
512,0.0,1000.0,-266.155998,-20.223039
513,0.0,1000.0,-262.164637,-24.216969
514,0.0,1000.0,-263.741365,-22.638166
515,0.0,1000.0,-263.13763,-23.158422
516,0.0,1000.0,-264.766389,-21.613626
517,0.0,1000.0,-262.175052,-24.206179
518,0.0,1000.0,-263.711326,-22.668441
519,0.0,1000.0,-188.119164,-8.321318
520,0.0,1000.0,-189.483102,-6.253706
521,-1000.0,1000.0,-170.024807,141.546825
522,-1000.0,1000.0,-172.635293,136.687309
523,-0.0,1000.0,-180.032757,136.635933
524,-1000.0,1000.0,-91.843716,68.322882
525,-1000.0,997.082448,-109.229417,105.891434
526,-1000.0,997.082448,-109.229707,105.891145
527,2.917552,23.794103,-inf,inf
528,0.0,0.0,-inf,inf
529,1.1e-05,233.419294,-75.809751,-0.0001
530,0.0,0.0,-176.897317,193.017876
531,2.917552,637.672919,-115.43187,-0.0001
532,0.0,999.50944,-228.780187,-27.223519
533,0.066705,451.170342,-497.169457,-165.357583
534,0.0,0.0,-261.308276,-0.0001
535,0.0,0.0,-304.921416,-15.99149
536,-1000.0,1000.0,-98.6649,104.446343
537,-0.0,1000.0,-103.668605,56.46553
538,-1000.0,1000.0,-150.944561,114.800885
539,3.619871,532.582676,-192.977701,-0.0001
540,-1000.0,1000.0,-317.599546,171.582011
541,-1000.0,1000.0,-317.628263,171.553294
542,-1000.0,1000.0,-103.636961,103.669344
543,-1000.0,1000.0,-103.62085,103.685454
544,-1000.0,1000.0,-103.627356,103.67895
545,-1000.0,1000.0,-inf,inf
546,-1000.0,1000.0,-104.642563,160.45198
547,-1000.0,1000.0,-80.01828,165.283492
548,0.0,0.0,-140.032052,126.189381
549,0.0,0.0,-161.449332,114.948985
550,-1000.0,1000.0,-315.800542,173.197042
551,-997.082448,1000.0,-330.765222,158.232362
552,0.066705,999.576145,-426.753999,-235.873688
553,0.0,317.377683,-207.37178,124.94298
554,-1000.0,1000.0,-278.758958,9.647223
556,0.0,116.709642,-295.835472,85.486351
557,-532.946682,-3.983876,0.0001,106.418422
558,0.0,0.0,-104.196237,106.419946
559,3.983876,32.490512,-inf,inf
560,0.0,0.0,-inf,inf
561,0.0,0.0,-117.479306,83.066178
562,0.0,0.0,-117.479364,83.066115
563,0.0,0.0,-130.024105,72.62556
564,0.0,0.0,-130.024123,72.625578
565,0.0,0.0,-130.02411,72.625564
566,0.0,0.0,-130.024112,72.625567
567,3.619871,29.521863,-inf,inf
568,0.0,0.0,-inf,inf
569,-1000.0,1000.0,-160.838717,108.942666
570,-1000.0,1000.0,-151.639628,124.749901
573,-1000.0,1000.0,-241.394403,43.727541
574,-1000.0,1000.0,-162.422885,148.803627
575,-1000.0,1000.0,-154.456029,151.363299
576,0.0,0.0,-157.76153,263.530615
577,-196.367954,211.22948,-102.096953,178.797899
578,-512.09176,196.367954,-53.149259,53.67523
579,-1000.0,1000.0,-178.228408,59.837675
580,-996.830968,1000.0,-176.619748,50.452276
581,-442.95886,1000.0,-275.690612,114.292784
582,-442.063261,1000.0,-179.428242,149.40469
583,0.0,0.0,-364.028953,243.240024
584,0.8956,7.304067,-inf,inf
585,0.0,0.0,-inf,inf
586,-1000.0,1000.0,-164.792865,172.522965
587,-1000.0,1000.0,-173.847516,158.771309
588,-999.997912,1000.0,-166.271731,173.693152
589,-1000.0,1000.0,-102.245963,59.106408
590,-1000.0,1000.0,-177.715366,66.124414
591,-1000.0,1000.0,-190.634842,79.044451
592,-1000.0,1000.0,-200.944471,89.353603
593,-1000.0,1000.0,-189.629704,78.039034
594,3.3e-05,700.257883,-252.405466,-0.0001
595,-1000.0,1000.0,-207.499985,102.286374
596,-1000.0,1000.0,-207.000999,103.377581
597,-1000.0,1000.0,-207.945077,102.840743
598,-1000.0,1000.0,-209.032955,103.929353
599,-1000.0,1000.0,-206.746207,101.53197
600,0.0,1000.0,-207.793218,102.58008
601,-1000.0,1000.0,-207.067704,101.963371
602,-1000.0,1000.0,-208.224377,103.011242
603,0.0,1000.0,-206.313775,101.099666
604,-1000.0,1000.0,-207.233563,102.128744
605,-417.029448,1000.0,-147.365416,23.531706
606,-417.029448,494.548929,-63.457169,55.687647
607,-997.864821,1000.0,-144.06085,184.980168
608,0.259457,2.116005,-225.600427,-0.0001
609,0.0,453.396691,-228.212967,57.162231
610,0.066705,999.576145,-204.224588,-0.0001
611,0.0,158.688842,-254.837374,-0.0001
612,0.0,0.0,-278.826274,-36.091161
613,-999.964065,1000.0,-15.262149,92.009445
614,-1000.0,1000.0,-204.210879,75.387582
615,0.0,0.0,-226.778887,3.586423
616,-999.933282,1000.0,-292.904876,78.285582
618,-1000.0,1000.0,-inf,inf
619,-999.964065,1000.0,-83.12188,91.838335
620,-1000.0,1000.0,-204.039841,75.216356
621,-1000.0,1000.0,-305.544362,258.76675
622,-1000.0,1000.0,-255.715709,99.592424
623,-1000.0,999.933295,-270.841077,119.134008
624,-999.999987,999.933295,-345.372815,149.638412
625,0.0,0.0,-199.449388,201.563789
626,-999.933282,1000.0,-97.795427,178.633874
627,-1000.0,1000.0,-97.795425,179.071134
628,-999.933282,1000.0,-94.135366,170.82376
629,-999.933295,1000.0,-102.067945,217.027978
630,-999.933295,1000.0,-84.36437,225.711943
631,0.0,1000.0,-106.116391,-19.589351
632,-1000.0,1000.0,-222.148086,14.027959
633,-1000.0,1000.0,-208.398912,0.287586
634,-1000.0,1000.0,-203.733707,4.952793
635,-1000.0,1000.0,-209.671048,1.550866
636,0.0,1000.0,-189.33019,-18.775979
637,-1000.0,1000.0,-123.34011,123.339548
638,-1000.0,1000.0,-109.144656,109.144407
639,-1000.0,1000.0,-126.70249,126.701684
640,-1000.0,1000.0,-135.922552,135.922014
641,-1000.0,1000.0,-132.752477,132.751704
642,-1000.0,1000.0,-135.215104,135.21502
643,-1000.0,1000.0,-103.981658,103.981641
644,-1000.0,1000.0,-109.293871,109.293843
645,-1000.0,1000.0,-125.741093,125.740073
646,-1000.0,1000.0,-223.416874,12.552104
647,0.0,1000.0,-210.185265,-0.679306
648,-1000.0,1000.0,-211.43212,0.567828
649,0.0,1000.0,-191.068598,-19.796239
650,-1000.0,1000.0,-217.470168,18.705862
651,-1000.0,1000.0,-122.110145,122.109863
652,0.0,0.0,-213.545848,40.697155
653,-999.1044,1000.0,-154.097166,63.459506
654,-1000.0,1000.0,-255.943995,80.742464
655,-997.864821,998.821196,-185.201834,26.711158
656,0.0,635.935137,-212.261997,198.620008
657,-997.864821,1000.0,-109.399336,109.57333
658,-1000.0,997.864821,-103.59941,108.583007
659,-516.725817,-1.178804,0.0001,116.318342
660,1.178804,516.725817,-95.761351,-0.0001
661,-1000.0,1000.0,-145.847336,147.393941
664,0.002088,0.015936,-188.491624,-0.0001
665,0.002088,352.643958,-261.514771,-0.0001
666,-0.0,1000.0,-228.012411,12.164724
667,-1000.0,1000.0,-228.205721,12.358095
668,-1000.0,1000.0,-228.865836,13.01821
669,-1000.0,1000.0,-228.490768,12.643264
670,-1000.0,1000.0,-229.32827,13.480766
671,-1000.0,1000.0,-227.902397,12.074214
672,-1000.0,1000.0,-110.308666,102.60516
673,1.83297,14.948794,-inf,inf
674,0.0,0.0,-inf,inf
676,1.125351,296.180035,-241.066814,-0.0001
677,0.259457,2.116005,-61.89004,-0.0001
678,1.310465,1000.0,-574.38551,-0.0001
679,-1000.0,1000.0,-142.443664,111.251133
680,-1000.0,0.0,-133.496293,210.374651
681,-1000.0,1000.0,-164.920013,51.353046
682,-1000.0,1000.0,-46.535646,60.423511
683,-528.962806,1000.0,-172.020947,137.175111
684,0.0,0.0,-67.077866,54.744471
685,0.0,1000.0,-149.196507,127.419657
686,-1000.0,1000.0,-121.907286,83.033628
687,-1000.0,1000.0,-49.424181,58.433374
688,-512.09176,196.367954,-60.423512,46.535647
689,-999.999987,1000.0,-87.638992,149.336359
690,3.3e-05,700.257883,-117.702448,-0.0001
691,0.002088,0.015923,-268.754679,-0.0001
692,0.002088,0.015649,-128.095658,-0.0001
693,-1000.0,1000.0,-60.574796,46.687276
694,1.125338,296.180022,-283.506355,-0.0001
695,0.918344,385.270427,-154.181518,-0.0001
696,0.918344,385.270427,-265.678862,-0.0001
697,1.125338,296.180022,-131.698641,-0.0001
698,2.043681,386.395765,-172.125665,-0.0001
699,0.49056,1000.0,-92.646872,-0.0001
700,1.125351,296.180035,-239.674981,-0.0001
701,1.125351,296.180035,-212.293641,-0.0001
702,-1000.0,1000.0,-157.622363,58.893948
703,-1000.0,1000.0,-127.011274,29.811967
704,-1000.0,1000.0,-112.44611,92.493142
705,-1000.0,1000.0,-77.006581,123.833225
706,-1000.0,1000.0,-78.64207,125.470423
707,0.0,0.0,-157.425227,121.009659
709,0.0,0.0,-405.283392,104.064862
710,4.4e-05,259.083867,-180.329251,-0.0001
711,-0.0,1000.0,-474.33575,172.576346
712,-583.908238,1000.0,-556.894896,255.203537
713,1.83297,398.555075,-269.744462,-39.894262
714,1.351966,997.675773,-324.618985,-0.0001
715,-999.99989,998.023892,-148.819674,215.713895
716,1.976108,16.116154,-inf,inf
717,5e-06,32.385483,-1638.812355,-367.120369
718,-1000.0,999.933282,-191.276316,82.735711
719,-1000.0,1000.0,-125.571482,144.812885
720,0.0,0.0,-125.956627,144.427734
722,-1000.0,0.0,46.824379,691.714451
723,-1000.0,0.0,-477.064262,145.166476
724,-1000.0,1000.0,-274.819764,35.227159
725,-1000.0,1000.0,-272.013039,32.49064
726,-998.023892,1000.0,-114.189414,161.2741
727,0.0,1000.0,-201.797456,83.2803
728,-1000.0,1000.0,-94.311889,76.790578
729,-1000.0,1000.0,-107.326004,62.110837
730,-1000.0,1000.0,-226.315135,143.236776
731,-1000.0,1000.0,-72.961446,122.555478
732,0.0,0.0,-606.710777,-41.96825
733,-1000.0,1000.0,-inf,inf
734,-999.99989,1000.0,-243.19305,130.78799
735,-1000.0,1000.0,-259.604919,114.376125
736,0.021979,335.727011,-292.597957,-0.0001
737,0.010989,167.863505,-265.461185,-0.0001
738,-1000.0,1000.0,-163.888926,51.237404
739,-999.96194,1000.0,-459.722818,437.36201
740,-999.973626,1000.0,-460.775913,438.852065
741,-999.973626,1000.0,-461.77948,439.859238
742,-999.960439,1000.0,-460.685637,438.766107
743,-999.960439,1000.0,-459.71006,437.786762
744,-1000.0,1000.0,-459.710071,437.786751
745,-1000.0,1000.0,-460.734253,438.810649
746,-999.934064,1000.0,-460.734264,438.810637
747,-1000.0,1000.0,-461.78008,439.856254
748,-1000.0,1000.0,-461.780091,439.856242
749,-207.8472,1000.0,-58.567335,48.868699
750,-999.933282,1000.0,-195.066493,80.810767
751,-1000.0,874.491888,-54.113888,54.113888
752,0.0,0.0,-359.389095,189.749769
753,0.0,109.118383,-347.990213,162.906771
754,0.0,0.0,-214.860811,-14.633904
755,3.619871,532.582676,-210.00645,-0.0001
756,3.619871,532.582676,-120.705894,-0.0001
757,-1000.0,1000.0,-89.482224,67.735427
758,-1000.0,1000.0,-147.844736,125.991775
759,-90.001891,90.001891,-197.22759,211.408681
760,3.05201,24.890673,-inf,inf
761,3.676193,1000.0,-109.456095,-0.0001
762,3.676193,1000.0,-166.366174,-0.0001
763,0.0,0.0,-447.876308,182.489954
764,0.0,0.0,-39.677918,613.985992
765,-1000.0,1000.0,-280.678075,92.309181
766,0.0,400.303586,-411.127013,264.47846
767,-400.303586,1000.0,-476.365478,329.649276
768,0.0,0.0,-166.247041,112.517494
769,-1000.0,1000.0,-135.960733,38.243308
770,-1000.0,1000.0,-137.599246,39.893138
771,-1000.0,1000.0,-172.759698,59.61227
772,-1000.0,1000.0,-174.337797,61.179052
773,0.0,0.0,-55.995359,55.891223
774,0.0,0.0,-55.97123,55.915351
775,0.0,0.0,-562.120326,-49.751037
776,0.0,116.709642,-562.855266,-49.015891
777,0.41027,116.709642,-418.40206,-0.0001
778,-1000.0,1000.0,-280.811117,264.919216
779,-1000.0,1000.0,-184.769923,181.886183
780,-1000.0,1000.0,-255.284404,15.851217
781,-264.481403,0.0,-140.282933,17.051387
782,-998.689535,1000.0,-22.009823,100.511278
783,-0.0,998.689535,-121.846145,10.972729
784,1.310465,1000.0,-251.799297,-0.0001
785,0.0,0.0,-inf,inf
786,0.0,0.0,-754.061609,-210.820478
787,-1000.0,1000.0,-177.360872,60.858348
789,-171.849005,0.0,-inf,inf
791,-999.999987,1000.0,-inf,inf
792,0.0,0.0,-266.497436,267.339228
793,-999.999987,1000.0,-231.851278,293.231091
794,-999.524425,1000.0,-647.409618,204.772598
795,-1000.0,1000.0,-454.074032,428.471158
796,0.0,1000.0,-461.492347,428.398908
797,-1000.0,1000.0,-103.668606,56.46553
798,-1000.0,1000.0,-191.209719,84.223061
799,2.584386,21.076969,-inf,inf
800,0.0,0.0,-inf,inf
801,0.039561,315.973074,-200.861946,-0.0001
802,0.0,0.0,-201.040907,176.866386
803,0.0,0.0,-284.759987,146.718583
804,-1000.0,1000.0,-103.032969,98.856387
805,-673.355357,665.399415,-94.51099,106.903044
806,-1000.0,329.615286,-108.870254,92.752643
807,-998.499411,1000.0,-129.298053,30.494893
808,-1000.0,1000.0,-47.698883,58.170947
809,0.49056,1000.0,-104.333433,-0.0001
810,-1000.0,1000.0,-72.54367,100.289647
811,0.423855,3.456752,-inf,inf
812,0.0,0.0,-inf,inf
814,-1000.0,1000.0,-103.959324,111.641935
815,1.351966,11.025958,-inf,inf
816,0.0,0.0,-inf,inf
817,0.0,0.0,-285.130139,175.20084
818,0.259457,2.116005,-93.391762,-0.0001
819,0.0,528.962806,-76.867643,76.867643
820,-1000.0,1000.0,-122.672362,89.508427
821,-999.458489,1000.0,-123.083043,120.329516
822,-1000.0,1000.0,-123.083102,120.329453
823,-1000.0,1000.0,-129.573309,114.272543
824,-1000.0,1000.0,-225.703444,83.615956
825,-1000.0,1000.0,-553.439307,391.982419
826,-1000.0,1000.0,-183.485665,70.835279
827,-1000.0,1000.0,-204.130926,91.480624
828,-1000.0,1000.0,-126.708817,79.206935
829,-1000.0,1000.0,-126.708811,123.952504
830,1.1e-05,64.770967,-428.440529,-0.0001
831,0.0,0.0,-479.564431,410.389577
832,1.1e-05,64.770967,-374.542313,-0.0001
833,-0.0,1000.0,-89.508527,157.358459
834,-1000.0,1000.0,-inf,inf
835,-1000.0,1000.0,-inf,inf
836,-996.016124,996.542717,-108.351356,106.05439
837,-1000.0,992.558841,-108.351889,106.053854
838,3.457283,28.195879,-inf,inf
840,-1000.0,999.472533,-121.878749,87.969123
841,-634.755367,0.0,-161.484781,114.984439
842,-634.755367,0.0,-114.965057,147.884449
843,-634.755338,0.0,-160.798329,55.417769
844,0.0,0.0,-67.550539,136.964449
846,0.0,789.275977,-inf,inf
848,3.619871,532.582676,-inf,inf
849,0.0,0.0,-inf,inf
850,-793.444209,0.0,-inf,inf
851,-634.755367,0.0,-inf,inf
852,-120.294303,0.0,-inf,inf
853,0.0,0.0,-inf,inf
854,0.0,1000.0,-inf,inf
855,0.0,793.444209,-inf,inf
856,-252.020656,0.0,-inf,inf
857,-222.368176,0.0,-inf,inf
858,-1000.0,1000.0,-inf,inf
859,0.0,0.0,-inf,inf
860,-1000.0,1000.0,-inf,inf
861,-343.767457,0.0,-inf,inf
862,-329.01574,0.0,-inf,inf
863,-1000.0,1000.0,-inf,inf
864,-1000.0,1000.0,-inf,inf
865,-1000.0,1000.0,-inf,inf
866,0.0,0.0,-inf,inf
867,-1000.0,1000.0,-inf,inf
869,-1000.0,1000.0,-inf,inf
870,134.50583,1000.0,-inf,inf
871,0.0,1000.0,-inf,inf
872,-1000.0,1000.0,-inf,inf
873,-1000.0,1000.0,-inf,inf
874,-1000.0,996.323807,-inf,inf
875,-1000.0,1000.0,-121.68299,121.759964
876,-1000.0,1000.0,-inf,inf
878,-1000.0,1000.0,-inf,inf
879,-313.811226,0.0,-inf,inf
880,-407.922804,0.0,-inf,inf
881,-528.962806,0.0,-inf,inf
882,-528.962806,0.0,-inf,inf
883,-1000.0,0.0,-inf,inf
884,-1000.0,1000.0,-inf,inf
885,-1000.0,1000.0,-inf,inf
886,-528.962806,0.0,-inf,inf
887,-103.006469,0.0,-inf,inf
888,-136.467017,0.0,-inf,inf
889,0.0,0.0,-inf,inf
890,-1000.0,0.0,-inf,inf
891,-999.99989,1000.0,-inf,inf
892,-103.006469,0.0,-inf,inf
893,0.0,0.0,-inf,inf
894,0.0,0.0,-inf,inf
895,-1000.0,1000.0,-inf,inf
896,-527.962806,1.0,-inf,inf
897,-300.46092,0.0,-inf,inf
898,-1000.0,1000.0,-inf,inf
899,-352.64187,0.0,-inf,inf
901,-1000.0,1000.0,-inf,inf
902,-1000.0,1000.0,-inf,inf
903,-1000.0,0.0,-inf,inf
904,-1000.0,1000.0,-inf,inf
905,-999.997802,1000.0,-inf,inf
906,-252.020656,0.0,-inf,inf
907,-528.962806,0.0,-inf,inf
908,0.000345,64.771301,-inf,inf
909,1.1e-05,64.770967,-inf,inf
910,0.0,453.396691,-inf,inf
911,0.0,528.962806,-inf,inf
912,0.0,0.0,-inf,inf
913,-1000.0,0.0,-inf,inf
914,-340.698714,0.0,-inf,inf
915,1000.0,1000.0,-inf,inf
916,70.871387,1000.0,-inf,inf
917,-1000.0,1000.0,-inf,inf
918,-1000.0,1000.0,-inf,inf
919,-453.396691,0.0,-inf,inf
920,-1000.0,1000.0,-inf,inf
922,-983.850086,0.0,-inf,inf
923,0.0,0.0,-inf,inf
924,-1000.0,1000.0,-inf,inf
925,-453.396691,0.0,-inf,inf
926,-634.755367,0.0,-inf,inf
927,-1000.0,1000.0,-inf,inf
928,-1000.0,1000.0,-inf,inf
929,-583.544747,0.0,-inf,inf
930,-1000.0,1000.0,-inf,inf
931,-384.352083,0.0,-inf,inf
932,-1000.0,1000.0,-inf,inf
933,-1000.0,1000.0,-inf,inf
934,-1000.0,1000.0,-inf,inf
935,-528.962806,0.0,-inf,inf
937,-1000.0,0.0,-inf,inf
938,-1000.0,1000.0,-inf,inf
939,-1000.0,1000.0,-inf,inf
940,-1000.0,1000.0,-inf,inf
941,-528.962806,0.0,-inf,inf
942,-1000.0,1000.0,-inf,inf
943,-528.962806,0.0,-inf,inf
944,-619.111643,0.0,-inf,inf
945,-352.64187,0.0,-inf,inf
946,-634.755367,0.0,-inf,inf
947,-1000.0,0.0,-inf,inf
948,-793.444209,0.0,-inf,inf
949,-267.271092,0.0,-inf,inf
951,-1000.0,1000.0,-inf,inf
953,-352.64187,0.0,-inf,inf
954,-634.755367,0.0,-inf,inf
955,-104.244404,0.0,-inf,inf
956,-1000.0,1000.0,-inf,inf
957,-264.481403,0.0,-inf,inf
958,0.0,158.688842,-inf,inf
959,-999.997802,1000.0,-inf,inf
960,0.0,0.0,-inf,inf
961,-1000.0,1000.0,-inf,inf
962,0.0,0.0,-inf,inf
963,-451.103637,0.0,-inf,inf
964,-1000.0,1000.0,-inf,inf
965,-997.864821,1000.0,-inf,inf
966,-583.908238,0.0,-inf,inf
967,-1000.0,1000.0,-inf,inf
968,-352.64187,0.0,-inf,inf
969,0.0,0.0,-inf,inf
970,0.0,317.377683,-inf,inf
971,-1000.0,1000.0,-inf,inf
972,-1000.0,1000.0,-inf,inf
973,0.039891,0.325226,-inf,inf
974,-1000.0,1000.0,-inf,inf
975,-1000.0,1000.0,-inf,inf
976,0.0,0.0,-inf,inf
977,-396.722104,0.0,-inf,inf
978,-1000.0,0.0,-inf,inf
979,-167.852516,0.0,-inf,inf
980,0.0,0.0,-inf,inf
981,0.0,0.0,-inf,inf
982,-1000.0,999.956372,-inf,inf
983,-1000.0,1000.0,-inf,inf
984,-1000.0,1000.0,-inf,inf
985,0.0,0.0,-inf,inf
986,-291.954119,0.0,-inf,inf
987,0.0,0.0,-inf,inf
988,-999.999912,1000.0,-inf,inf
989,-1000.0,1000.0,-inf,inf
990,1000.0,1000.0,-inf,inf
991,0.0,998.46975,-inf,inf
993,0.0,0.0,-inf,inf
994,-189.938373,0.0,-inf,inf
995,0.0,0.0,-inf,inf
996,-515.547014,0.0,-inf,inf
997,-740.522317,0.0,-inf,inf
998,-340.108149,0.0,-inf,inf
999,-1000.0,1000.0,-inf,inf
1000,-999.99989,1000.0,-inf,inf
1001,-1000.0,1000.0,-inf,inf
1002,-106.295832,0.0,-inf,inf
1003,-1000.0,1000.0,-inf,inf
1004,-1000.0,1000.0,-inf,inf
1005,-1000.0,1000.0,-inf,inf
1006,-0.0,1000.0,-inf,inf
1007,-1000.0,1000.0,-inf,inf
1008,-1000.0,1000.0,-inf,inf
1010,-1000.0,1000.0,-inf,inf
1011,-1000.0,1000.0,-inf,inf
1013,-1000.0,1000.0,-inf,inf
1014,-1000.0,1000.0,-inf,inf
1015,-1000.0,1000.0,-inf,inf
1016,-1000.0,1000.0,-inf,inf
1017,-1000.0,1000.0,-inf,inf
1018,-1000.0,1000.0,-inf,inf
1019,-1000.0,1000.0,-inf,inf
1020,-1000.0,1000.0,-inf,inf
1021,-1000.0,1000.0,-inf,inf
1022,-1000.0,1000.0,-inf,inf
1023,-1000.0,1000.0,-inf,inf
1024,-1000.0,1000.0,-inf,inf
1025,-1000.0,1000.0,-inf,inf
1026,-1000.0,1000.0,-inf,inf
1027,-1000.0,1000.0,-inf,inf
1028,-1000.0,1000.0,-inf,inf
1029,-1000.0,1000.0,-inf,inf
1031,-1000.0,1000.0,-inf,inf
1032,-1000.0,1000.0,-inf,inf
1045,0.0,1000.0,-inf,inf
1046,0.0,1000.0,-inf,inf
1051,-1000.0,996.323807,-inf,inf
1052,-352.643958,-0.002088,-inf,inf
1054,0.0,453.396691,-inf,inf
1055,-1000.0,992.558841,-inf,inf
1056,0.0,619.111643,-inf,inf
1059,0.0,634.755367,-inf,inf
1060,-1000.0,1000.0,-inf,inf
1064,-1000.0,1000.0,-inf,inf
1065,-997.082448,1000.0,-inf,inf
1067,0.0,0.0,-inf,inf
1068,-1000.0,1000.0,-inf,inf
1070,-396.722104,0.0,-inf,inf
1071,-1000.0,1000.0,-inf,inf
1072,0.0,0.0,-inf,inf
1073,-1000.0,997.082448,-inf,inf
1074,-528.962806,0.0,-inf,inf
1076,0.0,634.755367,-inf,inf
1077,-1000.0,1000.0,-inf,inf
1078,0.0,0.0,-inf,inf
1079,1.3e-05,189.938387,-inf,inf
1081,0.0,424.343791,-inf,inf
1082,0.000697,120.295,-inf,inf
1083,-1000.0,1000.0,-inf,inf
1084,-0.0,1000.0,-inf,inf
1085,-1000.0,1000.0,-inf,inf
1086,-1000.0,1000.0,-inf,inf
1087,0.0,0.0,-inf,inf
1088,-1000.0,1000.0,-127.6843,29.465396
1089,0.0,240.588606,-134.351661,36.128526
1090,-1000.0,1000.0,-152.162417,53.943392
1091,0.0,222.368176,-162.095207,63.87682
1092,0.0,1000.0,-158.57871,60.360053
1093,-999.973626,1000.0,-151.178398,52.959628
1094,-1000.0,1000.0,-161.438298,63.22412
1095,0.0,240.588606,-130.429923,32.216513
1097,-634.755455,-8.8e-05,-inf,inf
1098,-1000.0,1000.0,-245.281067,118.571824
1099,-996.830968,1000.0,-294.240504,57.850533
1102,0.0,0.0,-inf,inf
1106,-1000.0,1000.0,-inf,inf
1107,-1000.0,0.0,-inf,inf
1109,0.0,0.0,-inf,inf
1110,0.0,0.0,-inf,inf
1111,-1000.0,1000.0,-inf,inf
1113,0.0,0.0,-inf,inf
1115,-1000.0,0.0,-inf,inf
1117,-999.894503,1000.0,-inf,inf
1118,-1000.0,1000.0,-inf,inf
1119,-1000.0,1000.0,-inf,inf
1124,-1000.0,1000.0,-inf,inf
1126,-1000.0,1000.0,-inf,inf
1127,0.0,0.0,-inf,inf
1128,0.0,0.0,-inf,inf
1129,-1000.0,1000.0,-inf,inf
1130,-1000.0,1000.0,-inf,inf
1131,-1000.0,1000.0,-inf,inf
1133,0.0,0.0,-136.239241,-11.242505
1134,-1000.0,1000.0,-119.655039,5.341697
1135,-1000.0,1000.0,-119.655039,5.341697
1136,0.0,0.0,-118.608017,6.388719
1137,-1000.0,1000.0,-inf,inf
1140,-1000.0,1000.0,-inf,inf
1141,-1000.0,1000.0,-inf,inf
1142,-1000.0,1000.0,-inf,inf
1144,938.14413,1000.0,-inf,inf
1145,-1000.0,1000.0,-inf,inf
1146,-1000.0,1000.0,-inf,inf
1147,-1000.0,1000.0,-inf,inf
1148,-1000.0,1000.0,-inf,inf
1149,0.0,109.93558,-668.812434,-110.809237
1151,-0.0,1000.0,-inf,inf
1153,-528.962806,0.0,-inf,inf
1155,-1000.0,1000.0,-inf,inf
1156,-1000.0,1000.0,-inf,inf
1157,-1000.0,1000.0,-157.736877,43.34144
1158,-90.001891,90.001891,-inf,inf
1159,-1000.0,1000.0,-inf,inf
1160,-1000.0,1000.0,-inf,inf
1161,-1000.0,1000.0,-inf,inf
1162,0.0,1000.0,-inf,inf
1163,-1000.0,1000.0,-inf,inf
1165,-1000.0,1000.0,-inf,inf
1167,-1000.0,1000.0,-124.328333,121.583661
1168,-1000.0,1000.0,-127.680903,124.93194
1172,-996.323807,1000.0,-inf,inf
1177,-528.962806,0.0,-inf,inf
1181,-528.962806,0.0,-inf,inf
1183,-634.755367,0.0,-inf,inf
1184,-1000.0,1000.0,-inf,inf
1185,-1000.0,1000.0,-inf,inf
1186,-0.0,1000.0,-292.633098,207.603164
1188,-1000.0,1000.0,-292.614094,208.021439
1189,-1000.0,1000.0,-292.936946,208.344326
1190,-1000.0,1000.0,-inf,inf
1192,-222.368176,0.0,-inf,inf
1193,-240.628168,999.960439,-110.220686,107.468464
1195,-313.811226,0.0,-inf,inf
1196,-222.368176,0.0,-inf,inf
1198,-999.960439,1000.0,-187.119919,74.473836
1199,-340.108149,0.0,-inf,inf
1200,-999.997912,1000.0,-184.878926,97.736626
1201,-1000.0,1000.0,-inf,inf
1202,0.000697,120.295,-inf,inf
1203,-583.908238,1000.0,-460.514563,312.031757
1204,0.0,0.0,-inf,inf
1205,0.0,120.295,-244.00764,14.746118
1206,-120.295,-0.000697,-inf,inf
1207,1000.0,1000.0,-inf,inf
1208,-1000.0,1000.0,-inf,inf
1209,-62.9191,-7.714926,-inf,inf
1211,-257.773507,0.0,-inf,inf
1212,-1000.0,1000.0,-inf,inf
1213,-1000.0,1000.0,-inf,inf
1215,0.41027,109.301676,-inf,inf
1217,-1000.0,1000.0,-inf,inf
1218,-1000.0,1000.0,-inf,inf
1220,0.0,1000.0,-inf,inf
1221,-1000.0,1000.0,-inf,inf
1224,1.1e-05,64.770967,-inf,inf
1225,-298.350708,0.0,-inf,inf
1228,-1000.0,1000.0,-inf,inf
1229,-1000.0,1000.0,-inf,inf
1230,-373.202185,0.0,-inf,inf
1231,-226.698345,0.0,-inf,inf
1233,0.00011,1000.0,-133.194196,241.625768
1237,-1000.0,1000.0,-inf,inf
1238,-1000.0,0.0,-inf,inf
1239,-793.444209,0.0,-inf,inf
1240,-1000.0,1000.0,-164.656522,52.088658
1243,-1000.0,1000.0,-inf,inf
1244,-1000.0,1000.0,-inf,inf
1245,-1000.0,1000.0,-inf,inf
1246,-1000.0,1000.0,-inf,inf
1250,-1000.0,1000.0,-inf,inf
1252,-1000.0,1000.0,-inf,inf
1253,-120.295,-0.000697,-inf,inf
1254,-189.939083,-0.00071,-inf,inf
1258,-1000.0,1000.0,-inf,inf
1260,0.0,0.0,-inf,inf
1262,-0.0,1000.0,-197.296685,84.64601
1263,0.0,0.0,-inf,inf
1264,-222.368176,0.0,-inf,inf
1265,-1000.0,1000.0,-inf,inf
1267,-1000.0,1000.0,-inf,inf
1268,-1000.0,1000.0,-inf,inf
1269,-1000.0,1000.0,-inf,inf
1270,-1000.0,1000.0,-inf,inf
1271,-1000.0,1000.0,-inf,inf
1273,-1000.0,1000.0,-inf,inf
1275,-198.185777,0.0,-inf,inf
1276,-198.329662,0.0,-inf,inf
1277,0.0,0.0,-inf,inf
1278,3.619871,532.582676,-240.609197,-0.0001
1279,-1000.0,1000.0,-inf,inf
1282,-75.835863,0.0,-inf,inf
1284,-1000.0,1000.0,-inf,inf
1285,0.0,300.46092,-inf,inf
1286,-1000.0,0.0,-inf,inf
1288,-240.588606,0.0,-inf,inf
1289,-1000.0,0.0,-inf,inf
1290,-1000.0,1000.0,-165.563805,52.912978
1291,0.0,1000.0,-inf,inf
1292,0.0,1000.0,-inf,inf
1293,1000.0,1000.0,-inf,inf
1294,0.0,1000.0,-inf,inf
1295,0.0,1000.0,-inf,inf
1296,0.0,1000.0,-inf,inf
1297,0.0,1000.0,-inf,inf
1298,0.0,1000.0,-inf,inf
1299,0.0,1000.0,-inf,inf
1300,0.0,1000.0,-inf,inf
1303,0.0,619.111643,-inf,inf
1304,-1000.0,1000.0,-inf,inf
1308,0.0,773.889554,-inf,inf
1309,-1000.0,1000.0,-inf,inf
1311,0.0,0.0,-31.204765,112.795693
1312,-1000.0,1000.0,-152.84499,131.60348
1314,-1000.0,1000.0,-inf,inf
1316,-634.755367,0.0,-inf,inf
1317,-634.755367,0.0,-inf,inf
1322,-1000.0,1000.0,-inf,inf
1324,-1000.0,1000.0,-inf,inf
1325,-1000.0,1000.0,-inf,inf
1327,-998.023892,1000.0,-88.554147,50.486433
1329,-1000.0,1000.0,-inf,inf
1331,-1000.0,1000.0,-inf,inf
1333,-793.444209,0.0,-inf,inf
1336,-997.082448,1000.0,-inf,inf
1343,-1000.0,998.023892,-inf,inf
1345,-90.001891,90.001891,-inf,inf
1346,0.0,0.0,-inf,inf
1348,0.0,0.0,-inf,inf
1355,0.0,0.0,-inf,inf
1356,-1000.0,1000.0,-inf,inf
1357,-1000.0,1000.0,-inf,inf
1358,-1000.0,1000.0,-inf,inf
1359,-1000.0,1000.0,-inf,inf
1360,-1000.0,1000.0,-inf,inf
1361,-1000.0,1000.0,-inf,inf
1362,-1000.0,1000.0,-inf,inf
1363,-1000.0,1000.0,-inf,inf
1364,-1000.0,1000.0,-inf,inf
1366,-1000.0,1000.0,-inf,inf
1368,-62.9191,-7.714926,-inf,inf
1369,0.0,0.0,-inf,inf
1370,0.0,1000.0,-180.094256,-13.799401
1371,-1000.0,1000.0,-inf,inf
1372,-1000.0,1000.0,-inf,inf
1373,-1000.0,1000.0,-inf,inf
1374,-1000.0,1000.0,-inf,inf
1375,-1000.0,1000.0,-inf,inf
1376,-1000.0,1000.0,-inf,inf
1377,-1000.0,1000.0,-inf,inf
1378,-1000.0,1000.0,-inf,inf
1379,-1000.0,1000.0,-inf,inf
1380,-1000.0,1000.0,-inf,inf
1383,-1000.0,132.031077,-inf,inf
1384,-132.031077,1000.0,-inf,inf
1385,-999.585149,1000.0,-inf,inf
1386,0.0,0.0,-inf,inf
1389,-1000.0,1000.0,-inf,inf
1390,0.0,0.0,-inf,inf
1391,-267.271092,0.0,-inf,inf
1392,-999.973626,1000.0,-222.814012,14.698293
1393,-1000.0,1000.0,-224.128288,13.263972
1394,-1000.0,1000.0,-inf,inf
1395,0.0,1000.0,-inf,inf
1396,-249.999973,411.927417,-inf,inf
1398,-1000.0,1000.0,-inf,inf
1399,-175.689561,0.0,-inf,inf
1402,0.0,793.444209,-inf,inf
1404,-41.116344,0.0,-inf,inf
1405,13.010979,1000.0,-inf,inf
1409,-90.001891,90.001891,-inf,inf
1410,-999.997912,1000.0,-inf,inf
1411,-999.997912,1000.0,-86.02927,193.933883
1412,-200.490505,0.0,-inf,inf
1416,0.0,396.722104,-inf,inf
1417,-1000.0,1000.0,-inf,inf
1418,0.0,0.0,-inf,inf
1420,-1000.0,1000.0,-inf,inf
1422,1.1e-05,64.770967,-inf,inf
1423,0.0,0.0,-inf,inf
1425,-1000.0,1000.0,-209.985018,102.418928
1426,-1000.0,1000.0,-264.41532,156.041963
1427,0.0,1000.0,-232.991847,130.50035
1429,-1000.0,1000.0,-214.371261,106.875377
1430,0.010989,167.863505,-152.698985,-0.0001
1431,-1000.0,1000.0,-123.304147,119.983558
1432,-1000.0,1000.0,-inf,inf
1434,-1000.0,1000.0,-inf,inf
1435,-999.933295,1000.0,-inf,inf
1436,-1000.0,1000.0,-inf,inf
1438,-1000.0,1000.0,-inf,inf
1439,-167.852516,0.0,-inf,inf
1440,-634.755367,0.0,-inf,inf
1441,0.0,0.0,-inf,inf
1444,-999.998912,1000.0,-inf,inf
1447,-1000.0,583.908238,-390.664028,242.113177
1450,0.0,116.709642,-inf,inf
1451,0.0,116.709642,-inf,inf
1454,-793.444209,0.0,-inf,inf
1459,-1000.0,1000.0,-inf,inf
1460,-1000.0,1000.0,-inf,inf
1461,0.0,999.999987,-inf,inf
1465,-999.999987,1000.0,-222.793114,264.731953
1466,-997.082448,1000.0,-inf,inf
1468,-315.933513,1000.0,-194.452096,81.805899
1469,-315.933513,0.0,-inf,inf
1470,0.0,264.481403,-inf,inf
1471,-1000.0,1000.0,-inf,inf
1472,0.0,0.0,-inf,inf
1474,0.0,315.933513,-inf,inf
1475,-1000.0,1000.0,-inf,inf
1476,0.0,0.0,-inf,inf
1477,-1000.0,1000.0,-inf,inf
1478,-1000.0,1000.0,-inf,inf
1482,-1000.0,992.558841,-inf,inf
1484,-1000.0,1000.0,-inf,inf
1485,-1000.0,1000.0,-inf,inf
1486,-1000.0,1000.0,-inf,inf
1488,-1000.0,1000.0,-inf,inf
1490,-295.054684,0.0,-inf,inf
1492,-240.588606,0.0,-inf,inf
1494,-634.755367,0.0,-inf,inf
1496,-1000.0,1000.0,-inf,inf
1497,10.989297,89.62324,-inf,inf
1500,0.0,0.0,-110.479098,191.898521
1501,0.066705,451.170342,-246.295623,-74.188054
1502,-1000.0,1000.0,-116.161886,160.800513
1503,-1000.0,1000.0,-282.466044,5.97966
1505,-998.16703,1000.0,-110.415876,107.305211
1506,-1000.0,1000.0,-100.794024,114.267549
1507,-1000.0,1000.0,-inf,inf
1508,-1000.0,1000.0,-130.046915,28.033467
1509,0.0,1000.0,-inf,inf
1510,-1000.0,1000.0,-172.573411,144.095241
1511,-1000.0,1000.0,-inf,inf
1513,-107.784648,0.0,-inf,inf
1515,-137.899839,0.0,-inf,inf
1517,-998.202185,1000.0,-1464.905718,1463.569943
1518,0.0,0.0,-278.392094,244.656087
1519,0.0,0.0,-280.152625,243.746588
1520,0.0,0.0,-280.158476,243.752469
1521,0.0,0.0,-177.210992,243.863409
1522,0.0,0.0,-178.929242,242.368061
1524,0.0,0.0,-inf,inf
1525,0.0,0.0,-141.850807,161.430202
1526,0.0,0.0,-inf,inf
1527,0.0,0.0,-inf,inf
1528,0.0,0.0,-210.438837,208.586209
1529,0.0,0.0,-210.015482,208.924024
1530,-1000.0,1000.0,-163.639372,202.504204
1531,-1000.0,1000.0,-163.817624,202.68209
1532,-1000.0,1000.0,-164.060026,202.924981
1533,-1000.0,1000.0,-164.366544,203.231376
1534,-1000.0,1000.0,-164.735798,203.60063
1535,-1000.0,1000.0,-165.166703,204.031459
1536,-1000.0,1000.0,-165.657902,204.522734
1537,-1000.0,1000.0,-137.00559,180.903513
1538,-1000.0,1000.0,-137.186746,181.084913
1539,-89.575616,1000.0,-137.43429,181.331969
1540,-1000.0,1000.0,-137.746719,181.644459
1541,-1000.0,1000.0,-138.123237,182.021038
1543,-1000.0,1000.0,-139.063748,182.961518
1544,-1000.0,1000.0,-81.71808,102.670797
1545,-1000.0,1000.0,-81.987188,102.939906
1546,-1000.0,1000.0,-82.345509,103.298288
1547,-1000.0,1000.0,-inf,inf
1548,-1000.0,1000.0,-inf,inf
1549,-1000.0,1000.0,-83.931162,104.883963
1551,-1000.0,1000.0,-169.407642,147.803676
1552,0.0,1000.0,-169.639253,148.035288
1553,-1000.0,1000.0,-169.936824,148.33292
1554,-1000.0,1000.0,-inf,inf
1555,-1000.0,1000.0,-inf,inf
1556,-1000.0,1000.0,-171.214123,149.610151
1557,-1000.0,1000.0,-171.763471,150.159505
1558,0.0,999.66127,-488.059156,-124.301262
1559,0.33873,176.659665,-488.296055,-124.064423
1560,-373.202185,0.0,-inf,inf
1561,0.0,0.0,-inf,inf
1562,-264.481403,0.0,-inf,inf
1566,-793.444209,0.0,-inf,inf
1567,0.0,0.0,-inf,inf
1568,-176.320935,0.0,-inf,inf
1571,-1000.0,1000.0,-191.715792,175.285793
1572,-1000.0,1000.0,-192.088007,175.658008
1573,-1000.0,1000.0,-194.489427,178.05803
1574,-1000.0,1000.0,-192.547164,176.117165
1575,-1000.0,1000.0,-194.714953,178.283862
1576,-1000.0,1000.0,-191.390859,175.044789
1577,-1000.0,1000.0,-191.67391,175.327718
1578,-1000.0,1000.0,-192.046072,175.700003
1579,-1000.0,1000.0,-194.446833,178.100642
1580,-1000.0,1000.0,-192.505271,176.159079
1581,-1000.0,1000.0,-194.672372,178.326486
1582,-1000.0,1000.0,-194.53979,178.007674
1583,-1000.0,1000.0,-192.597088,176.067257
1584,-1000.0,1000.0,-194.765312,178.233501
1585,0.0,0.0,-193.04836,176.702565
1586,0.0,0.0,-193.672652,177.326735
1587,-1000.0,1000.0,-194.374442,178.028472
1588,-1000.0,1000.0,-195.149936,178.804416
1589,0.0,0.0,-193.714665,177.284728
1590,-1000.0,1000.0,-194.416476,177.986447
1591,-1000.0,1000.0,-195.192012,178.76238
1592,0.0,0.0,-193.672778,177.326647
1593,-1000.0,1000.0,-194.374599,178.028347
1594,-1000.0,1000.0,-195.150083,178.804319
1595,-1000.0,1000.0,-inf,inf
1596,-1000.0,1000.0,-inf,inf
1597,-1000.0,1000.0,-inf,inf
1598,-1000.0,1000.0,-inf,inf
1600,-1000.0,1000.0,-inf,inf
1601,-1000.0,1000.0,-inf,inf
1602,-1000.0,1000.0,-inf,inf
1603,-1000.0,1000.0,-inf,inf
1605,-793.444209,0.0,-inf,inf
1606,0.0,0.0,-inf,inf
1607,-1000.0,1000.0,-inf,inf
1608,0.0,793.444209,-227.999238,12.148823
1610,-1000.0,1000.0,-231.282074,15.436855
1611,-1000.0,1000.0,-231.50938,15.663856
1612,-793.444209,0.0,-inf,inf
1613,0.0,0.0,-222.800847,54.827829
1614,0.0,0.0,-223.141124,54.406632
1617,-1000.0,1000.0,-225.886021,57.151894
1618,-199.386072,998.636251,-23.205842,240.984419
1619,-199.386072,998.636251,-inf,inf
1620,-199.386072,998.636251,-inf,inf
1621,0.0,0.0,-217.405048,73.260827
1622,0.0,0.0,-226.323016,58.921043
1623,0.0,0.0,-inf,inf
1624,0.0,373.202185,-102.406727,81.45401
1625,-0.0,1000.0,-102.492609,81.539892
1626,-1000.0,1000.0,-102.670805,81.718088
1627,-1000.0,1000.0,-102.939913,81.987196
1628,-1000.0,1000.0,-103.298282,82.345504
1629,-1000.0,1000.0,-105.572641,84.619848
1630,-793.444209,0.0,-inf,inf
1631,0.0,0.0,-102.883129,81.169669
1632,0.0,0.0,34.505372,264.019122
1633,-1000.0,1000.0,-inf,inf
1634,-1000.0,1000.0,-inf,inf
1635,-1000.0,1000.0,-104.883951,83.931127
1636,-199.386072,998.636251,-inf,inf
1637,-199.386072,998.636251,-inf,inf
1638,-1000.0,1000.0,-inf,inf
1639,0.0,0.0,15.48993,258.444355
1640,0.0,0.0,-107.062346,84.777353
1641,0.0,0.0,-inf,inf
1642,0.0,373.202185,-180.153285,133.972953
1643,-1000.0,1000.0,-180.202262,134.021929
1644,-1000.0,1000.0,-180.507629,134.326808
1645,-1000.0,1000.0,-180.762302,134.581969
1646,0.0,1000.0,-182.440469,136.260064
1647,-793.444209,0.0,-181.490936,132.858058
1648,0.0,0.0,-179.875288,134.455699
1649,0.0,0.0,-180.173759,133.993182
1650,-1000.0,1000.0,-181.084308,134.903975
1651,-1000.0,1000.0,-181.472274,135.291819
1652,-1000.0,1000.0,-181.924797,135.744342
1653,-199.386072,998.636251,-inf,inf
1654,-199.386072,998.636251,-inf,inf
1655,-1000.0,1000.0,-inf,inf
1656,0.0,0.0,-inf,inf
1657,0.0,0.0,-182.297427,137.449888
1659,-793.444209,0.0,-193.354383,139.480994
1660,0.0,0.0,-363.15707,-9.314289
1662,-1000.0,1000.0,-181.39272,128.398147
1663,-1000.0,1000.0,-181.764298,128.769786
1664,-1000.0,1000.0,-182.197871,129.203435
1665,0.0,998.636251,-inf,inf
1666,0.0,998.636251,-inf,inf
1667,-1000.0,1000.0,-inf,inf
1668,0.0,0.0,-inf,inf
1669,0.0,0.0,-183.004303,130.00915
1670,0.0,0.0,-179.312423,132.388711
1671,-1000.0,1000.0,-inf,inf
1673,-1000.0,1000.0,-inf,inf
1674,0.0,0.0,-224.877236,-61.738823
1675,0.0,0.0,-inf,inf
1676,0.0,0.0,-292.945023,-61.615197
1677,-1000.0,1000.0,-88.914078,109.050675
1678,0.0,0.0,-107.431828,-0.0001
1679,-1000.0,1000.0,-inf,inf
1680,0.0,0.0,-160.695591,159.661109
1681,-1000.0,1000.0,-66.517989,45.810861
1682,-1000.0,1000.0,-80.535523,219.854458
1683,-1000.0,1000.0,-82.782748,222.101637
1684,-1000.0,1000.0,-81.030753,220.349651
1685,-1000.0,1000.0,-83.046499,222.365396
1686,-1000.0,1000.0,-88.42644,212.699669
1687,-1000.0,1000.0,-inf,inf
1688,-1000.0,1000.0,-88.862462,213.135585
1689,-1000.0,1000.0,-91.321733,215.594885
1690,-1000.0,1000.0,-inf,inf
1691,-1000.0,1000.0,-inf,inf
1692,-1000.0,1000.0,-inf,inf
1693,-1000.0,1000.0,-inf,inf
1694,-1000.0,1000.0,-88.23332,212.892839
1695,-1000.0,1000.0,-inf,inf
1696,-1000.0,1000.0,-88.669262,213.328797
1697,-1000.0,1000.0,-91.128547,215.788112
1698,-1000.0,1000.0,-116.590871,171.633633
1699,-1000.0,1000.0,-inf,inf
1700,-1000.0,1000.0,-117.105287,172.148118
1701,-1000.0,1000.0,-119.082672,174.125473
1702,-1000.0,1000.0,-117.841726,170.382736
1703,-1000.0,1000.0,-inf,inf
1704,0.0,1000.0,-118.356138,170.897224
1705,-1000.0,1000.0,-120.333529,172.874585
1706,-1000.0,1000.0,-151.664097,137.113409
1707,-1000.0,1000.0,-152.107837,137.556721
1708,-1000.0,1000.0,-155.604852,141.054088
1709,-1000.0,1000.0,-155.926016,141.375313
1710,-1000.0,1000.0,-152.265909,137.714771
1711,-1000.0,1000.0,-152.742677,138.191844
1712,-1000.0,1000.0,-155.983673,141.432962
1713,-1000.0,1000.0,-156.339083,141.7877
1714,-1000.0,1000.0,-151.84272,137.821876
1715,-1000.0,1000.0,-155.660912,141.64045
1716,-1000.0,1000.0,-152.477567,138.456998
1717,-1000.0,1000.0,-156.073954,142.052836
1718,0.0,1000.0,-242.910818,-16.657307
1719,0.0,1000.0,-244.100592,-15.467546
1720,0.0,1000.0,-252.560797,-7.007329
1721,0.0,1000.0,-253.212904,-6.355466
1722,0.0,1000.0,-244.100535,-15.467346
1723,0.0,1000.0,-245.369397,-14.198973
1724,0.0,1000.0,-253.21293,-6.35544
1725,0.0,1000.0,-253.951169,-5.616224
1726,0.0,0.0,-244.65601,-18.402489
1727,0.0,0.0,-245.845667,-17.212344
1728,0.0,0.0,-254.305861,-8.752393
1729,0.0,0.0,-254.957963,-8.100536
1730,0.0,0.0,-245.845531,-17.212357
1731,0.0,0.0,-247.11447,-15.944029
1732,0.0,0.0,-254.957988,-8.100511
1733,0.0,0.0,-255.696226,-7.361296
1734,0.0,1000.0,-244.410785,-18.15724
1735,0.0,1000.0,-245.60042,-16.967116
1736,0.0,1000.0,-254.060616,-8.507165
1737,0.0,1000.0,-254.712741,-7.855284
1738,0.0,1000.0,-245.600233,-16.967059
1739,0.0,1000.0,-246.869223,-15.698802
1740,0.0,1000.0,-254.712741,-7.855284
1741,0.0,1000.0,-255.45098,-7.116069
1743,-1000.0,1000.0,-162.383558,138.526783
1744,-1000.0,1000.0,-inf,inf
1745,-1000.0,1000.0,-inf,inf
1746,-1000.0,1000.0,-inf,inf
1747,-1000.0,1000.0,-163.2934,139.436625
1748,-1000.0,1000.0,-inf,inf
1749,-1000.0,1000.0,-167.996151,144.139864
1750,-1000.0,1000.0,-165.006506,141.149609
1751,-1000.0,1000.0,-inf,inf
1752,-1000.0,1000.0,-171.885659,148.029738
1753,-1000.0,1000.0,-inf,inf
1754,-1000.0,1000.0,-165.728086,141.870212
1755,-1000.0,1000.0,-inf,inf
1756,-1000.0,1000.0,-inf,inf
1757,-1000.0,1000.0,-inf,inf
1758,0.0,1000.0,-162.234516,138.377497
1759,-1000.0,1000.0,-163.11204,139.25502
1760,-1000.0,1000.0,-inf,inf
1761,-1000.0,1000.0,-inf,inf
1762,-1000.0,1000.0,-163.112026,139.255007
1763,-1000.0,1000.0,-inf,inf
1764,-1000.0,1000.0,-inf,inf
1765,-1000.0,1000.0,-inf,inf
1766,-1000.0,1000.0,-inf,inf
1767,-1000.0,1000.0,-inf,inf
1769,-1000.0,1000.0,-172.784639,148.927558
1770,-1000.0,1000.0,-inf,inf
1771,-1000.0,1000.0,-inf,inf
1772,-1000.0,1000.0,-172.785093,148.927036
1773,-1000.0,1000.0,-173.364552,149.507471
1774,-1000.0,1000.0,-161.337503,137.865579
1775,-1000.0,1000.0,-162.190909,138.719474
1776,-1000.0,1000.0,-inf,inf
1777,-1000.0,1000.0,-inf,inf
1778,-1000.0,1000.0,-inf,inf
1779,-1000.0,1000.0,-163.100756,139.629321
1780,-1000.0,1000.0,-inf,inf
1781,-1000.0,1000.0,-157.33441,144.332568
1782,-1000.0,1000.0,-164.813784,141.342348
1783,-1000.0,1000.0,-inf,inf
1784,-1000.0,1000.0,-171.692938,148.222479
1785,-1000.0,1000.0,-inf,inf
1786,-1000.0,1000.0,-165.535355,142.062943
1787,-1000.0,1000.0,-inf,inf
1788,-1000.0,1000.0,-inf,inf
1789,-1000.0,1000.0,-inf,inf
1790,-1000.0,1000.0,-162.041782,138.570225
1791,-1000.0,1000.0,-162.919342,139.447784
1792,-1000.0,1000.0,-inf,inf
1793,-1000.0,1000.0,-inf,inf
1795,-1000.0,1000.0,-inf,inf
1796,-1000.0,1000.0,-inf,inf
1797,-1000.0,1000.0,-inf,inf
1798,-1000.0,1000.0,-inf,inf
1799,-1000.0,1000.0,-inf,inf
1800,-1000.0,1000.0,-172.066404,148.594785
1801,-1000.0,1000.0,-172.591941,149.120322
1802,-1000.0,1000.0,-inf,inf
1804,-1000.0,1000.0,-172.592387,149.119792
1805,-1000.0,1000.0,-173.171828,149.700209
1806,-1000.0,1000.0,-inf,inf
1807,-1000.0,1000.0,-110.176773,187.240142
1808,0.0,1000.0,-inf,inf
1809,-1000.0,1000.0,-inf,inf
1810,-1000.0,1000.0,-104.204855,181.268652
1811,-1000.0,1000.0,-inf,inf
1812,-1000.0,1000.0,-inf,inf
1813,-1000.0,1000.0,-111.326454,188.390312
1815,-1000.0,1000.0,-94.30574,203.111175
1816,-1000.0,1000.0,-inf,inf
1817,-1000.0,1000.0,-inf,inf
1818,-1000.0,1000.0,-88.333784,197.139707
1819,-1000.0,1000.0,-inf,inf
1821,-1000.0,1000.0,-244.780577,64.842254
1822,0.0,1000.0,-inf,inf
1823,-1000.0,1000.0,-inf,inf
1824,-1000.0,1000.0,-198.57619,58.959493
1825,-1000.0,1000.0,-inf,inf
1826,-1000.0,1000.0,-inf,inf
1827,-1000.0,1000.0,-284.383202,99.694391
1828,-1000.0,1000.0,-inf,inf
1829,-1000.0,1000.0,-inf,inf
1830,-1000.0,1000.0,-inf,inf
1831,-1000.0,1000.0,-inf,inf
1832,-1000.0,1000.0,-226.874736,73.777451
1833,-1000.0,1000.0,-inf,inf
1834,-1000.0,1000.0,-inf,inf
1835,-1000.0,1000.0,-233.859877,80.76253
1836,-1000.0,1000.0,-159.410369,134.859548
1837,-952.661538,952.661538,-inf,inf
1838,-1000.0,1000.0,-inf,inf
1839,-1000.0,1000.0,-157.469266,70.422249
1840,-1000.0,1000.0,-inf,inf
1841,-1000.0,1000.0,-220.582881,137.841283
1843,-1000.0,1000.0,-inf,inf
1844,-1000.0,1000.0,-inf,inf
1845,-1000.0,1000.0,-inf,inf
1846,-1000.0,1000.0,-inf,inf
1847,-1000.0,1000.0,-164.053075,63.838439
1848,-1000.0,1000.0,-inf,inf
1849,-1000.0,1000.0,-227.166766,131.257428
1850,-1000.0,1000.0,-inf,inf
1851,-1000.0,1000.0,-inf,inf
1852,-1000.0,1000.0,-inf,inf
1853,-1000.0,1000.0,-inf,inf
1854,-1000.0,1000.0,-inf,inf
1856,-1000.0,1000.0,-inf,inf
1857,-1000.0,1000.0,-228.02293,130.40124
1858,-1000.0,1000.0,-inf,inf
1859,-1000.0,1000.0,-inf,inf
1860,-1000.0,1000.0,-inf,inf
1861,-1000.0,1000.0,-inf,inf
1862,-1000.0,1000.0,-inf,inf
1863,-1000.0,1000.0,-inf,inf
1864,-1000.0,1000.0,-inf,inf
1865,-0.0,1000.0,-inf,inf
1866,-1000.0,1000.0,-inf,inf
1867,-1000.0,1000.0,-inf,inf
1868,-1000.0,1000.0,-inf,inf
1869,-1000.0,1000.0,-inf,inf
1870,-1000.0,1000.0,-inf,inf
1871,-1000.0,1000.0,-inf,inf
1872,-1000.0,1000.0,-inf,inf
1873,-1000.0,1000.0,-inf,inf
1874,-1000.0,1000.0,-inf,inf
1875,-1000.0,1000.0,-inf,inf
1877,-1000.0,1000.0,-282.306765,160.378267
1878,-1000.0,1000.0,-inf,inf
1879,-1000.0,1000.0,-inf,inf
1880,-1000.0,1000.0,-inf,inf
1881,-1000.0,1000.0,-inf,inf
1882,-1000.0,1000.0,-inf,inf
1883,-1000.0,1000.0,-inf,inf
1884,-1000.0,1000.0,-inf,inf
1885,-1000.0,1000.0,-249.989453,219.970989
1886,-1000.0,1000.0,-116.262392,164.966225
1887,-1000.0,1000.0,-123.7653,172.469134
1888,-1000.0,1000.0,-117.137265,165.840855
1889,-1000.0,1000.0,-124.30059,173.004668
1890,-1000.0,1000.0,-117.137307,165.840897
1891,-1000.0,1000.0,-124.300569,173.004647
1892,-1000.0,1000.0,-118.087406,166.791484
1893,-1000.0,1000.0,-124.911238,173.614339
1894,-1000.0,1000.0,-inf,inf
1895,-1000.0,1000.0,-198.3703,101.049791
1896,-1000.0,1000.0,-inf,inf
1897,-1000.0,1000.0,-234.886476,137.120289
1898,-1000.0,1000.0,-inf,inf
1899,-1000.0,1000.0,-inf,inf
1900,-1000.0,1000.0,-inf,inf
1901,-1000.0,1000.0,-inf,inf
1902,-1000.0,1000.0,-inf,inf
1903,-1000.0,1000.0,-275.695917,171.639927
1905,-1000.0,1000.0,-275.981434,171.925443
1906,-1000.0,1000.0,-inf,inf
1907,-1000.0,1000.0,-275.981329,171.925583
1908,-1000.0,1000.0,-274.817786,170.761796
1909,1000.0,1000.0,-276.297549,172.241559
1910,-1000.0,1000.0,-inf,inf
1911,-1000.0,1000.0,-inf,inf
1912,-1000.0,1000.0,-inf,inf
1913,-1000.0,1000.0,-inf,inf
1914,-1000.0,1000.0,-inf,inf
1915,-1000.0,1000.0,-inf,inf
1916,-1000.0,1000.0,-inf,inf
1917,-1000.0,1000.0,-inf,inf
1918,-1000.0,1000.0,-inf,inf
1919,-1000.0,1000.0,-inf,inf
1920,-1000.0,1000.0,-inf,inf
1921,-1000.0,1000.0,-inf,inf
1922,1000.0,1000.0,-inf,inf
1923,-1000.0,1000.0,-inf,inf
1924,-1000.0,1000.0,-inf,inf
1925,-1000.0,1000.0,-inf,inf
1926,-1000.0,1000.0,-inf,inf
1927,-1000.0,1000.0,-inf,inf
1928,-1000.0,1000.0,-inf,inf
1929,-1000.0,1000.0,-inf,inf
1930,-1000.0,1000.0,-inf,inf
1931,-1000.0,1000.0,-inf,inf
1932,-1000.0,1000.0,-inf,inf
1933,-1000.0,1000.0,-inf,inf
1934,-1000.0,1000.0,-inf,inf
1936,-1000.0,1000.0,-inf,inf
1937,-1000.0,1000.0,-inf,inf
1938,-1000.0,1000.0,-inf,inf
1939,-1000.0,1000.0,-inf,inf
1940,-1000.0,1000.0,-inf,inf
1941,-1000.0,1000.0,-inf,inf
1942,-1000.0,1000.0,-inf,inf
1944,-1000.0,1000.0,-inf,inf
1945,-1000.0,1000.0,-inf,inf
1946,-1000.0,1000.0,-inf,inf
1948,-1000.0,1000.0,-inf,inf
1949,-1000.0,1000.0,-inf,inf
1950,-1000.0,1000.0,-inf,inf
1951,-1000.0,1000.0,-inf,inf
1952,-1000.0,1000.0,-inf,inf
1953,-1000.0,1000.0,-inf,inf
1954,-1000.0,1000.0,-inf,inf
1955,-1000.0,1000.0,-inf,inf
1956,-1000.0,1000.0,-inf,inf
1957,-1000.0,1000.0,-inf,inf
1958,-1000.0,1000.0,-inf,inf
1959,-1000.0,1000.0,-inf,inf
1960,-1000.0,1000.0,-inf,inf
1961,-1000.0,1000.0,-inf,inf
1962,-1000.0,1000.0,-inf,inf
1963,-1000.0,1000.0,-inf,inf
1964,-1000.0,1000.0,-inf,inf
1965,-1000.0,1000.0,-inf,inf
1966,-1000.0,1000.0,-inf,inf
1967,-1000.0,1000.0,-inf,inf
1968,-1000.0,1000.0,-inf,inf
1969,-1000.0,1000.0,-inf,inf
1970,-1000.0,1000.0,-inf,inf
1971,-1000.0,1000.0,-inf,inf
1972,-1000.0,1000.0,-inf,inf
1973,-1000.0,1000.0,-inf,inf
1974,-1000.0,1000.0,-inf,inf
1975,-1000.0,1000.0,-inf,inf
1976,-1000.0,1000.0,-inf,inf
1978,-0.0,1000.0,-inf,inf
1979,-1000.0,1000.0,-inf,inf
1980,-1000.0,1000.0,-inf,inf
1981,-1000.0,1000.0,-inf,inf
1982,-1000.0,1000.0,-inf,inf
1983,-1000.0,1000.0,-inf,inf
1984,-1000.0,1000.0,-inf,inf
1985,-1000.0,1000.0,-inf,inf
1986,-1000.0,1000.0,-inf,inf
1987,-1000.0,1000.0,-inf,inf
1988,-1000.0,1000.0,-inf,inf
1989,0.0,1000.0,-inf,inf
1990,-1000.0,1000.0,-inf,inf
1991,-1000.0,1000.0,-inf,inf
1992,-1000.0,1000.0,-inf,inf
1993,-1000.0,1000.0,-inf,inf
1995,-1000.0,1000.0,-inf,inf
1996,-1000.0,1000.0,-inf,inf
1997,-1000.0,1000.0,-inf,inf
1998,-1000.0,1000.0,-inf,inf
1999,-1000.0,1000.0,-inf,inf
2000,-1000.0,1000.0,-inf,inf
2001,-1000.0,1000.0,-inf,inf
2002,-1000.0,1000.0,-inf,inf
2004,-1000.0,1000.0,-inf,inf
2005,-1000.0,1000.0,-inf,inf
2006,-1000.0,1000.0,-inf,inf
2007,-1000.0,1000.0,-inf,inf
2008,-1000.0,1000.0,-inf,inf
2009,-1000.0,1000.0,-inf,inf
2010,-1000.0,1000.0,-inf,inf
2011,-1000.0,1000.0,-inf,inf
2012,-1000.0,1000.0,-inf,inf
2013,-1000.0,1000.0,-inf,inf
2014,-1000.0,1000.0,-inf,inf
2015,-1000.0,1000.0,-inf,inf
2016,-1000.0,1000.0,-inf,inf
2017,-1000.0,1000.0,-inf,inf
2018,-1000.0,1000.0,-inf,inf
2019,-1000.0,1000.0,-inf,inf
2020,-1000.0,1000.0,-inf,inf
2021,-1000.0,1000.0,-inf,inf
2022,-1000.0,1000.0,-inf,inf
2023,-1000.0,1000.0,-inf,inf
2024,-1000.0,1000.0,-inf,inf
2025,-1000.0,1000.0,-inf,inf
2027,-1000.0,1000.0,-inf,inf
2028,-1000.0,1000.0,-inf,inf
2029,-1000.0,1000.0,-inf,inf
2030,1000.0,1000.0,-inf,inf
2031,-1000.0,1000.0,-inf,inf
2032,-1000.0,1000.0,-inf,inf
2033,0.0,1000.0,-inf,inf
2034,-1000.0,1000.0,-inf,inf
2035,-1000.0,1000.0,-inf,inf
2036,-1000.0,1000.0,-inf,inf
2037,-1000.0,1000.0,-inf,inf
2038,-1000.0,1000.0,-inf,inf
2039,-1000.0,1000.0,-inf,inf
2040,0.0,1000.0,-inf,inf
2041,0.0,1000.0,-inf,inf
2042,-1000.0,1000.0,-inf,inf
2043,-1000.0,1000.0,-inf,inf
2044,-1000.0,1000.0,-inf,inf
2045,-1000.0,1000.0,-inf,inf
2046,-1000.0,1000.0,-inf,inf
2047,-1000.0,1000.0,-inf,inf
2049,-1000.0,1000.0,-inf,inf
2050,-1000.0,1000.0,-inf,inf
2051,-1000.0,1000.0,-inf,inf
2052,-1000.0,1000.0,-inf,inf
2053,-1000.0,1000.0,-inf,inf
2054,-1000.0,1000.0,-inf,inf
2055,-1000.0,1000.0,-inf,inf
2056,-1000.0,1000.0,-inf,inf
2057,0.0,1000.0,-inf,inf
2058,-1000.0,1000.0,-inf,inf
2059,-1000.0,1000.0,-inf,inf
2060,-1000.0,1000.0,-inf,inf
2061,1000.0,1000.0,-inf,inf
2062,-1000.0,1000.0,-inf,inf
2064,-1000.0,1000.0,-inf,inf
2065,-1000.0,1000.0,-inf,inf
2066,-1000.0,1000.0,-inf,inf
2067,-1000.0,1000.0,-inf,inf
2068,-1000.0,1000.0,-inf,inf
2069,-1000.0,1000.0,-inf,inf
2070,0.0,1000.0,-inf,inf
2071,-1000.0,1000.0,-inf,inf
2072,-1000.0,1000.0,-inf,inf
2073,-1000.0,1000.0,-inf,inf
2074,-1000.0,1000.0,-inf,inf
2076,-1000.0,1000.0,-inf,inf
2077,-1000.0,1000.0,-inf,inf
2078,-1000.0,1000.0,-inf,inf
2079,0.0,1000.0,-inf,inf
2080,-1000.0,1000.0,-inf,inf
2082,-0.0,1000.0,-inf,inf
2083,-1000.0,1000.0,-inf,inf
2084,-1000.0,1000.0,-inf,inf
2085,-1000.0,1000.0,-inf,inf
2086,-1000.0,1000.0,-inf,inf
2087,-1000.0,1000.0,-inf,inf
2088,0.0,1000.0,-inf,inf
2089,-1000.0,1000.0,-inf,inf
2090,-1000.0,1000.0,-inf,inf
2091,-1000.0,1000.0,-inf,inf
2092,-1000.0,1000.0,-inf,inf
2093,-1000.0,1000.0,-inf,inf
2094,-1000.0,1000.0,-inf,inf
2095,-1000.0,1000.0,-inf,inf
2096,-1000.0,1000.0,-inf,inf
2097,-1000.0,1000.0,-inf,inf
2099,-1000.0,1000.0,-inf,inf
2100,-1000.0,1000.0,-inf,inf
2101,-1000.0,1000.0,-inf,inf
2102,-1000.0,1000.0,-inf,inf
2103,-1000.0,1000.0,-inf,inf
2104,-1000.0,1000.0,-inf,inf
2105,-1000.0,1000.0,-inf,inf
2106,-1000.0,1000.0,-inf,inf
2107,-1000.0,1000.0,-inf,inf
2108,-1000.0,1000.0,-inf,inf
2109,-1000.0,1000.0,-inf,inf
2110,-1000.0,1000.0,-inf,inf
2111,0.0,1000.0,-inf,inf
2112,-1000.0,1000.0,-inf,inf
2113,-1000.0,1000.0,-inf,inf
2114,-1000.0,1000.0,-inf,inf
2115,-1000.0,1000.0,-inf,inf
2116,-1000.0,1000.0,-inf,inf
2117,-1000.0,1000.0,-inf,inf
2118,-1000.0,1000.0,-inf,inf
2119,-1000.0,1000.0,-inf,inf
2121,-1000.0,1000.0,-inf,inf
2122,-1000.0,1000.0,-inf,inf
2123,-1000.0,1000.0,-inf,inf
2124,-1000.0,1000.0,-inf,inf
2125,-1000.0,1000.0,-inf,inf
2126,-0.0,1000.0,-inf,inf
2127,-1000.0,1000.0,-inf,inf
2128,-1000.0,1000.0,-inf,inf
2129,-1000.0,1000.0,-inf,inf
2131,-1000.0,1000.0,-inf,inf
2132,-1000.0,1000.0,-inf,inf
2133,-1000.0,1000.0,-inf,inf
2134,-1000.0,1000.0,-inf,inf
2135,-1000.0,1000.0,-inf,inf
2136,-1000.0,1000.0,-inf,inf
2137,-1000.0,1000.0,-inf,inf
2138,-1000.0,1000.0,-inf,inf
2139,-1000.0,1000.0,-inf,inf
2140,-1000.0,1000.0,-inf,inf
2142,-1000.0,1000.0,-inf,inf
2143,-1000.0,1000.0,-inf,inf
2144,-1000.0,1000.0,-inf,inf
2145,-1000.0,1000.0,-inf,inf
2146,-1000.0,1000.0,-inf,inf
2147,-1000.0,1000.0,-inf,inf
2148,-1000.0,1000.0,-inf,inf
2149,-1000.0,1000.0,-inf,inf
2151,-1000.0,1000.0,-inf,inf
2152,-1000.0,1000.0,-inf,inf
2153,-1000.0,1000.0,-inf,inf
2154,-0.0,1000.0,-inf,inf
2155,-1000.0,1000.0,-inf,inf
2156,-1000.0,1000.0,-inf,inf
2157,-1000.0,1000.0,-inf,inf
2158,-1000.0,1000.0,-inf,inf
2159,-1000.0,1000.0,-inf,inf
2160,-1000.0,1000.0,-inf,inf
2161,-1000.0,1000.0,-inf,inf
2162,-1000.0,1000.0,-inf,inf
2163,-1000.0,1000.0,-inf,inf
2164,-1000.0,1000.0,-inf,inf
2165,-1000.0,1000.0,-inf,inf
2166,-1000.0,1000.0,-inf,inf
2167,-1000.0,1000.0,-inf,inf
2168,-1000.0,1000.0,-inf,inf
2169,-1000.0,1000.0,-inf,inf
2170,-1000.0,1000.0,-inf,inf
2172,-1000.0,1000.0,-inf,inf
2173,-1000.0,1000.0,-inf,inf
2174,-1000.0,1000.0,-inf,inf
2175,-1000.0,1000.0,-inf,inf
2176,-1000.0,1000.0,-inf,inf
2177,-1000.0,1000.0,-inf,inf
2179,-1000.0,1000.0,-inf,inf
2180,-1000.0,1000.0,-inf,inf
2181,-1000.0,1000.0,-inf,inf
2182,-1000.0,1000.0,-inf,inf
2183,-1000.0,1000.0,-inf,inf
2184,-1000.0,1000.0,-inf,inf
2185,-1000.0,1000.0,-inf,inf
2186,-1000.0,1000.0,-inf,inf
2187,-1000.0,1000.0,-inf,inf
2188,-1000.0,1000.0,-226.025942,210.711334
2189,-1000.0,1000.0,-226.244604,210.929874
2190,-0.0,1000.0,-226.765715,211.450863
2191,-1000.0,1000.0,-227.03647,211.721496
2192,0.0,1000.0,-219.061867,217.885662
2193,-1000.0,1000.0,-219.295703,218.119864
2194,-1000.0,1000.0,-inf,inf
2195,-1000.0,1000.0,-inf,inf
2196,-1000.0,1000.0,-inf,inf
2197,-1000.0,1000.0,-inf,inf
2198,-1000.0,1000.0,-inf,inf
2199,-1000.0,1000.0,-inf,inf
2200,-1000.0,1000.0,-100.162166,174.895178
2201,-1000.0,1000.0,-inf,inf
2202,0.0,0.0,-inf,inf
2203,0.0,0.0,-inf,inf
2204,0.0,0.0,-inf,inf
2205,0.0,0.0,-inf,inf
2206,0.0,0.0,-inf,inf
2207,0.0,0.0,-inf,inf
2208,0.0,0.0,-96.939082,178.118162
2209,0.0,0.0,-inf,inf
2210,-1000.0,1000.0,-inf,inf
2211,-1000.0,1000.0,-inf,inf
2212,-1000.0,1000.0,-inf,inf
2213,-1000.0,1000.0,-inf,inf
2214,-1000.0,1000.0,-inf,inf
2215,-1000.0,1000.0,-inf,inf
2216,0.0,1000.0,-97.40717,177.650104
2218,-1000.0,1000.0,-inf,inf
2219,-0.0,1000.0,-inf,inf
2220,-1000.0,1000.0,-inf,inf
2221,-1000.0,1000.0,-inf,inf
2223,-1000.0,1000.0,-inf,inf
2224,-1000.0,1000.0,-101.175004,173.882249
2225,-1000.0,1000.0,-inf,inf
2226,-1000.0,1000.0,-inf,inf
2229,-1000.0,1000.0,-inf,inf
2230,-0.0,1000.0,-inf,inf
2232,0.0,1000.0,-96.932434,178.124842
2233,0.0,1000.0,-100.30468,188.819597
2234,-1000.0,1000.0,-inf,inf
2235,-1000.0,1000.0,-inf,inf
2236,-999.933282,1000.0,-inf,inf
2237,-1000.0,1000.0,-inf,inf
2239,-1000.0,1000.0,-inf,inf
2240,-1000.0,1000.0,-103.599633,176.233275
2241,-1000.0,1000.0,-inf,inf
2242,-1000.0,1000.0,-inf,inf
2243,-1000.0,1000.0,-inf,inf
2244,-1000.0,1000.0,-inf,inf
2245,-1000.0,1000.0,-inf,inf
2246,-1000.0,1000.0,-inf,inf
2247,-1000.0,1000.0,-inf,inf
2248,-1000.0,1000.0,-102.549927,177.283
2251,-0.0,1000.0,-inf,inf
2252,-1000.0,1000.0,-inf,inf
2253,-1000.0,1000.0,-inf,inf
2254,-1000.0,1000.0,-inf,inf
2256,-1000.0,1000.0,-inf,inf
2257,-1000.0,1000.0,-inf,inf
2258,-1000.0,1000.0,-inf,inf
2259,-1000.0,1000.0,-231.876246,221.533111
2260,-1000.0,1000.0,-inf,inf
2261,0.0,1000.0,-903.555748,-488.769072
2262,-1000.0,1000.0,-inf,inf
2263,-1000.0,1000.0,-inf,inf
2266,-1000.0,1000.0,-inf,inf
2267,-1000.0,1000.0,-235.01542,224.673262
2268,-1000.0,1000.0,-inf,inf
2269,0.0,1000.0,-907.224365,-485.099478
2270,-1000.0,1000.0,-inf,inf
2271,-1000.0,1000.0,-inf,inf
2272,-1000.0,1000.0,-inf,inf
2273,-1000.0,1000.0,-inf,inf
2274,-1000.0,1000.0,-inf,inf
2275,-1000.0,1000.0,-232.192373,221.848261
2276,-1000.0,1000.0,-inf,inf
2277,0.0,1000.0,-903.926563,-488.399233
2278,-1000.0,1000.0,-inf,inf
2279,-1000.0,1000.0,-inf,inf
2280,-1000.0,1000.0,-inf,inf
2281,-1000.0,1000.0,-inf,inf
2282,-1000.0,1000.0,-inf,inf
2283,-1000.0,1000.0,-inf,inf
2284,-1000.0,1000.0,-inf,inf
2285,-1000.0,1000.0,-inf,inf
2286,-1000.0,1000.0,-inf,inf
2287,-1000.0,1000.0,-inf,inf
2288,-1000.0,1000.0,-inf,inf
2289,-1000.0,1000.0,-inf,inf
2290,-1000.0,1000.0,-inf,inf
2291,-1000.0,1000.0,-inf,inf
2292,-1000.0,1000.0,-inf,inf
2293,-1000.0,1000.0,-inf,inf
2294,-1000.0,1000.0,-inf,inf
2295,-1000.0,1000.0,-inf,inf
2296,-1000.0,1000.0,-inf,inf
2297,-1000.0,1000.0,-inf,inf
2298,-1000.0,1000.0,-inf,inf
2299,-1000.0,1000.0,-inf,inf
2300,-1000.0,1000.0,-inf,inf
2301,-1000.0,1000.0,-inf,inf
2302,-1000.0,1000.0,-inf,inf
2303,-1000.0,1000.0,-inf,inf
2305,0.0,1000.0,-inf,inf
2306,-1000.0,1000.0,-inf,inf
2307,-1000.0,1000.0,-inf,inf
2308,-1000.0,1000.0,-inf,inf
2309,-1000.0,1000.0,-inf,inf
2311,-1000.0,1000.0,-inf,inf
2312,-1000.0,1000.0,-inf,inf
2313,-1000.0,1000.0,-inf,inf
2314,-1000.0,1000.0,-inf,inf
2315,-1000.0,1000.0,-inf,inf
2316,-1000.0,1000.0,-inf,inf
2317,-1000.0,1000.0,-inf,inf
2318,-1000.0,1000.0,-inf,inf
2319,-1000.0,1000.0,-inf,inf
2320,-1000.0,1000.0,-inf,inf
2321,-1000.0,1000.0,-inf,inf
2322,-1000.0,1000.0,-inf,inf
2323,-1000.0,1000.0,-221.565004,212.114081
2324,-1000.0,1000.0,-222.313957,212.863034
2325,-1000.0,1000.0,-221.263058,141.149409
2326,-1000.0,1000.0,-inf,inf
2327,-1000.0,1000.0,-inf,inf
2328,-1000.0,1000.0,-inf,inf
2329,-1000.0,1000.0,-inf,inf
2330,-1000.0,1000.0,-inf,inf
2331,-1000.0,1000.0,-224.954314,215.504368
2332,-1000.0,1000.0,-225.682906,216.23296
2333,-1000.0,1000.0,-224.64946,216.016286
2334,-1000.0,1000.0,-inf,inf
2335,-1000.0,1000.0,-225.290965,215.839798
2336,0.0,1000.0,-226.070071,216.619148
2337,-1000.0,1000.0,-225.001317,216.366678
2338,-1000.0,1000.0,-inf,inf
2339,-1000.0,1000.0,-221.906889,212.454989
2340,-1000.0,1000.0,-222.65374,213.20184
2341,-1000.0,1000.0,-221.604642,212.969515
2342,-1000.0,1000.0,-inf,inf
2343,-1000.0,1000.0,-inf,inf
2344,-1000.0,1000.0,-inf,inf
2345,-1000.0,1000.0,-inf,inf
2346,-1000.0,1000.0,-inf,inf
2347,-1000.0,1000.0,-inf,inf
2348,-1000.0,1000.0,-inf,inf
2349,-1000.0,1000.0,-inf,inf
2350,-1000.0,1000.0,-inf,inf
2351,-1000.0,1000.0,-225.563085,216.110941
2352,-1000.0,1000.0,-172.784893,216.888603
2353,-1000.0,1000.0,-225.273179,216.637563
2354,-1000.0,1000.0,-inf,inf
2355,-1000.0,1000.0,-inf,inf
2357,-1000.0,1000.0,-inf,inf
2358,-1000.0,1000.0,-inf,inf
2359,-1000.0,1000.0,-inf,inf
2360,-1000.0,1000.0,-inf,inf
2361,-1000.0,1000.0,-inf,inf
2362,-1000.0,1000.0,-inf,inf
2363,-1000.0,1000.0,-inf,inf
2364,-1000.0,1000.0,-inf,inf
2365,-1000.0,1000.0,-inf,inf
2366,-1000.0,1000.0,-inf,inf
2367,-1000.0,1000.0,-225.562614,216.111447
2368,-1000.0,1000.0,-226.340032,216.889109
2369,-1000.0,1000.0,-225.272708,216.638069
2370,-1000.0,1000.0,-inf,inf
2371,-1000.0,1000.0,-inf,inf
2372,-1000.0,1000.0,-inf,inf
2373,-1000.0,1000.0,-inf,inf
2374,-1000.0,1000.0,-inf,inf
2375,-1000.0,1000.0,-inf,inf
2377,-1000.0,1000.0,-inf,inf
2378,0.0,1000.0,-inf,inf
2379,-1000.0,1000.0,-inf,inf
2380,-1000.0,1000.0,-inf,inf
2381,-1000.0,1000.0,-inf,inf
2382,-1000.0,1000.0,-inf,inf
2383,-1000.0,1000.0,-225.864255,216.413088
2384,-1000.0,1000.0,-226.639805,217.188882
2385,-1000.0,1000.0,-225.574062,216.939424
2386,-1000.0,1000.0,-inf,inf
2387,-1000.0,1000.0,-293.712338,95.09795
2389,-1000.0,1000.0,-293.415426,95.617811
2390,-1000.0,1000.0,-inf,inf
2391,-1000.0,1000.0,-293.954911,95.340157
2392,-1000.0,1000.0,-294.793944,96.179435
2393,-1000.0,1000.0,-293.674439,95.876214
2394,-1000.0,1000.0,-287.853395,96.065791
2395,-1000.0,1000.0,-287.388405,96.419154
2396,-1000.0,1000.0,-288.021753,97.051226
2397,-1000.0,1000.0,-287.762782,95.976636
2398,-1000.0,1000.0,-inf,inf
2399,-1000.0,1000.0,-292.580173,96.230117
2400,-1000.0,1000.0,-293.364624,97.01408
2401,0.0,1000.0,-292.283279,96.749996
2402,-1000.0,1000.0,-inf,inf
2403,-1000.0,1000.0,-292.822628,96.47245
2404,-1000.0,1000.0,-293.661781,97.311603
2405,-1000.0,1000.0,-292.542275,97.008381
2406,-1000.0,1000.0,-286.72054,97.19867
2407,-1000.0,1000.0,-286.256233,97.551319
2408,-1000.0,1000.0,-286.888902,98.184109
2409,-0.0,1000.0,-286.630632,97.108823
2410,-1000.0,1000.0,-inf,inf
2411,-1000.0,1000.0,-303.320848,106.078702
2412,-1000.0,1000.0,-inf,inf
2413,0.0,1000.0,-954.685755,-585.744623
2414,-1000.0,1000.0,-inf,inf
2415,-1000.0,1000.0,-inf,inf
2416,-1000.0,1000.0,-inf,inf
2417,-1000.0,0.0,-inf,inf
2418,-1000.0,0.0,284.631773,695.142161
2419,0.0,1000.0,-296.427909,106.98154
2420,-1000.0,0.0,425.975496,730.454172
2421,-1000.0,0.0,423.136542,731.050878
2422,-1000.0,1000.0,-308.930942,103.079498
2423,-1000.0,1000.0,-211.432782,15.082497
2424,-1000.0,1000.0,-253.444375,52.343679
2425,-1000.0,1000.0,-279.773456,83.423537
2426,-1000.0,1000.0,-309.111255,103.258956
2427,-1000.0,1000.0,-211.962825,15.612419
2428,-1000.0,1000.0,-278.626653,82.276322
2429,-1000.0,1000.0,-280.077038,83.726265
2430,-1000.0,1000.0,-313.036026,127.4481
2431,-1000.0,1000.0,-245.631334,50.541883
2432,-1000.0,1000.0,-270.45198,80.113307
2433,-1000.0,1000.0,-270.735546,80.396583
2434,0.0,1000.0,-207.408568,11.058451
2435,-1000.0,1000.0,-inf,inf
2436,-1000.0,1000.0,-129.259381,12.009298
2437,-1000.0,1000.0,-214.309491,17.959168
2439,-1000.0,1000.0,-209.401873,23.196425
2440,-1000.0,1000.0,-209.141779,12.791494
2441,-1000.0,1000.0,-214.843118,18.492673
2442,0.0,352.64187,-240.075178,-30.132706
2443,0.0,352.64187,-249.437028,-30.916012
2444,-0.0,352.64187,-241.161613,-29.046225
2445,0.0,352.64187,-244.576757,-25.63141
2446,-1000.0,1000.0,-inf,inf
2447,-1000.0,1000.0,-inf,inf
2448,-1000.0,1000.0,-inf,inf
2449,-1000.0,1000.0,-inf,inf
2450,-1000.0,1000.0,-inf,inf
2451,-1000.0,1000.0,-inf,inf
2452,0.0,1000.0,-451.193503,-157.323202
2453,-1000.0,1000.0,-inf,inf
2454,-1000.0,1000.0,-inf,inf
2455,-1000.0,1000.0,-inf,inf
2456,-1000.0,1000.0,-inf,inf
2457,-1000.0,1000.0,-inf,inf
2458,-1000.0,1000.0,-inf,inf
2460,0.0,1000.0,-451.193499,-157.323206
2461,-1000.0,1000.0,-inf,inf
2462,-1000.0,1000.0,-inf,inf
2463,-1000.0,1000.0,-inf,inf
2464,0.0,1000.0,-291.647413,-60.057985
2466,-1000.0,0.0,663.240322,1212.465204
2467,0.0,1000.0,-300.322981,-51.382906
2468,-1000.0,1000.0,-inf,inf
2469,-1000.0,1000.0,-216.67359,175.048102
2470,-1000.0,1000.0,-215.323875,173.697655
2471,-1000.0,1000.0,-216.970443,175.345199
2472,-1000.0,1000.0,-inf,inf
2473,-1000.0,1000.0,-216.970485,175.345241
2474,-1000.0,1000.0,-215.737636,174.112392
2475,-1000.0,1000.0,-217.299778,175.673557
2476,-1000.0,1000.0,-inf,inf
2477,-1000.0,1000.0,-inf,inf
2478,-1000.0,1000.0,-inf,inf
2479,-1000.0,1000.0,-inf,inf
2480,-1000.0,1000.0,-inf,inf
2481,-1000.0,1000.0,-inf,inf
2482,0.0,1000.0,-262.407438,-21.858612
2483,0.0,1000.0,-273.147008,-18.441553
2484,-1000.0,1000.0,-inf,inf
2485,-1000.0,1000.0,-inf,inf
2486,-1000.0,1000.0,-inf,inf
2487,-1000.0,1000.0,-inf,inf
2488,-1000.0,1000.0,-inf,inf
2489,-1000.0,1000.0,-inf,inf
2490,0.0,1000.0,-262.059615,-21.510812
2492,-1000.0,1000.0,-inf,inf
2493,-1000.0,1000.0,-inf,inf
2494,-1000.0,1000.0,-inf,inf
2495,-1000.0,1000.0,-inf,inf
2496,-1000.0,1000.0,-inf,inf
2497,-1000.0,1000.0,-inf,inf
2498,0.0,1000.0,-262.059602,-21.510825
2499,0.0,1000.0,-272.799143,-18.093672
2500,-1000.0,1000.0,-inf,inf
2501,-1000.0,1000.0,-inf,inf
2502,-1000.0,1000.0,-inf,inf
2503,-1000.0,1000.0,-inf,inf
2504,-1000.0,1000.0,-inf,inf
2505,-1000.0,1000.0,-inf,inf
2506,0.0,1000.0,-263.861553,-23.312733
2507,0.0,1000.0,-274.601087,-19.895587
2509,1000.0,1000.0,-inf,inf
2510,-1000.0,1000.0,-inf,inf
2511,-1000.0,1000.0,-inf,inf
2512,-1000.0,1000.0,-inf,inf
2513,-1000.0,1000.0,-inf,inf
2514,0.0,1000.0,-262.407457,-21.858594
2515,-1000.0,1000.0,-inf,inf
2516,-1000.0,1000.0,-inf,inf
2517,-1000.0,1000.0,-inf,inf
2518,-1000.0,1000.0,-inf,inf
2519,-1000.0,1000.0,-inf,inf
2520,-1000.0,1000.0,-inf,inf
2521,-1000.0,1000.0,-inf,inf
2522,0.0,1000.0,-262.060469,-21.511629
2523,-1000.0,1000.0,-inf,inf
2524,-1000.0,1000.0,-inf,inf
2525,0.0,1000.0,-inf,inf
2526,-1000.0,1000.0,-inf,inf
2527,-1000.0,1000.0,-inf,inf
2528,-1000.0,1000.0,-inf,inf
2529,-1000.0,1000.0,-inf,inf
2531,-1000.0,1000.0,-inf,inf
2532,-1000.0,1000.0,-inf,inf
2533,-1000.0,1000.0,-inf,inf
2534,-1000.0,1000.0,-inf,inf
2535,-1000.0,1000.0,-inf,inf
2536,-1000.0,1000.0,-inf,inf
2537,-1000.0,1000.0,-inf,inf
2538,0.0,1000.0,-263.856454,-23.307659
2539,-1000.0,1000.0,-inf,inf
2540,-1000.0,1000.0,-inf,inf
2541,-1000.0,1000.0,-inf,inf
2542,-1000.0,1000.0,-inf,inf
2543,-1000.0,1000.0,-inf,inf
2544,-1000.0,1000.0,-inf,inf
2545,-1000.0,1000.0,-inf,inf
2546,0.0,1000.0,-inf,inf
2547,0.0,1000.0,-inf,inf
2548,-1000.0,1000.0,-inf,inf
2549,-1000.0,1000.0,-inf,inf
2550,-1000.0,1000.0,-inf,inf
2551,-1000.0,1000.0,-inf,inf
2552,-1000.0,1000.0,-inf,inf
2553,-1000.0,1000.0,-inf,inf
2554,0.0,1000.0,-inf,inf
2555,0.0,1000.0,-inf,inf
2556,-0.0,1000.0,-inf,inf
2557,-1000.0,1000.0,-inf,inf
2558,-1000.0,1000.0,-inf,inf
2559,-1000.0,1000.0,-inf,inf
2563,-1000.0,1000.0,-inf,inf
2564,-1000.0,1000.0,-inf,inf
2565,-1000.0,1000.0,-inf,inf
2566,-1000.0,1000.0,-inf,inf
2567,-1000.0,1000.0,-inf,inf
2568,-1000.0,1000.0,-inf,inf
2569,-0.0,1000.0,-inf,inf
2570,0.0,1000.0,-264.428594,-19.069901
2571,-1000.0,1000.0,-inf,inf
2572,-1000.0,1000.0,-inf,inf
2573,-1000.0,1000.0,-inf,inf
2574,-1000.0,1000.0,-inf,inf
2575,-1000.0,1000.0,-inf,inf
2576,-1000.0,1000.0,-inf,inf
2577,-1000.0,1000.0,-inf,inf
2578,0.0,1000.0,-264.428582,-19.069913
2579,-1000.0,1000.0,-inf,inf
2580,-1000.0,1000.0,-inf,inf
2581,-1000.0,1000.0,-inf,inf
2582,-1000.0,1000.0,-inf,inf
2583,0.0,1000.0,-inf,inf
2584,-1000.0,1000.0,-inf,inf
2586,-1000.0,1000.0,-inf,inf
2587,-1000.0,1000.0,-inf,inf
2588,-1000.0,1000.0,-inf,inf
2589,-1000.0,1000.0,-inf,inf
2590,-1000.0,1000.0,-inf,inf
2591,-1000.0,1000.0,-inf,inf
2592,0.0,1000.0,-253.568925,-24.407907
2593,-1000.0,1000.0,-inf,inf
2594,0.0,1000.0,-inf,inf
2595,-1000.0,1000.0,-inf,inf
2596,-1000.0,1000.0,-inf,inf
2597,-1000.0,1000.0,-inf,inf
2598,-1000.0,1000.0,-inf,inf
2599,-1000.0,1000.0,-inf,inf
2600,0.0,1000.0,-254.056931,-24.895915
2601,-1000.0,1000.0,-inf,inf
2602,-1000.0,1000.0,-inf,inf
2603,-1000.0,1000.0,-inf,inf
2604,0.0,0.0,-inf,inf
2605,0.0,0.0,-inf,inf
2606,0.0,0.0,-inf,inf
2607,0.0,0.0,-inf,inf
2608,0.0,0.0,-inf,inf
2609,0.0,0.0,-inf,inf
2610,0.0,0.0,-inf,inf
2611,0.0,0.0,-inf,inf
2612,0.0,0.0,-inf,inf
2613,0.0,0.0,-inf,inf
2614,0.0,0.0,-inf,inf
2615,0.0,0.0,-inf,inf
2616,-1000.0,1000.0,-310.504863,109.092551
2617,-1000.0,1000.0,-310.916773,109.503363
2618,-1000.0,1000.0,-313.358617,109.529801
2619,-1000.0,1000.0,-313.777086,109.948637
2620,-1000.0,1000.0,-311.479271,107.650944
2621,0.0,1000.0,-311.884829,108.055891
2622,-1000.0,1000.0,-340.983817,139.321017
2623,-1000.0,1000.0,-341.30081,139.6374
2624,-1000.0,1000.0,-306.387878,102.559062
2625,-1000.0,1000.0,-306.769612,102.941163
2626,0.0,1000.0,-306.387864,102.559048
2627,-1000.0,1000.0,-306.769712,102.941019
2628,-1000.0,1000.0,-207.718853,20.820092
2629,-1000.0,1000.0,-212.375893,25.476765
2630,-1000.0,1000.0,-208.817614,21.918608
2631,0.0,1000.0,-inf,inf
2632,-1000.0,1000.0,-inf,inf
2633,-1000.0,1000.0,-221.72955,34.829445
2634,-1000.0,1000.0,-inf,inf
2635,-1000.0,1000.0,-222.237502,35.338252
2636,-1000.0,1000.0,-inf,inf
2637,-1000.0,1000.0,-213.402105,26.503954
2638,-1000.0,1000.0,-210.119024,23.220018
2639,-1000.0,1000.0,-inf,inf
2641,-1000.0,1000.0,-inf,inf
2642,-1000.0,1000.0,-inf,inf
2643,-1000.0,1000.0,-222.915227,36.016953
2644,-1000.0,1000.0,-209.00727,22.108019
2645,-1000.0,1000.0,-inf,inf
2646,-1000.0,1000.0,-210.119128,23.220122
2647,-1000.0,1000.0,-inf,inf
2648,-1000.0,1000.0,-inf,inf
2649,-1000.0,1000.0,-inf,inf
2650,-1000.0,1000.0,-inf,inf
2651,-1000.0,1000.0,-222.915769,36.016519
2652,-1000.0,1000.0,-210.353009,23.453759
2653,-1000.0,1000.0,-inf,inf
2654,-1000.0,1000.0,-inf,inf
2655,-1000.0,1000.0,-inf,inf
2656,-1000.0,1000.0,-216.956234,30.056496
2657,-1000.0,1000.0,-inf,inf
2658,-1000.0,1000.0,-inf,inf
2659,-1000.0,1000.0,-223.65999,36.76074
2660,-1000.0,1000.0,-inf,inf
2661,-1000.0,1000.0,-inf,inf
2662,-1000.0,1000.0,-inf,inf
2663,-0.0,1000.0,-inf,inf
2664,-1000.0,1000.0,-inf,inf
2665,-1000.0,1000.0,-inf,inf
2667,-1000.0,1000.0,-inf,inf
2668,0.0,0.0,-inf,inf
2669,0.0,0.0,-inf,inf
2670,0.0,0.0,-inf,inf
2671,0.0,0.0,-inf,inf
2672,-1000.0,1000.0,-inf,inf
2673,-1000.0,1000.0,-inf,inf
2674,-1000.0,1000.0,-inf,inf
2676,0.0,1000.0,-inf,inf
2677,-1000.0,1000.0,-inf,inf
2678,-1000.0,1000.0,-inf,inf
2679,-1000.0,1000.0,-inf,inf
2680,-1000.0,1000.0,-inf,inf
2681,-1000.0,1000.0,-292.580163,96.230108
2682,-1000.0,1000.0,-293.36434,97.014284
2683,-1000.0,1000.0,-292.283262,96.749978
2684,-1000.0,1000.0,-inf,inf
2685,-1000.0,1000.0,-292.822615,96.472438
2686,-1000.0,1000.0,-293.66174,97.311562
2687,-1000.0,1000.0,-292.542282,97.008388
2688,-1000.0,1000.0,-inf,inf
2689,-1000.0,1000.0,-303.320847,106.078701
2690,-1000.0,1000.0,-inf,inf
2691,0.0,1000.0,-954.685779,-585.744599
2692,-1000.0,1000.0,-inf,inf
2693,-1000.0,1000.0,-inf,inf
2694,-1000.0,1000.0,-inf,inf
2695,-1000.0,1000.0,-inf,inf
2696,-1000.0,1000.0,-inf,inf
2697,-1000.0,1000.0,-inf,inf
2698,-1000.0,1000.0,-inf,inf
2699,-1000.0,1000.0,-inf,inf
2700,0.0,1000.0,-95.870357,167.902023
2701,-1000.0,1000.0,-inf,inf
2702,-1000.0,1000.0,-inf,inf
2703,-1000.0,1000.0,-inf,inf
2704,-1000.0,1000.0,-inf,inf
2705,-1000.0,1000.0,-inf,inf
2706,-1000.0,1000.0,-inf,inf
2707,-1000.0,1000.0,-inf,inf
2708,0.0,1000.0,-96.208675,167.563709
2709,-1000.0,1000.0,-inf,inf
2710,-1000.0,1000.0,-inf,inf
2711,-1000.0,1000.0,-inf,inf
2712,-1000.0,1000.0,-inf,inf
2713,-1000.0,1000.0,-inf,inf
2714,-1000.0,1000.0,-inf,inf
2715,-1000.0,1000.0,-inf,inf
2716,-1000.0,1000.0,-inf,inf
2717,-1000.0,1000.0,-inf,inf
2718,-1000.0,1000.0,-inf,inf
2719,-1000.0,1000.0,-inf,inf
2720,-1000.0,1000.0,-inf,inf
2721,-1000.0,1000.0,-inf,inf
2722,-1000.0,1000.0,-inf,inf
2723,-1000.0,1000.0,-inf,inf
2724,-1000.0,1000.0,-inf,inf
2725,-1000.0,1000.0,-inf,inf
2726,-1000.0,1000.0,-inf,inf
2727,-1000.0,1000.0,-inf,inf
2728,-1000.0,1000.0,-inf,inf
2729,-1000.0,1000.0,-inf,inf
2730,-1000.0,1000.0,-inf,inf
2731,-1000.0,1000.0,-inf,inf
2732,-1000.0,1000.0,-inf,inf
2733,-1000.0,1000.0,-inf,inf
2734,-1000.0,1000.0,-inf,inf
2735,-1000.0,1000.0,-inf,inf
2736,-1000.0,1000.0,-inf,inf
2737,0.0,1000.0,-inf,inf
2738,-1000.0,1000.0,-inf,inf
2739,-1000.0,1000.0,-inf,inf
2740,-1000.0,1000.0,-inf,inf
2741,-1000.0,1000.0,-inf,inf
2742,-1000.0,1000.0,-inf,inf
2744,-1000.0,1000.0,-inf,inf
2745,-1000.0,1000.0,-inf,inf
2746,-1000.0,1000.0,-inf,inf
2747,-1000.0,1000.0,-inf,inf
2748,-1000.0,1000.0,-inf,inf
2749,-1000.0,1000.0,-inf,inf
2750,-1000.0,1000.0,-inf,inf
2751,-1000.0,1000.0,-inf,inf
2752,-1000.0,1000.0,-inf,inf
2753,-1000.0,1000.0,-inf,inf
2754,-1000.0,1000.0,-inf,inf
2755,-1000.0,1000.0,-inf,inf
2756,-1000.0,1000.0,-inf,inf
2757,-1000.0,1000.0,-inf,inf
2758,-1000.0,1000.0,-inf,inf
2759,-1000.0,1000.0,-inf,inf
2760,-1000.0,1000.0,-inf,inf
2761,-1000.0,1000.0,-inf,inf
2762,-1000.0,1000.0,-inf,inf
2763,-1000.0,1000.0,-inf,inf
2764,-1000.0,1000.0,-inf,inf
2765,-1000.0,1000.0,-inf,inf
2766,-1000.0,1000.0,-inf,inf
2767,-1000.0,1000.0,-inf,inf
2768,-1000.0,1000.0,-inf,inf
2769,-1000.0,1000.0,-inf,inf
2770,-1000.0,1000.0,-inf,inf
2771,-1000.0,1000.0,-inf,inf
2772,-1000.0,1000.0,-inf,inf
2773,-1000.0,1000.0,-inf,inf
2774,-1000.0,1000.0,-inf,inf
2775,-1000.0,1000.0,-inf,inf
2776,-1000.0,1000.0,-inf,inf
2777,-1000.0,1000.0,-inf,inf
2778,-1000.0,1000.0,-inf,inf
2779,-1000.0,1000.0,-inf,inf
2780,-1000.0,1000.0,-inf,inf
2781,-1000.0,1000.0,-inf,inf
2782,-1000.0,1000.0,-inf,inf
2783,0.0,1000.0,-inf,inf
2784,-1000.0,1000.0,-inf,inf
2785,1000.0,1000.0,-inf,inf
2786,-1000.0,1000.0,-inf,inf
2787,-1000.0,1000.0,-inf,inf
2788,-1000.0,1000.0,-inf,inf
2789,-1000.0,1000.0,-inf,inf
2790,-1000.0,1000.0,-inf,inf
2791,-1000.0,1000.0,-inf,inf
2792,-1000.0,1000.0,-inf,inf
2793,-1000.0,1000.0,-inf,inf
2794,-1000.0,1000.0,-inf,inf
2795,-1000.0,1000.0,-inf,inf
2796,-1000.0,1000.0,-inf,inf
2797,-1000.0,1000.0,-inf,inf
2798,-0.0,1000.0,-inf,inf
2799,-1000.0,1000.0,-inf,inf
2800,-1000.0,1000.0,-inf,inf
2801,-1000.0,1000.0,-inf,inf
2802,-1000.0,1000.0,-inf,inf
2803,-1000.0,1000.0,-inf,inf
2804,-1000.0,1000.0,-inf,inf
2805,-1000.0,1000.0,-inf,inf
2806,-1000.0,1000.0,-inf,inf
2807,-1000.0,1000.0,-inf,inf
2808,-1000.0,1000.0,-inf,inf
2809,-1000.0,1000.0,-inf,inf
2810,-1000.0,1000.0,-inf,inf
2811,-1000.0,1000.0,-inf,inf
2812,-1000.0,1000.0,-inf,inf
2813,-1000.0,1000.0,-inf,inf
2814,-1000.0,1000.0,-inf,inf
2815,-1000.0,1000.0,-inf,inf
2816,-1000.0,1000.0,-inf,inf
2817,-1000.0,1000.0,-inf,inf
2818,-1000.0,1000.0,-inf,inf
2819,-1000.0,1000.0,-inf,inf
2820,-1000.0,1000.0,-inf,inf
2821,-1000.0,1000.0,-inf,inf
2822,-1000.0,1000.0,-inf,inf
2823,-1000.0,1000.0,-inf,inf
2824,-1000.0,1000.0,-inf,inf
2825,-1000.0,1000.0,-inf,inf
2826,-1000.0,1000.0,-inf,inf
2827,-1000.0,1000.0,-inf,inf
2828,-1000.0,1000.0,-inf,inf
2829,-1000.0,1000.0,-inf,inf
2830,-1000.0,1000.0,-inf,inf
2832,-1000.0,1000.0,-inf,inf
2833,-1000.0,1000.0,-inf,inf
2834,-1000.0,1000.0,-inf,inf
2835,-1000.0,1000.0,-inf,inf
2836,-1000.0,1000.0,-inf,inf
2837,-1000.0,1000.0,-inf,inf
2839,-1000.0,1000.0,-inf,inf
2840,-1000.0,1000.0,-inf,inf
2841,-1000.0,1000.0,-inf,inf
2842,-1000.0,1000.0,-inf,inf
2843,-1000.0,1000.0,-inf,inf
2844,-1000.0,1000.0,-inf,inf
2845,-1000.0,1000.0,-inf,inf
2846,-1000.0,1000.0,-inf,inf
2847,-1000.0,1000.0,-inf,inf
2848,-1000.0,1000.0,-inf,inf
2849,-1000.0,1000.0,-inf,inf
2850,-1000.0,1000.0,-inf,inf
2851,-1000.0,1000.0,-inf,inf
2852,-1000.0,1000.0,-inf,inf
2853,-1000.0,1000.0,-inf,inf
2854,-1000.0,1000.0,-inf,inf
2855,0.0,1000.0,-inf,inf
2856,-1000.0,1000.0,-inf,inf
2857,-1000.0,1000.0,-inf,inf
2859,-1000.0,1000.0,-inf,inf
2860,-1000.0,1000.0,-inf,inf
2861,-0.0,1000.0,-inf,inf
2863,-1000.0,1000.0,-inf,inf
2864,-1000.0,1000.0,-inf,inf
2865,-1000.0,1000.0,-inf,inf
2866,-1000.0,1000.0,-inf,inf
2867,-1000.0,1000.0,-inf,inf
2868,-1000.0,1000.0,-inf,inf
2869,0.0,1000.0,-inf,inf
2870,-1000.0,1000.0,-inf,inf
2871,-1000.0,1000.0,-inf,inf
2872,-1000.0,1000.0,-inf,inf
2873,-1000.0,1000.0,-inf,inf
2874,-1000.0,1000.0,-inf,inf
2875,-1000.0,1000.0,-inf,inf
2876,-1000.0,1000.0,-inf,inf
2877,-1000.0,1000.0,-inf,inf
2878,-1000.0,1000.0,-inf,inf
2879,-1000.0,1000.0,-inf,inf
2881,-1000.0,1000.0,-inf,inf
2882,-1000.0,1000.0,-inf,inf
2883,-1000.0,1000.0,-inf,inf
2884,0.0,1000.0,-inf,inf
2885,-1000.0,1000.0,-inf,inf
2886,-1000.0,1000.0,-inf,inf
2887,-1000.0,1000.0,-inf,inf
2888,-1000.0,1000.0,-inf,inf
2889,-1000.0,1000.0,-inf,inf
2890,-1000.0,1000.0,-inf,inf
2891,14.382518,1000.0,-inf,inf
2892,-1000.0,1000.0,-inf,inf
2893,-1000.0,1000.0,-inf,inf
2894,-1000.0,1000.0,-inf,inf
2895,0.33873,1000.0,-inf,inf
2896,0.33873,1000.0,-inf,inf
2897,-1000.0,-0.33873,-inf,inf
2898,-1000.0,1000.0,-inf,inf
2899,-1000.0,1000.0,-inf,inf
2900,-1000.0,1000.0,-inf,inf
2902,-1000.0,1000.0,-inf,inf
2903,-1000.0,1000.0,-inf,inf
2904,-1000.0,1000.0,-inf,inf
2905,-1000.0,0.0,-inf,inf
2906,-1000.0,1000.0,-inf,inf
2907,-1000.0,1000.0,-inf,inf
2908,-1000.0,1000.0,-inf,inf
2909,-461.914129,1000.0,-inf,inf
2910,-417.029448,1000.0,-inf,inf
2911,-442.95886,999.1044,-inf,inf
2912,-999.064839,442.95886,-inf,inf
2913,0.0,0.0,-inf,inf
2914,0.0,0.0,-inf,inf
2916,-1000.0,1000.0,-inf,inf
2917,-1000.0,1000.0,-inf,inf
2918,-1000.0,1000.0,-inf,inf
2919,-1000.0,1000.0,-inf,inf
2920,-1000.0,1000.0,-inf,inf
2921,-1000.0,1000.0,-inf,inf
2922,-1000.0,1000.0,-inf,inf
2923,-1000.0,1000.0,-inf,inf
2924,-1000.0,1000.0,-inf,inf
2925,-1000.0,1000.0,-inf,inf
2926,-1000.0,1000.0,-inf,inf
2927,-1000.0,1000.0,-inf,inf
2928,-1000.0,1000.0,-inf,inf
2929,0.0,1000.0,-inf,inf
2930,-1000.0,1000.0,-inf,inf
2931,-1000.0,1000.0,-inf,inf
2932,-1000.0,1000.0,-inf,inf
2933,-1000.0,1000.0,-inf,inf
2935,-1000.0,1000.0,-inf,inf
2936,-1000.0,1000.0,-inf,inf
2937,-1000.0,1000.0,-inf,inf
2938,-1000.0,1000.0,-inf,inf
2939,-1000.0,1000.0,-inf,inf
2941,-1000.0,1000.0,-inf,inf
2942,-1000.0,1000.0,-inf,inf
2943,-1000.0,1000.0,-inf,inf
2944,-1000.0,1000.0,-inf,inf
2945,-1000.0,1000.0,-inf,inf
2946,-666.666667,666.666667,-inf,inf
2947,-666.666667,666.666667,-inf,inf
2948,-666.666667,666.666667,-inf,inf
2949,-1000.0,1000.0,-inf,inf
2950,-1000.0,1000.0,-inf,inf
2951,-1000.0,1000.0,-inf,inf
2952,-1000.0,1000.0,-inf,inf
2953,-1000.0,1000.0,-inf,inf
2954,-1000.0,1000.0,-inf,inf
2955,-1000.0,1000.0,-inf,inf
2956,-1000.0,1000.0,-inf,inf
2957,-1000.0,1000.0,-inf,inf
2958,-1000.0,1000.0,-inf,inf
2959,-1000.0,1000.0,-inf,inf
2960,-1000.0,1000.0,-inf,inf
2961,-1000.0,1000.0,-inf,inf
2962,0.0,0.0,-inf,inf
2964,-1000.0,1000.0,-inf,inf
2965,-1000.0,1000.0,-inf,inf
2966,-0.0,1000.0,-inf,inf
2967,-1000.0,1000.0,-inf,inf
2968,-1000.0,1000.0,-inf,inf
2969,-1000.0,1000.0,-inf,inf
2970,-1000.0,1000.0,-inf,inf
2971,0.0,352.64187,-inf,inf
2972,-1000.0,1000.0,-inf,inf
2973,-1000.0,1000.0,-inf,inf
2974,-1000.0,1000.0,-inf,inf
2975,-1000.0,1000.0,-inf,inf
2976,0.0,0.0,-inf,inf
2977,0.0,0.0,-inf,inf
2978,-1000.0,1000.0,-inf,inf
2979,-1000.0,1000.0,-inf,inf
2980,-1000.0,1000.0,-inf,inf
2981,-1000.0,1000.0,-inf,inf
2982,-1000.0,1000.0,-inf,inf
2983,-1000.0,1000.0,-inf,inf
2984,1000.0,1000.0,-inf,inf
2985,-1000.0,1000.0,-inf,inf
2986,-1000.0,1000.0,-inf,inf
2987,-1000.0,1000.0,-inf,inf
2988,-1000.0,1000.0,-inf,inf
2989,-1000.0,1000.0,-inf,inf
2990,-1000.0,1000.0,-inf,inf
2991,-1000.0,1000.0,-inf,inf
2992,-1000.0,1000.0,-inf,inf
2993,0.0,1000.0,-inf,inf
2994,-1000.0,1000.0,-inf,inf
2995,-1000.0,1000.0,-inf,inf
2996,-1000.0,1000.0,-inf,inf
2997,-1000.0,1000.0,-inf,inf
2998,-1000.0,1000.0,-inf,inf
2999,0.0,1000.0,-inf,inf
3000,-1000.0,1000.0,-inf,inf
3001,-1000.0,1000.0,-inf,inf
3002,-1000.0,1000.0,-inf,inf
3003,-1000.0,1000.0,-inf,inf
3004,-1000.0,1000.0,-inf,inf
3005,-1000.0,1000.0,-inf,inf
3006,-1000.0,1000.0,-inf,inf
3007,-1000.0,1000.0,-inf,inf
3008,-1000.0,1000.0,-inf,inf
3009,-1000.0,1000.0,-inf,inf
3010,0.0,1000.0,-inf,inf
3011,-1000.0,1000.0,-inf,inf
3012,-1000.0,1000.0,-inf,inf
3013,-1000.0,1000.0,-inf,inf
3014,-1000.0,1000.0,-inf,inf
3015,-1000.0,1000.0,-inf,inf
3016,-1000.0,1000.0,-inf,inf
3017,-1000.0,1000.0,-inf,inf
3018,-1000.0,1000.0,-inf,inf
3019,-1000.0,1000.0,-inf,inf
3020,-1000.0,1000.0,-inf,inf
3021,-1000.0,1000.0,-inf,inf
3022,-1000.0,1000.0,-inf,inf
3023,-1000.0,1000.0,-inf,inf
3024,0.0,1000.0,-inf,inf
3025,0.0,1000.0,-inf,inf
3026,-1000.0,1000.0,-inf,inf
3027,-1000.0,1000.0,-inf,inf
3028,-1000.0,1000.0,-inf,inf
3029,-1000.0,1000.0,-inf,inf
3030,-1000.0,1000.0,-inf,inf
3031,-1000.0,1000.0,-inf,inf
3032,-1000.0,1000.0,-inf,inf
3033,-1000.0,1000.0,-inf,inf
3034,-1000.0,1000.0,-inf,inf
3035,-1000.0,1000.0,-inf,inf
3036,-1000.0,1000.0,-inf,inf
3037,-1000.0,1000.0,-inf,inf
3038,0.0,1000.0,-inf,inf
3039,0.0,1000.0,-inf,inf
3040,-1000.0,0.0,-inf,inf
3041,0.0,1000.0,-inf,inf
3042,-1000.0,1000.0,-inf,inf
3043,-1000.0,1000.0,-inf,inf
3044,-1000.0,1000.0,-inf,inf
3045,-1000.0,1000.0,-inf,inf
3046,-1000.0,1000.0,-inf,inf
3047,-1000.0,1000.0,-inf,inf
3048,-1000.0,1000.0,-inf,inf
3049,-1000.0,1000.0,-inf,inf
3050,-1000.0,1000.0,-inf,inf
3051,-1000.0,1000.0,-inf,inf
3052,-1000.0,1000.0,-inf,inf
3053,-1000.0,1000.0,-inf,inf
3054,-1000.0,1000.0,-inf,inf
3055,-1000.0,1000.0,-inf,inf
3056,-1000.0,1000.0,-inf,inf
3057,-1000.0,1000.0,-inf,inf
3058,-1000.0,1000.0,-inf,inf
3059,-1000.0,1000.0,-inf,inf
3060,-1000.0,1000.0,-inf,inf
3061,-1000.0,1000.0,-inf,inf
3062,-1000.0,1000.0,-inf,inf
3063,-1000.0,1000.0,-inf,inf
3064,-1000.0,1000.0,-inf,inf
3065,0.0,1000.0,-inf,inf
3066,-1000.0,1000.0,-inf,inf
3067,-1000.0,1000.0,-inf,inf
3068,-1000.0,1000.0,-inf,inf
3070,-1000.0,1000.0,-inf,inf
3071,-1000.0,1000.0,-inf,inf
3072,-1000.0,1000.0,-inf,inf
3073,-1000.0,1000.0,-inf,inf
3076,-1000.0,1000.0,-inf,inf
3077,-1000.0,1000.0,-inf,inf
3078,-1000.0,1000.0,-inf,inf
3079,-1000.0,1000.0,-inf,inf
3080,-1000.0,1000.0,-inf,inf
3081,-1000.0,1000.0,-inf,inf
3082,-1000.0,1000.0,-inf,inf
3083,-1000.0,1000.0,-inf,inf
3084,-1000.0,1000.0,-inf,inf
3085,-1000.0,1000.0,-inf,inf
3086,-999.881857,1000.0,-inf,inf
3087,-1000.0,1000.0,-inf,inf
3088,-1000.0,1000.0,-inf,inf
3089,-1000.0,1000.0,-inf,inf
3090,-1000.0,1000.0,-inf,inf
3091,-1000.0,1000.0,-inf,inf
3092,-1000.0,1000.0,-inf,inf
3093,-1000.0,1000.0,-inf,inf
3094,-1000.0,1000.0,-inf,inf
3095,-1000.0,1000.0,-inf,inf
3096,-1000.0,1000.0,-inf,inf
3097,-1000.0,1000.0,-inf,inf
3098,-1000.0,1000.0,-inf,inf
3099,-1000.0,1000.0,-inf,inf
3100,-1000.0,1000.0,-inf,inf
3101,-1000.0,1000.0,-inf,inf
3102,-1000.0,1000.0,-inf,inf
3103,-1000.0,1000.0,-inf,inf
3104,-1000.0,1000.0,-inf,inf
3105,-1000.0,1000.0,-inf,inf
3106,0.0,1000.0,-inf,inf
3108,-1000.0,1000.0,-inf,inf
3109,-1000.0,1000.0,-inf,inf
3110,-1000.0,1000.0,-inf,inf
3111,-1000.0,1000.0,-inf,inf
3112,-1000.0,1000.0,-inf,inf
3113,-1000.0,1000.0,-inf,inf
3114,-1000.0,1000.0,-inf,inf
3115,0.0,1000.0,-inf,inf
3116,-1000.0,1000.0,-inf,inf
3117,-1000.0,1000.0,-inf,inf
3118,-1000.0,1000.0,-inf,inf
3119,-1000.0,1000.0,-inf,inf
3120,-1000.0,1000.0,-inf,inf
3121,-1000.0,1000.0,-inf,inf
3122,-1000.0,1000.0,-inf,inf
3123,-1000.0,1000.0,-inf,inf
3124,-1000.0,1000.0,-inf,inf
3125,-1000.0,1000.0,-inf,inf
3126,-1000.0,1000.0,-inf,inf
3127,-1000.0,1000.0,-inf,inf
3128,-1000.0,1000.0,-inf,inf
3129,-1000.0,1000.0,-inf,inf
3130,-1000.0,1000.0,-inf,inf
3131,-1000.0,1000.0,-inf,inf
3132,-1000.0,1000.0,-inf,inf
3133,-1000.0,1000.0,-inf,inf
3135,-1000.0,1000.0,-inf,inf
3136,-1000.0,1000.0,-inf,inf
3137,-1000.0,1000.0,-inf,inf
3138,-1000.0,1000.0,-inf,inf
3139,-1000.0,1000.0,-inf,inf
3140,-1000.0,1000.0,-inf,inf
3141,-1000.0,1000.0,-inf,inf
3142,-1000.0,1000.0,-inf,inf
3143,-1000.0,1000.0,-inf,inf
3144,-1000.0,1000.0,-inf,inf
3145,-1000.0,1000.0,-inf,inf
3146,-1000.0,1000.0,-inf,inf
3147,-1000.0,1000.0,-inf,inf
3148,-0.0,1000.0,-inf,inf
3149,-1000.0,1000.0,-inf,inf
3150,-1000.0,1000.0,-inf,inf
3151,-1000.0,1000.0,-inf,inf
3152,-1000.0,1000.0,-inf,inf
3153,1000.0,1000.0,-inf,inf
3154,-1000.0,1000.0,-inf,inf
3155,-1000.0,1000.0,-inf,inf
3156,-1000.0,1000.0,-inf,inf
3157,-1000.0,1000.0,-inf,inf
3158,-1000.0,1000.0,-inf,inf
3159,0.0,1000.0,-inf,inf
3161,0.0,1000.0,-inf,inf
3164,0.0,1000.0,-inf,inf
3165,0.0,1000.0,-inf,inf
3167,0.0,1000.0,-inf,inf
3168,0.0,1000.0,-inf,inf
3169,-1000.0,1000.0,-inf,inf
3171,-1000.0,1000.0,-inf,inf
3172,-1000.0,1000.0,-inf,inf
3173,-1000.0,1000.0,-inf,inf
3174,-1000.0,1000.0,-inf,inf
3175,-1000.0,1000.0,-inf,inf
3176,-1000.0,1000.0,-inf,inf
3177,-1000.0,1000.0,-inf,inf
3178,-1000.0,1000.0,-inf,inf
3179,-1000.0,1000.0,-inf,inf
3180,-1000.0,1000.0,-inf,inf
3181,-1000.0,1000.0,-inf,inf
3182,-1000.0,1000.0,-inf,inf
3183,-1000.0,1000.0,-inf,inf
3184,39.277312,1000.0,-inf,inf
3185,-1000.0,1000.0,-inf,inf
3186,-1000.0,1000.0,-inf,inf
3187,-1000.0,1000.0,-inf,inf
3188,-0.0,1000.0,-inf,inf
3189,-1000.0,1000.0,-inf,inf
3190,-1000.0,1000.0,-inf,inf
3191,-1000.0,1000.0,-inf,inf
3192,-1000.0,1000.0,-inf,inf
3193,0.0,0.0,-inf,inf
3195,0.0,0.0,-inf,inf
3196,0.0,0.0,-inf,inf
3197,0.0,0.0,-inf,inf
3198,0.0,0.0,-inf,inf
3199,0.0,0.0,-inf,inf
3201,-1000.0,1000.0,-inf,inf
3202,-1000.0,1000.0,-inf,inf
3203,-1000.0,1000.0,-inf,inf
3204,-1000.0,1000.0,-inf,inf
3205,-1000.0,1000.0,-inf,inf
3206,-1000.0,1000.0,-inf,inf
3209,-1000.0,1000.0,-inf,inf
3210,-1000.0,1000.0,-inf,inf
3211,-1000.0,1000.0,-inf,inf
3212,-1000.0,1000.0,-inf,inf
3213,-1000.0,1000.0,-inf,inf
3214,-1000.0,1000.0,-inf,inf
3215,-1000.0,1000.0,-inf,inf
3217,-1000.0,1000.0,-inf,inf
3218,-1000.0,1000.0,-inf,inf
3219,-1000.0,1000.0,-inf,inf
3220,-1000.0,1000.0,-inf,inf
3221,-1000.0,1000.0,-inf,inf
3222,-1000.0,1000.0,-inf,inf
3223,-1000.0,1000.0,-inf,inf
3225,-1000.0,1000.0,-inf,inf
3226,-1000.0,1000.0,-inf,inf
3227,-1000.0,1000.0,-inf,inf
3228,-1000.0,1000.0,-inf,inf
3229,-1000.0,1000.0,-inf,inf
3230,-1000.0,1000.0,-inf,inf
3231,0.0,1000.0,-inf,inf
3232,0.0,1000.0,-inf,inf
3233,-1000.0,1000.0,-inf,inf
3234,-1000.0,1000.0,-inf,inf
3235,-1000.0,1000.0,-inf,inf
3236,-1000.0,1000.0,-inf,inf
3237,-1000.0,1000.0,-inf,inf
3238,-1000.0,1000.0,-inf,inf
3239,0.0,1000.0,-inf,inf
3240,-1000.0,1000.0,-inf,inf
3241,-1000.0,1000.0,-inf,inf
3242,-1000.0,1000.0,-inf,inf
3243,-1000.0,1000.0,-inf,inf
3244,-1000.0,1000.0,-inf,inf
3245,-1000.0,1000.0,-inf,inf
3246,-1000.0,1000.0,-inf,inf
3247,-1000.0,1000.0,-inf,inf
3248,-1000.0,1000.0,-inf,inf
3249,-1000.0,1000.0,-inf,inf
3250,-1000.0,1000.0,-inf,inf
3251,-1000.0,1000.0,-inf,inf
3252,0.0,1000.0,-inf,inf
3253,-1000.0,1000.0,-inf,inf
3254,-1000.0,1000.0,-inf,inf
3255,-1000.0,1000.0,-inf,inf
3256,-1000.0,0.0,-inf,inf
3257,-1000.0,1000.0,-inf,inf
3258,-1000.0,1000.0,-inf,inf
3259,-1000.0,1000.0,-inf,inf
3260,-1000.0,1000.0,-inf,inf
3261,-1000.0,1000.0,-inf,inf
3262,-1000.0,1000.0,-inf,inf
3263,-1000.0,1000.0,-inf,inf
3264,-1000.0,1000.0,-inf,inf
3265,-1000.0,1000.0,-inf,inf
3266,-1000.0,1000.0,-inf,inf
3267,-1000.0,1000.0,-inf,inf
3268,-1000.0,1000.0,-inf,inf
3269,-1000.0,1000.0,-inf,inf
3270,-1000.0,1000.0,-inf,inf
3271,-1000.0,1000.0,-inf,inf
3272,-1000.0,1000.0,-inf,inf
3274,-1000.0,1000.0,-inf,inf
3275,-1000.0,1000.0,-inf,inf
3276,-1000.0,1000.0,-inf,inf
3277,-1000.0,1000.0,-inf,inf
3278,-1000.0,1000.0,-inf,inf
3279,-1000.0,1000.0,-inf,inf
3280,-1000.0,1000.0,-inf,inf
3281,-1000.0,1000.0,-inf,inf
3282,-1000.0,1000.0,-inf,inf
3283,-1000.0,1000.0,-inf,inf
3284,-1000.0,1000.0,-inf,inf
3285,-1000.0,1000.0,-inf,inf
3286,-1000.0,1000.0,-inf,inf
3287,-1000.0,1000.0,-inf,inf
3288,-1000.0,1000.0,-inf,inf
3290,-1000.0,1000.0,-inf,inf
3292,-1000.0,1000.0,-inf,inf
3293,-1000.0,1000.0,-inf,inf
3294,-1000.0,1000.0,-inf,inf
3295,-1000.0,1000.0,-inf,inf
3296,-1000.0,1000.0,-inf,inf
3297,-1000.0,1000.0,-inf,inf
3298,-1000.0,1000.0,-inf,inf
3299,-1000.0,1000.0,-inf,inf
3300,-1000.0,1000.0,-inf,inf
3301,-1000.0,1000.0,-inf,inf
3302,-1000.0,1000.0,-inf,inf
3303,-1000.0,1000.0,-inf,inf
3304,-1000.0,1000.0,-inf,inf
3305,-1000.0,1000.0,-inf,inf
3306,-1000.0,1000.0,-inf,inf
3307,-1000.0,1000.0,-inf,inf
3308,-1000.0,1000.0,-inf,inf
3309,-1000.0,1000.0,-inf,inf
3310,-1000.0,1000.0,-inf,inf
3311,0.0,1000.0,-inf,inf
3312,0.0,1000.0,-inf,inf
3313,-1000.0,1000.0,-inf,inf
3314,-1000.0,1000.0,-inf,inf
3315,-1000.0,1000.0,-inf,inf
3316,-1000.0,1000.0,-inf,inf
3317,-1000.0,1000.0,-inf,inf
3318,-1000.0,1000.0,-inf,inf
3319,0.0,1000.0,-inf,inf
3320,0.0,1000.0,-inf,inf
3321,-1000.0,1000.0,-inf,inf
3322,-245.711571,255.152758,-inf,inf
3323,-934.173013,897.241609,-inf,inf
3324,-897.241609,934.173013,-inf,inf
3325,-770.264507,761.005358,-inf,inf
3326,-934.173013,897.241609,-inf,inf
3327,-1000.0,1000.0,-inf,inf
3328,-1000.0,1000.0,-inf,inf
3329,-1000.0,1000.0,-inf,inf
3330,-1000.0,1000.0,-inf,inf
3331,-1000.0,1000.0,-inf,inf
3332,0.0,1000.0,-inf,inf
3334,-1000.0,1000.0,-inf,inf
3335,-1000.0,1000.0,-inf,inf
3336,-957.452427,958.413769,-inf,inf
3337,0.074791,0.609741,-inf,inf
3338,-1000.0,1000.0,-inf,inf
3339,-1000.0,1000.0,-inf,inf
3340,-1000.0,1000.0,-inf,inf
3341,0.0,1000.0,-inf,inf
3342,-1000.0,1000.0,-inf,inf
3343,-1000.0,1000.0,-inf,inf
3344,-1000.0,1000.0,-inf,inf
3345,-1000.0,1000.0,-inf,inf
3346,-1000.0,1000.0,-inf,inf
3347,-1000.0,1000.0,-inf,inf
3348,-1000.0,1000.0,-inf,inf
3349,-1000.0,1000.0,-inf,inf
3351,-1000.0,1000.0,-inf,inf
3352,-1000.0,1000.0,-inf,inf
3353,-1000.0,1000.0,-inf,inf
3354,-1000.0,1000.0,-inf,inf
3355,-1000.0,1000.0,-inf,inf
3356,-1000.0,1000.0,-inf,inf
3357,-1000.0,1000.0,-inf,inf
3358,0.0,1000.0,-inf,inf
3360,-1000.0,1000.0,-inf,inf
3361,-1000.0,1000.0,-inf,inf
3362,-1000.0,1000.0,-inf,inf
3363,-1000.0,1000.0,-inf,inf
3364,-1000.0,1000.0,-inf,inf
3365,-1000.0,1000.0,-inf,inf
3366,-1000.0,1000.0,-inf,inf
3367,-1000.0,1000.0,-inf,inf
3368,0.076148,0.620235,-inf,inf
3369,-1000.0,1000.0,-inf,inf
3370,-1000.0,1000.0,-inf,inf
3371,-1000.0,1000.0,-inf,inf
3373,-1000.0,1000.0,-inf,inf
3374,-1000.0,1000.0,-inf,inf
3375,-1000.0,1000.0,-inf,inf
3377,-1000.0,1000.0,-inf,inf
3378,-1000.0,1000.0,-inf,inf
3379,-1000.0,1000.0,-inf,inf
3380,-1000.0,1000.0,-inf,inf
3381,-1000.0,1000.0,-inf,inf
3382,-1000.0,1000.0,-inf,inf
3383,-1000.0,1000.0,-inf,inf
3384,-1000.0,1000.0,-inf,inf
3385,-1000.0,1000.0,-inf,inf
3386,-1000.0,1000.0,-inf,inf
3387,-1000.0,1000.0,-inf,inf
3388,-1000.0,1000.0,-inf,inf
3389,-1000.0,1000.0,-inf,inf
3390,-1000.0,1000.0,-inf,inf
3391,-1000.0,1000.0,-inf,inf
3392,-1000.0,1000.0,-inf,inf
3393,-1000.0,1000.0,-inf,inf
3394,-1000.0,1000.0,-inf,inf
3395,0.0,1000.0,-inf,inf
3396,-1000.0,1000.0,-inf,inf
3397,-1000.0,1000.0,-inf,inf
3398,-1000.0,1000.0,-inf,inf
3400,-1000.0,1000.0,-inf,inf
3401,0.075355,0.614354,-inf,inf
3402,0.0,1000.0,-134.588604,140.55396
3403,1.1e-05,64.770967,-inf,inf
3404,10.989297,89.62324,-inf,inf
3405,0.0,0.0,-142.639831,19.408285
3408,-1000.0,1000.0,-156.625243,41.203802
3409,0.0,1000.0,-190.305201,-45.815391
3410,10.989297,89.62324,-inf,inf
3411,10.989297,89.62324,-inf,inf
3412,10.989297,89.62324,-inf,inf
3413,10.989297,89.62324,-inf,inf
3414,0.0,0.0,-inf,inf
3415,0.0,0.0,-inf,inf
3416,0.0,0.0,-inf,inf
3417,0.0,0.0,-inf,inf
3418,0.0,0.0,-inf,inf
3419,0.0,0.0,-inf,inf
3420,0.0,0.0,-inf,inf
3421,0.0,0.0,-inf,inf
3422,0.0,0.0,-inf,inf
3423,0.0,0.0,-inf,inf
3424,0.0,0.0,-inf,inf
3426,10.989297,89.62324,-inf,inf
3428,10.989297,89.62324,-inf,inf
3429,-1000.0,1000.0,-inf,inf
3430,-1000.0,1000.0,-inf,inf
3431,-1000.0,1000.0,-inf,inf
3432,-1000.0,1000.0,-inf,inf
3433,-1000.0,1000.0,-inf,inf
3434,-1000.0,1000.0,-inf,inf
3435,-1000.0,1000.0,-inf,inf
3436,0.0,1000.0,-inf,inf
3437,-1000.0,1000.0,-inf,inf
3438,-1000.0,1000.0,-inf,inf
3439,-952.784677,952.784677,-inf,inf
3440,-957.213432,957.213432,-inf,inf
3441,-1000.0,1000.0,-inf,inf
3442,-1000.0,1000.0,-inf,inf
3443,-0.0,1000.0,-inf,inf
3444,-1000.0,1000.0,-inf,inf
3445,-1000.0,1000.0,-inf,inf
3446,-1000.0,1000.0,-inf,inf
3447,-1000.0,1000.0,-inf,inf
3448,-1000.0,1000.0,-inf,inf
3449,-1000.0,1000.0,-inf,inf
3450,-1000.0,1000.0,-inf,inf
3451,-0.0,1000.0,-inf,inf
3452,-1000.0,1000.0,-inf,inf
3453,-1000.0,1000.0,-inf,inf
3456,-1000.0,1000.0,-inf,inf
3457,-1000.0,1000.0,-inf,inf
3458,-1000.0,1000.0,-inf,inf
3459,-1000.0,1000.0,-inf,inf
3460,-952.661538,952.661538,-inf,inf
3461,-1000.0,1000.0,-inf,inf
3462,-1000.0,1000.0,-inf,inf
3463,-1000.0,1000.0,-inf,inf
3464,-1000.0,1000.0,-inf,inf
3465,-1000.0,1000.0,-inf,inf
3466,-0.0,1000.0,-inf,inf
3467,-1000.0,1000.0,-inf,inf
3468,-1000.0,1000.0,-inf,inf
3469,-1000.0,1000.0,-inf,inf
3470,-1000.0,1000.0,-inf,inf
3471,-1000.0,1000.0,-inf,inf
3472,-1000.0,1000.0,-inf,inf
3473,-1000.0,1000.0,-inf,inf
3474,-0.0,1000.0,-inf,inf
3475,-1000.0,1000.0,-inf,inf
3476,-1000.0,1000.0,-inf,inf
3477,-0.0,1000.0,-inf,inf
3478,-1000.0,1000.0,-inf,inf
3479,-1000.0,1000.0,-inf,inf
3480,-1000.0,1000.0,-inf,inf
3481,-1000.0,1000.0,-inf,inf
3482,-1000.0,1000.0,-inf,inf
3483,-1000.0,1000.0,-inf,inf
3484,-1000.0,1000.0,-inf,inf
3485,-1000.0,1000.0,-inf,inf
3486,-1000.0,1000.0,-inf,inf
3487,-1000.0,1000.0,-inf,inf
3488,-1000.0,1000.0,-inf,inf
3489,-1000.0,1000.0,-inf,inf
3490,-1000.0,1000.0,-inf,inf
3491,-1000.0,1000.0,-inf,inf
3492,-1000.0,1000.0,-inf,inf
3493,-1000.0,1000.0,-inf,inf
3494,-1000.0,1000.0,-inf,inf
3495,-1000.0,1000.0,-inf,inf
3496,-1000.0,1000.0,-inf,inf
3497,-1000.0,1000.0,-inf,inf
3498,-1000.0,1000.0,-inf,inf
3499,-1000.0,1000.0,-inf,inf
3500,-1000.0,1000.0,-inf,inf
3501,-1000.0,1000.0,-inf,inf
3502,-1000.0,1000.0,-inf,inf
3503,-1000.0,1000.0,-inf,inf
3504,-1000.0,1000.0,-inf,inf
3505,-1000.0,1000.0,-inf,inf
3506,-1000.0,1000.0,-inf,inf
3507,-1000.0,1000.0,-inf,inf
3508,-1000.0,1000.0,-inf,inf
3509,-1000.0,1000.0,-inf,inf
3510,-1000.0,1000.0,-inf,inf
3511,-1000.0,1000.0,-inf,inf
3512,-1000.0,1000.0,-inf,inf
3513,-1000.0,1000.0,-inf,inf
3514,-1000.0,1000.0,-inf,inf
3515,0.0,0.0,-599.765711,663.983644
3517,0.0,0.0,-inf,inf
3518,0.0,0.0,-478.782894,235.001111
3519,-396.722104,0.0,-185.346793,119.849791
3520,0.0,0.0,-137.502678,25.396806
3521,0.0,0.0,-302.830614,175.309939
3522,0.0,0.0,-inf,inf
3523,0.0,0.0,-244.696543,-61.875957
3524,-1000.0,1000.0,-inf,inf
3525,-1000.0,1000.0,-inf,inf
3526,-0.0,1000.0,-inf,inf
3527,0.0,0.0,-201.382133,165.857691
3528,0.0,0.0,-inf,inf
3529,0.0,0.0,-inf,inf
3530,0.0,0.0,-inf,inf
3531,0.0,0.0,-inf,inf
3532,0.0,0.0,-inf,inf
3533,0.0,0.0,-inf,inf
3534,-1000.0,999.999989,-122.661832,51.144223
3535,0.0,0.0,-inf,inf
3536,0.0,0.0,-inf,inf
3537,0.0,0.0,-inf,inf
3539,0.0,0.0,-172.822763,125.006157
3540,0.0,0.0,-174.522118,126.792548
3542,0.0,0.0,-167.719219,119.98965
3543,0.0,0.0,-inf,inf
3544,0.0,0.0,-162.371667,113.970175
3545,0.0,0.0,-97.941531,62.21747
3546,-1000.0,1000.0,-85.75864,84.09444
3547,0.0,0.0,-396.501895,523.475136
3548,0.0,0.0,-inf,inf
3549,-0.0,1000.0,-117.557991,56.655921
3550,0.0,0.0,-139.724762,152.433236
3551,0.0,0.0,-10.959233,358.427282
3552,0.0,0.0,-132.791694,34.578111
3553,0.0,0.0,-389.883431,310.758599
3554,0.0,0.0,-inf,inf
3555,0.0,0.0,-inf,inf
3556,0.0,336.234571,-inf,inf
3557,0.0,0.0,-inf,inf
3558,0.0,0.0,-216.643108,124.171863
3559,0.0,634.755367,-396.501895,523.475136
3560,-583.544747,0.0,-117.625781,46.834153
3561,-352.64187,0.0,-123.335627,47.589372
3562,-0.0,1000.0,-244.229502,-0.880734
3563,0.0,0.0,-359.723211,206.0704
3564,0.0,0.0,-160.400085,170.204488
3565,0.0,0.0,-160.478288,170.126291
3566,0.0,0.0,-inf,inf
3567,0.0,0.0,-429.359687,-53.257873
3568,0.0,396.722104,-345.873031,-53.270273
3569,-300.460931,999.999989,-118.107028,47.566941
3570,-1000.0,1000.0,-207.713697,109.253904
3571,0.0,0.0,-96.112613,434.383349
3572,0.0,0.0,-inf,inf
3573,0.0,0.0,-inf,inf
3574,0.0,0.0,-312.419071,117.294615
3575,0.0,0.0,-161.449332,114.948985
3576,0.0,0.0,-157.019955,58.255952
3577,0.0,0.0,-245.202381,1.439187
3578,-1000.0,999.956372,-inf,inf
3579,-1000.0,1000.0,-98.667447,104.44379
3580,0.0,0.0,-274.802381,169.691181
3581,0.0,0.0,-320.766256,169.760138
3582,0.0,0.0,-157.811399,332.457562
3583,0.0,0.0,-343.184794,148.221987
3586,-1000.0,0.0,30.809124,163.737196
3587,0.0,0.0,-inf,inf
3588,0.0,0.0,-inf,inf
3589,0.0,0.0,-inf,inf
3593,0.0,0.0,-130.774586,30.988474
3594,0.0,0.0,-83.271597,197.553989
3595,-1000.0,0.0,-323.576271,165.283492
3596,-1000.0,1000.0,-153.576488,56.262504
3597,0.0,0.0,-inf,inf
3598,0.0,0.0,-inf,inf
3599,0.0,0.0,-703.53419,-232.560385
3600,-0.0,0.0,-705.766457,-237.674225
3601,0.0,0.0,-123.222983,51.077726
3602,0.0,0.0,-122.986145,51.314568
3603,-1000.0,1000.0,-47.619346,63.117045
3604,0.0,0.0,-inf,inf
3605,-1000.0,1000.0,-153.81657,122.93086
3606,0.0,1000.0,-206.130943,-23.316308
3607,-1000.0,1000.0,-233.540433,4.090384
3608,-1000.0,1000.0,-230.188987,0.746619
3609,0.0,0.0,-286.22308,56.777565
3610,0.0,0.0,-44.196517,325.189998
3611,0.0,0.0,-inf,inf
3613,0.0,0.0,-739.611589,-179.07035
3614,-1000.0,1000.0,-457.739011,50.640814
3615,0.0,0.0,-inf,inf
3616,0.0,0.0,-inf,inf
3617,0.0,0.0,-234.937954,2.676153
3618,-528.946077,1000.0,-155.854999,73.461211
3619,-528.962806,1000.0,-163.945129,51.292767
3620,0.0,0.0,-163.908353,51.256485
3621,0.0,0.0,-163.908357,51.256489
3622,-528.962806,0.0,-169.226147,56.574216
3623,0.0,0.0,-163.945129,51.292767
3624,0.0,0.0,-53.367347,53.367347
3625,0.0,0.0,-280.36689,7.836265
3626,-1000.0,1000.0,-292.504153,51.151861
3627,-1000.0,1000.0,-314.030599,49.857967
3628,-1000.0,1000.0,-281.019859,12.862988
3629,0.0,0.0,-inf,inf
3630,0.0,0.0,-255.004977,-55.916282
3631,0.0,0.0,-356.666289,93.198182
3632,0.0,0.0,-283.36357,8.781126
3633,0.0,0.0,-293.665573,24.483551
3634,0.0,0.0,-280.930116,113.324659
3635,0.0,0.0,-283.594247,15.429018
3637,0.0,0.0,-270.908118,20.975373
3638,0.0,0.0,-270.90818,20.97531
3639,0.0,0.0,-284.733121,16.869943
3641,0.0,0.0,-303.511299,55.646774
3642,0.0,0.0,-194.872437,2.269153
3643,0.0,0.0,-inf,inf
3644,0.0,0.0,-394.898696,175.944874
3645,0.0,0.0,-262.173415,142.432521
3646,0.0,0.0,-inf,inf
3647,0.0,0.0,-inf,inf
3648,-1000.0,0.0,-142.051756,135.285513
3649,0.0,0.0,-inf,inf
3650,0.0,0.0,-140.283678,17.050636
3651,0.0,0.0,-123.845919,33.149295
3652,0.0,0.0,-inf,inf
3653,0.0,0.0,-inf,inf
3654,0.0,0.0,-inf,inf
3655,0.0,0.0,-inf,inf
3656,0.0,0.0,-329.411794,77.641088
3657,0.0,0.0,-inf,inf
3658,0.0,0.0,-inf,inf
3659,0.0,0.0,-inf,inf
3660,-1000.0,1000.0,-174.903416,144.474928
3661,0.0,0.0,-inf,inf
3662,-1000.0,1000.0,-inf,inf
3663,-1000.0,1000.0,-inf,inf
3664,0.0,0.0,-inf,inf
3665,0.0,1000.0,-196.826814,-14.037791
3666,0.0,0.0,-317.335508,171.879659
3667,0.0,0.0,-inf,inf
3668,0.0,0.0,-inf,inf
3669,0.0,0.0,-inf,inf
3670,-1000.0,0.0,-inf,inf
3672,-352.842339,0.0,-inf,inf
3673,-793.444209,0.0,-193.356153,82.415183
3674,-212.284064,0.0,-170.034581,54.754495
3675,-212.284064,0.0,-inf,inf
3676,-212.284064,0.0,-174.515552,50.799854
3677,-212.284064,0.0,-inf,inf
3678,-1000.0,0.0,-inf,inf
3679,-1000.0,0.0,-100.730372,30.68068
3680,0.0,0.0,-299.664996,160.972076
3681,0.0,0.0,-inf,inf
3682,0.0,0.0,-542.96935,-221.481689
3683,0.0,0.0,-280.424477,131.070597
3684,0.0,793.444209,-102.823939,102.786214
3685,-793.444209,0.0,-inf,inf
3686,-313.811226,0.0,-157.367981,42.079752
3687,-313.811226,0.0,-inf,inf
3688,-313.811226,0.0,-112.119594,37.861763
3689,-313.811226,0.0,-inf,inf
3690,-453.396691,0.0,-inf,inf
3691,-453.396691,0.0,-188.035096,109.74565
3692,0.0,0.0,-222.150561,116.15586
3693,0.0,0.0,-inf,inf
3694,0.0,0.0,-inf,inf
3695,-328.942272,0.0,-174.54882,186.584802
3696,-328.942272,0.0,-inf,inf
3697,-340.108149,0.0,-146.254933,31.920494
3698,0.0,0.0,-inf,inf
3699,-288.706328,0.0,-158.574258,43.286389
3700,-288.706328,0.0,-inf,inf
3701,0.0,0.0,-174.487014,-1.994579
3702,0.0,0.0,-inf,inf
3703,-998.46975,0.0,-224.856348,49.240516
3704,-998.46975,0.0,-inf,inf
3705,-212.282529,0.0,-142.44019,18.719358
3706,-212.284064,0.0,-inf,inf
3707,-264.481403,0.0,-123.895771,33.199026
3708,-264.481403,0.0,-inf,inf
3709,-631.867026,0.0,-74.688149,211.430894
3710,-631.867026,0.0,-inf,inf
3711,0.0,0.0,-inf,inf
3712,0.0,0.0,-inf,inf
3713,-528.962806,0.0,-122.007192,141.260937
3714,-528.962806,0.0,-inf,inf
3715,-453.396691,0.0,-171.660223,108.984757
3716,-453.396691,0.0,-inf,inf
3717,0.0,0.0,-175.685727,-0.796252
3718,0.0,0.0,-inf,inf
3719,0.0,0.0,-126.770851,46.440332
3720,0.0,0.0,-inf,inf
3721,0.0,0.0,-inf,inf
3722,-528.962806,0.0,-165.074251,50.520807
3723,-528.962806,0.0,-53.456433,53.456433
3724,-528.962806,0.0,-inf,inf
3725,-793.444209,996.323807,-182.770854,184.051864
3726,-453.396691,0.0,-145.29834,65.274779
3727,-376.547506,0.0,-inf,inf
3728,-396.722104,0.0,-inf,inf
3729,-176.320935,0.0,-133.471355,30.039125
3730,-453.396691,0.0,-inf,inf
3731,-453.396691,0.0,-inf,inf
3732,0.0,0.0,-143.415886,-11.134374
3733,-406.676001,0.0,-inf,inf
3734,-1000.0,0.0,-inf,inf
3735,-1000.0,0.0,-inf,inf
3736,-1000.0,0.0,-182.81484,90.366265
3737,-396.722104,0.0,-inf,inf
3738,-396.722104,0.0,-173.191674,108.190528
3739,-528.962806,0.0,-86.806355,85.886149
3740,-998.46975,0.0,-385.691627,236.773506
3741,0.0,0.0,-184.758039,8.268185
3742,-300.46092,0.0,-inf,inf
3743,-376.547506,0.0,-120.980088,47.14426
3744,-281.736666,0.0,-inf,inf
3745,-453.396691,0.0,-121.412307,51.27875
3746,-406.676001,0.0,-119.114419,46.093712
3747,-392.031801,0.0,-119.456419,44.671573
3748,-998.46975,0.0,-inf,inf
3749,-264.481403,0.0,-135.841702,26.409961
3750,0.0,0.0,-inf,inf
3751,-528.962806,0.0,-inf,inf
3752,-453.396691,0.0,-inf,inf
3753,-392.031801,0.0,-inf,inf
3755,-376.547506,0.0,-inf,inf
3756,-453.396691,0.0,-inf,inf
3757,-340.108149,0.0,-inf,inf
3758,-281.736666,0.0,-inf,inf
3759,-281.736666,0.0,-inf,inf
3760,-453.396691,0.0,-inf,inf
3761,0.0,0.0,-677.149935,-138.609496
3762,-300.46092,0.0,-inf,inf
3763,-300.46092,0.0,-inf,inf
3764,-1000.0,0.0,-127.578777,29.160052
3765,-300.46092,0.0,-inf,inf
3766,-453.396691,0.0,-inf,inf
3767,-206.322018,0.0,-inf,inf
3768,-453.396691,0.0,-233.610926,149.979376
3769,0.0,453.396691,-inf,inf
3772,-200.490505,0.0,-inf,inf
3773,-1000.0,0.0,-inf,inf
3774,-1000.0,0.0,-inf,inf
3775,-528.962806,0.0,-inf,inf
3776,-1000.0,0.0,-inf,inf
3777,-396.722104,0.0,-inf,inf
3778,-396.722104,0.0,-inf,inf
3779,-1000.0,0.0,-inf,inf
3780,-108.096793,0.0,-inf,inf
3781,0.0,0.0,-inf,inf
3782,-528.962806,0.0,-inf,inf
3783,-313.811226,0.0,-inf,inf
3784,-1000.0,0.0,-inf,inf
3785,-528.962806,0.0,-inf,inf
3786,-1000.0,0.0,-inf,inf
3787,-528.962806,0.0,-inf,inf
3788,-528.962806,0.0,-inf,inf
3789,-1000.0,0.0,-inf,inf
3790,-479.878097,0.0,-inf,inf
3791,0.0,0.0,-inf,inf
3792,-212.284064,0.0,-inf,inf
3793,0.0,0.0,-inf,inf
3794,-212.284064,0.0,-inf,inf
3796,-528.962806,0.0,-inf,inf
3797,0.0,0.0,-inf,inf
3798,-422.758937,0.0,-inf,inf
3799,-1000.0,0.0,-inf,inf
3800,-352.64187,0.0,-inf,inf
3802,0.0,0.0,-inf,inf
3803,-583.544747,0.0,-inf,inf
3804,-453.396691,0.0,-inf,inf
3805,-453.396691,0.0,-inf,inf
3807,-634.755367,0.0,-inf,inf
3808,-406.676001,0.0,-inf,inf
3810,0.0,998.689535,-898.228172,-701.241793
3811,0.0,583.544747,-inf,inf
3812,0.0,583.544747,-inf,inf
3813,-1000.0,1000.0,-204.381165,121.185646
3814,0.0,996.323807,-585.343331,-348.593489
3815,0.0,996.323807,-487.365057,-283.14901
3816,0.0,996.323807,-66.908593,-0.0001
3817,-0.0,996.323807,-216.227096,-32.181451
3818,-634.755367,0.0,-161.484781,114.984439
3819,-634.755367,0.0,-117.561641,145.305985
3820,-634.755367,0.0,-114.965057,147.884449
3821,-634.755367,0.0,-161.484781,114.984439
3822,-793.444209,0.0,-inf,inf
3895,0.0,1000.0,-127.60821,29.113408
3896,0.0,0.0,-53.195553,148.072239
3897,-1000.0,1000.0,-158.81657,118.011175
3898,-1000.0,1000.0,-45.393607,241.196634
3899,-583.910326,999.997912,-101.609943,110.443412
3900,-1000.0,1000.0,-226.317358,166.500611
3901,-1000.0,1000.0,-220.71871,168.248069
3902,-1000.0,1000.0,-88.009484,86.854703
3903,-1000.0,1000.0,-177.363827,134.657104
3904,-1000.0,1000.0,-239.419454,47.254295
3905,-0.0,1000.0,-235.332914,22.312308
3906,-0.0,1000.0,-199.9206,183.489448
3907,0.0,0.0,-129.349914,38.653391
3908,0.0,0.0,-111.117117,111.117348
3909,0.002385,0.018061,-inf,inf
3910,0.014176,0.114435,-inf,inf
3911,0.007242,0.05767,-inf,inf
3912,0.030001,0.244475,-inf,inf
3913,0.00822,0.065126,-inf,inf
3914,0.013655,0.110521,-inf,inf
3920,10.989297,89.62324,-inf,inf
3921,10.989297,89.62324,-inf,inf
3923,-1000.0,1000.0,-inf,inf
3924,0.0,0.0,-inf,inf
3925,0.0,0.0,-inf,inf
3926,0.0,0.0,-inf,-inf
3927,-1000.0,999.933295,-inf,inf
3928,0.0,0.0,-inf,inf
3929,-1000.0,1000.0,-inf,inf
3931,-1000.0,1000.0,-inf,inf
3932,-1000.0,1000.0,-inf,inf
3933,-999.458489,1000.0,-inf,inf
3934,0.0,0.0,-inf,inf
3935,0.0,0.0,-inf,inf
3936,0.0,0.0,-inf,inf
3937,0.0,0.0,-inf,inf
3938,0.0,0.0,-inf,inf
3939,0.0,0.0,-inf,inf
3940,0.0,0.0,-inf,inf
3941,0.0,0.0,-inf,inf
3942,0.0,0.0,-inf,inf
3943,-1000.0,1000.0,-inf,inf
3944,0.0,0.0,-inf,inf
3945,0.0,0.0,-inf,inf
3946,0.0,0.0,-inf,inf
3947,0.0,0.0,-inf,inf
3948,0.0,0.0,-inf,inf
3949,0.0,0.0,-inf,inf
3950,0.0,0.0,-inf,inf
3951,0.0,0.0,-inf,inf
3952,0.0,317.377683,-146.350583,128.732203
3953,0.0,528.962806,-146.474081,128.855732
3954,0.0,0.0,-147.563607,126.358626
3955,0.0,264.481403,-146.432634,128.814254
3956,0.0,0.0,-inf,inf
3957,0.0,317.377683,-inf,inf
3958,0.0,528.962806,-inf,inf
3959,0.0,0.0,-inf,inf
3960,0.0,264.481403,-inf,inf
3961,0.0,0.0,-inf,inf
3962,0.0,317.377683,-inf,inf
3963,0.0,528.962806,-inf,inf
3971,-1000.0,1000.0,-147.20018,127.018484
3972,0.0,1000.0,-inf,inf
3974,-1000.0,1000.0,-114.013789,163.189601
3975,0.0,0.0,-104.824921,172.378493
3976,-1000.0,1000.0,-116.566846,146.986661
3977,0.0,0.0,-inf,inf
3978,0.0,1000.0,-inf,inf
3979,0.0,1000.0,-inf,inf
3982,0.0,669.530851,-117.792873,103.411203
3983,-1000.0,1000.0,-126.590132,174.065825
3984,0.0,0.0,-117.401261,183.254713
3985,-1000.0,1000.0,-128.551549,5.97946
3986,0.0,0.0,-inf,inf
3987,0.0,669.530851,-inf,inf
3988,0.0,624.895461,-inf,inf
3992,-1000.0,1000.0,-116.366907,165.835787
3993,0.0,0.0,-107.171541,175.031176
3995,0.0,0.0,-inf,inf
3996,0.0,396.722104,-inf,inf
3997,0.0,396.722104,-inf,inf
4000,-1000.0,1000.0,-231.838464,45.84856
4001,-1000.0,1000.0,-inf,inf
4002,0.0,634.755367,-147.741271,128.345532
4003,-1000.0,1000.0,-inf,inf
4004,0.0,528.962806,-inf,inf
4005,0.0,0.0,-inf,inf
4006,0.0,317.377683,-inf,inf
4007,0.0,264.481403,-inf,inf
4008,-1000.0,1000.0,-inf,inf
4009,0.0,317.377683,-inf,inf
4010,0.0,317.377683,-inf,inf
4012,0.0,493.338522,-inf,inf
4013,0.0,493.338522,-inf,inf
4015,0.0,634.755367,-147.140476,127.051797
4016,0.0,634.755367,-inf,inf
4019,0.0,634.755367,-inf,inf
4021,0.0,998.46975,-inf,inf
4022,-1000.0,1000.0,-427.588175,113.124715
4023,-1000.0,1000.0,-80.796409,160.954169
4024,-1000.0,1000.0,-562.972413,380.701343
4025,0.0,0.0,-inf,inf
4026,0.0,0.0,-368.691891,184.718382
4029,0.0,0.0,10.256026,187.878972
4030,0.0,0.0,10.256027,187.878971
4031,0.0,0.0,71.708661,320.861419
4032,0.0,0.0,9.372236,186.872774
4033,0.0,0.0,-1.455459,189.345108
4034,0.0,0.0,5.229362,183.87138
4035,0.0,0.0,-13.540962,191.279143
4036,0.0,0.0,-278.547015,-0.0001
4037,0.0,0.0,-278.669188,12.156117
4038,0.0,0.0,4.946248,190.195129
4039,0.0,0.0,6.548683,188.589201
4040,-1000.0,1000.0,-inf,inf
4041,-500.0,500.0,-inf,inf
4042,-1000.0,1000.0,-inf,inf
4043,0.0,0.0,-inf,inf
4046,0.0,0.0,-inf,inf
4050,0.0,0.0,-inf,inf
4054,0.0,0.0,-inf,inf
4056,0.0,0.0,-inf,inf
4058,0.0,0.0,-inf,inf
4060,0.0,0.0,-inf,inf
4063,-1000.0,1000.0,-inf,inf
4064,0.0,0.0,-inf,inf
4065,-1000.0,1000.0,-184.735085,72.0849
4066,-0.0,1000.0,-163.137384,52.159256
4067,-1000.0,1000.0,-92.073093,111.328151
4068,0.0,0.0,-52.87845,52.87845
4069,0.0,0.0,-196.852861,149.051187
4070,0.0,0.0,-501.670235,383.613213
4072,0.0,0.0,-inf,inf
4073,0.0,0.0,-106.079979,98.531542
4074,-1000.0,1000.0,-157.606994,43.212894
4075,0.0,0.0,-164.260882,51.789493
4076,0.0,0.0,-126.94124,145.418357
4077,-1000.0,1000.0,-inf,inf
4078,0.0,0.0,-198.395896,88.218219
4079,0.0,0.0,-245.202372,-0.0001
4080,0.0,0.0,-166.026567,111.952984
4081,0.0,0.0,-296.105444,211.364984
4082,-1000.0,1000.0,-108.419429,65.834845
4083,-1000.0,1000.0,-139.543885,86.386421
4084,0.0,0.0,-116.836785,132.201933
4085,0.0,0.0,-196.813658,77.086688
4086,0.0,0.0,-247.984124,-61.336332
4087,0.0,0.0,-123.340189,123.339432
4088,0.0,0.0,-109.144666,109.144407
4089,0.0,0.0,0.0001,126.701649
4090,0.0,0.0,-135.922577,135.921992
4091,0.0,0.0,-132.752472,132.751707
4092,-1000.0,1000.0,-135.215133,135.214972
4093,0.0,0.0,-inf,inf
4094,0.0,0.0,0.0001,109.293595
4095,0.0,0.0,-125.741093,125.740073
4096,0.0,64.770956,-inf,inf
4098,1.3e-05,189.938387,-386.31751,-0.0001
4099,1.3e-05,189.938387,-441.106805,-0.0001
4100,-1000.0,1000.0,-inf,inf
4101,-1000.0,1000.0,-inf,inf
