rxn num,lv,uv,ldGr,udGr
0,-1000.0,1000.0,-inf,inf
1,-1000.0,1000.0,-inf,inf
2,-789.275977,0.0,-166.026503,111.953042
3,-1000.0,1000.0,-inf,inf
4,8.122629,66.244122,-inf,inf
5,2.713917,22.133355,-inf,inf
6,0.918344,385.270427,-129.320027,-0.0001
7,-1000.0,998.023892,-262.412116,18.624122
8,0.0,1000.0,-785.878832,-456.873995
9,0.010989,167.863505,-290.175755,-0.0001
10,0.010989,167.863505,-161.61942,-0.0001
11,2.917552,637.672919,-88.531801,-0.0001
12,-999.999303,1000.0,-220.814163,80.209147
13,3.619871,532.5656,-104.542894,-0.0001
14,0.002088,352.643958,-121.039876,-0.0001
15,-996.323807,1000.0,-183.040588,21.414044
16,0.0,0.0,-402.565833,150.126701
17,0.0,0.0,-507.722638,-63.82992
18,-638.739243,-3.983876,0.0001,54.575639
19,-996.016124,996.542717,-222.988378,65.296285
20,-992.558841,1000.0,-240.080746,48.203902
21,-669.530851,1000.0,-128.015921,126.291117
22,3.619871,532.582676,-47.025179,-0.0001
23,-1000.0,1000.0,-247.601328,39.42328
24,3.983876,638.739243,-55.346645,-0.0001
25,0.0,0.0,-78.093724,109.730474
26,-199.180041,1000.0,-142.668819,18.884394
27,0.0,1000.0,-152.681933,-23.610934
28,0.0,0.0,-153.917949,-11.726055
29,0.0,0.0,-152.975646,-23.322014
30,-1000.0,1000.0,-184.210918,7.913472
31,0.0,0.0,-172.845264,-3.451737
32,0.021979,335.727011,-250.460365,-79.573002
33,3.676193,1000.0,-59.429998,-0.0001
34,3.676193,1000.0,-180.097484,-14.541131
35,-90.001891,90.001891,-141.617932,220.099156
36,-996.323807,1000.0,-183.217225,21.237405
37,0.0,0.0,-360.76475,41.436674
38,0.0,0.0,-194.166822,264.94563
39,0.066705,451.170342,-238.428197,-17.577622
40,-1000.0,1000.0,-180.320651,134.139952
41,0.066705,451.162958,-395.903699,-191.240784
42,0.0,0.0,-197.207344,181.104001
43,-638.739243,-3.983876,0.0001,71.566416
44,3.983876,638.739243,-159.56751,-0.0001
45,0.0,793.444209,-95.870893,90.762111
46,0.002088,352.643958,-169.775702,-0.0001
47,0.0,634.755367,-95.100015,90.729996
48,5.509163,1000.0,-138.576847,-0.0001
49,0.000697,424.344488,-148.136243,-0.0001
50,0.000697,424.344488,-351.174015,-143.55135
51,-1000.0,1000.0,-104.113296,105.629249
52,0.0,0.0,-183.395767,88.221542
53,0.0,0.0,-259.184225,6.462898
54,0.0,634.755367,-97.429702,80.850073
55,0.0,0.0,-231.036779,21.929399
56,0.0,1000.0,-110.906136,188.653087
57,0.0,1000.0,-114.831987,134.087304
58,-1000.0,1000.0,-148.758921,50.54425
59,-1000.0,1000.0,-68.679361,30.271578
60,-1000.0,1000.0,-147.49095,49.276482
61,1.125351,296.180035,-275.902512,-0.0001
62,-442.063261,1000.0,-169.810598,165.381657
63,8.8e-05,633.60472,-138.082093,-0.0001
64,-0.0,1000.0,-231.036769,21.92939
65,0.0,1000.0,-144.548249,142.790775
66,-1000.0,996.830968,-230.719817,109.503257
67,0.0,0.0,-179.04291,149.019488
68,4.104194,1000.0,-133.046851,34.195297
69,0.002088,1000.0,-83.327078,75.752399
70,0.0,0.0,11.710095,277.338969
71,-1000.0,0.0,11.710103,277.338961
72,0.0,1000.0,-155.854996,73.461208
73,0.0,1000.0,-134.767192,-11.902061
74,-1000.0,0.0,-231.036785,21.929406
75,0.0,1000.0,-110.906133,188.653085
76,0.0,0.0,-157.619942,177.24258
77,0.0,1000.0,-70.685844,95.177513
78,7.443247,800.887456,-115.743952,-0.0001
79,7.443247,800.887456,-91.400654,-0.0001
80,0.0,0.0,-205.897859,201.889203
81,-1000.0,1000.0,-181.084373,128.089617
82,-1000.0,1000.0,-182.692347,129.697563
83,-1000.0,1000.0,-180.839953,127.845562
84,-996.323807,793.444209,-139.203689,193.631627
85,3.3e-05,700.257883,-139.658043,-0.0001
86,-1000.0,1000.0,-180.660827,127.666192
87,0.0,373.202185,-180.499758,127.504879
88,-1000.0,1000.0,-180.547216,127.552581
89,0.0,0.0,-245.799382,131.423508
90,-1000.0,1000.0,-229.544907,124.048138
91,0.0,1000.0,-245.607844,-6.452776
92,-1000.0,1000.0,-188.332416,176.705319
93,-1000.0,1000.0,-188.392136,176.645585
94,0.0,0.0,-188.332546,176.705205
95,-997.864821,1000.0,-90.703576,121.73172
96,-160.392404,0.0,-207.922513,109.045092
97,-1000.0,1000.0,-60.14659,58.797295
98,2.135179,1000.0,-110.493107,105.352129
99,0.0,999.997912,-310.086965,-61.50447
100,-1000.0,1000.0,-223.180569,54.44632
101,-998.636251,374.227205,-223.309628,54.57538
102,-1000.0,1000.0,-226.593318,57.859192
103,-1000.0,1000.0,-223.832964,55.098715
104,-1000.0,1000.0,-224.223957,55.48977
105,-1000.0,1000.0,-223.527522,54.793395
106,-1000.0,1000.0,-238.405644,231.477763
107,-1000.0,1000.0,-238.033902,228.690981
108,-1000.0,1000.0,-236.597216,229.669823
109,-1000.0,1000.0,-267.048846,257.955925
110,0.0,1000.0,-231.72189,224.794497
111,-1000.0,1000.0,-238.013953,231.086743
112,-1000.0,1000.0,-237.650175,228.306949
113,-1000.0,1000.0,-236.219391,229.291693
114,-1000.0,1000.0,-266.749305,257.65608
115,-1000.0,1000.0,-231.367791,224.440581
116,0.0,0.0,-inf,inf
117,-1000.0,1000.0,-0.0001,208.027573
118,-1000.0,1000.0,-121.468884,83.596906
119,-1000.0,1000.0,-292.594002,208.016961
120,-1000.0,1000.0,-164.937731,52.291782
121,-1000.0,1000.0,-292.602103,208.02017
122,-1000.0,1000.0,-90.647676,84.811905
123,0.0,1000.0,-215.393206,198.736949
124,0.0,0.0,-209.053723,239.424487
125,0.0,1000.0,-108.458928,55.300037
126,-1000.0,1000.0,-105.880473,103.132511
127,-1000.0,1000.0,-105.081313,103.931653
128,-1000.0,1000.0,-135.734034,134.584536
129,1.125338,296.180022,-127.689809,-0.0001
130,-1000.0,1000.0,-97.39903,62.314568
131,-1000.0,1000.0,-276.452586,108.632099
132,1.310465,1000.0,-120.479203,-0.0001
133,0.0,0.0,-157.284125,-19.200714
134,-1000.0,1000.0,-117.912197,87.003577
135,3.821381,31.165284,-inf,inf
136,0.0,453.396691,-148.684872,126.814425
137,-1000.0,1000.0,-146.746009,127.472636
138,-0.0,1000.0,-148.376316,126.992135
139,0.0,1000.0,-149.200463,127.112547
140,0.0,317.377683,-148.170165,129.276524
141,-1000.0,0.0,-160.800449,116.161944
142,-1000.0,1000.0,-125.317,137.554036
143,-1000.0,1000.0,-106.973008,169.989393
144,-1000.0,1000.0,-117.702832,161.684964
145,-1000.0,1000.0,-108.513896,170.873909
146,-1000.0,1000.0,-120.186488,145.412717
147,-1000.0,1000.0,-115.904786,165.368731
148,-1000.0,1000.0,-106.715849,174.557676
149,-1000.0,1000.0,-118.331476,149.039516
150,-583.908238,1000.0,-278.167683,12.977421
151,-1000.0,1000.0,-262.212749,8.546732
152,0.0,1000.0,-308.318863,-19.873157
153,0.0,1000.0,-310.886026,-17.306182
154,-0.0,1000.0,-306.870219,-12.987371
155,-1000.0,1000.0,-260.598825,15.262322
156,-0.0,1000.0,-309.269644,-10.588134
157,-1000.0,1000.0,-114.453605,163.943306
158,-1000.0,1000.0,-105.264669,173.132251
159,-1000.0,1000.0,-116.968246,147.702043
160,-1000.0,1000.0,-118.121046,161.98828
161,-1000.0,1000.0,-108.932125,171.177209
162,-1000.0,1000.0,-120.582602,145.693932
163,0.0,0.0,-281.019396,12.857076
164,-1000.0,1000.0,-114.152677,166.728743
165,-1000.0,1000.0,-104.963742,175.91769
166,0.0,120.295,-439.775635,-77.412265
167,-343.767457,0.0,-131.174766,60.402264
168,-329.01574,0.0,-150.364195,20.098025
169,-1000.0,1000.0,-527.198175,430.288934
170,0.0,0.0,-185.099547,239.624527
171,-1000.0,1000.0,-131.877048,26.480831
172,-1000.0,1000.0,-131.877348,26.480507
173,-998.499411,1000.0,-180.689049,75.503513
174,-264.481403,0.0,-130.595452,27.163225
175,0.0,0.0,-325.790785,181.699385
176,-1000.0,1000.0,-459.917051,143.424076
177,-1000.0,1000.0,-332.401993,31.48658
178,0.49056,1000.0,-145.735224,-0.0001
179,0.49056,451.594197,-417.934638,-120.504281
180,0.0,1000.0,-250.957086,-61.11404
181,-634.755367,0.0,-120.454623,142.428028
182,-1000.0,996.686018,-161.041549,22.474553
183,-997.864821,998.821196,-183.727941,153.274335
184,-997.864821,998.821196,-299.852917,208.1859
185,2.135179,17.413455,-inf,inf
186,0.0,0.0,-inf,inf
187,-1000.0,1000.0,-293.407543,65.1393
188,2.1041,17.159989,-inf,inf
189,0.0,0.0,-inf,inf
190,1.178804,516.725817,-135.135087,-0.0001
191,-1000.0,1000.0,-87.583901,50.235087
192,-1000.0,1000.0,-97.922177,105.200749
193,-1000.0,1000.0,-105.199537,97.923391
194,-1000.0,1000.0,-97.922795,105.200134
195,-1000.0,1000.0,-153.047669,156.054062
196,2.641387,21.541837,-inf,inf
197,0.0,0.0,-inf,inf
198,-0.0,1000.0,-60.271886,126.438424
199,0.0,0.0,-inf,inf
200,0.0,0.0,-118.327378,219.530617
201,0.918344,164.719988,-164.4233,-0.0001
202,-1000.0,1000.0,-inf,inf
203,-1000.0,1000.0,-inf,inf
204,0.0,0.0,-265.026907,157.885339
205,0.0,0.0,-inf,inf
206,0.0,0.0,-87.122629,200.380414
207,0.0,116.040137,-250.601438,-0.0001
208,0.0,107.877739,-527.484129,-64.37816
209,0.0,112.07819,-inf,inf
210,0.0,112.07819,-294.895434,218.309731
211,0.0,112.07819,-202.53872,249.778254
212,0.0,112.07819,-195.883659,242.88125
213,0.0,112.07819,-573.756096,-77.45387
214,0.0,112.07819,-605.499129,-108.318177
215,0.0,112.07819,-inf,inf
216,0.0,112.07819,-inf,inf
217,0.0,107.877739,-588.464962,-90.921437
218,0.0,109.118383,-167.665335,188.173147
219,-42.029186,109.301676,-244.611357,223.130316
220,0.0,0.0,-335.66443,249.651398
221,-996.686018,1000.0,-368.917804,36.068796
222,-1000.0,1000.0,-217.145597,216.530751
223,-1000.0,1000.0,-217.422703,216.253666
224,-1000.0,1000.0,-201.121264,232.555071
225,0.0,1000.0,-229.303766,-41.252085
226,0.0,1000.0,-229.303626,-41.251946
227,0.0,1000.0,-492.863895,-142.652038
228,0.0,1000.0,-483.314003,-131.088492
229,0.0,1000.0,-493.971254,-141.54419
230,0.0,1000.0,-484.434579,-129.938778
231,-1000.0,1000.0,-234.103011,67.81142
232,-1000.0,1000.0,-235.024902,68.734105
233,-1000.0,1000.0,-233.353285,67.158474
234,-1000.0,1000.0,-234.256248,68.062719
235,0.0,1000.0,-482.389956,-131.982426
236,0.0,1000.0,-483.470202,-130.903644
237,0.0,1000.0,-494.089455,-143.15208
238,0.0,1000.0,-495.148812,-142.091259
239,0.0,0.0,-inf,inf
240,0.259457,2.116005,-inf,inf
241,-1000.0,1000.0,-270.489621,154.300764
242,-1000.0,1000.0,-176.309113,258.931753
243,3.184936,999.508743,-88.542915,-0.0001
244,3.676193,1000.0,-159.231815,-0.0001
245,-1000.0,1000.0,-66.474505,45.854346
246,0.0,0.0,-241.070537,105.059276
247,0.0,0.0,-262.267239,126.255856
248,0.0,0.0,-283.744829,147.733782
249,0.0,0.0,-305.375684,-0.0001
250,0.0,0.0,-327.097794,191.087052
251,0.0,0.0,-348.880403,212.86844
252,0.0,0.0,-370.702504,234.691517
253,0.0,0.0,-392.554301,256.542826
254,0.0,0.0,-2486.304238,-1893.171958
255,0.0,0.0,1730.412456,2377.040791
256,0.0,0.0,-458.218353,322.207367
257,0.0,0.0,-480.129943,344.119445
258,0.0,0.0,-502.050326,366.038363
259,0.0,0.0,-523.976805,387.964842
260,0.0,0.0,-545.908306,409.89732
261,0.0,0.0,-567.845207,431.833244
262,0.0,0.0,-589.784533,453.774524
263,0.0,0.0,-611.729413,475.716474
264,0.0,0.0,-633.674922,497.663936
265,-1000.0,1000.0,-245.996295,39.0316
266,-1000.0,1000.0,-173.272605,54.705864
267,-1000.0,1000.0,-38.030538,74.148396
268,-1000.0,1000.0,-37.948567,74.230368
269,1.1e-05,64.770967,-696.309624,-0.0001
270,-999.49805,1000.0,-339.766819,43.691035
271,-1000.0,1000.0,-390.150975,238.90921
272,-1000.0,1000.0,-350.760954,184.866772
273,-1000.0,1000.0,-82.652876,90.25428
274,-1000.0,999.1044,-352.492104,182.813573
275,-1000.0,1000.0,-205.008408,22.364751
276,-1000.0,1000.0,-153.101523,56.737466
277,0.412753,3.366204,-inf,inf
278,-1000.0,999.458489,-293.710594,210.029182
279,-1000.0,1000.0,-204.829078,92.17898
280,0.0,116.049212,-1582.958519,-671.531078
281,-1000.0,1000.0,-294.450256,210.178759
282,0.0,0.0,-314.440606,-60.975646
283,-1000.0,1000.0,-190.075378,86.52759
284,-1000.0,1000.0,-173.892158,89.100274
285,-1000.0,1000.0,-84.346042,69.901622
286,-528.962806,0.0,-162.371602,113.970232
287,-1000.0,999.49805,-294.29848,211.057424
288,-999.934064,1000.0,-294.440348,211.191735
289,0.0,240.588606,-292.91049,208.333144
290,-999.960439,999.973626,-294.265404,211.024618
291,-1000.0,1000.0,-137.356508,134.607374
292,0.0,0.0,-inf,inf
293,0.0,0.0,-169.153282,56.505765
294,-999.997912,999.99989,-201.478163,81.137376
295,0.0,0.0,-333.358003,11.217879
296,-1000.0,1000.0,-78.297193,125.027058
297,-1000.0,1000.0,-79.917217,126.648302
298,-1000.0,1000.0,-123.833215,77.006571
299,0.0,1000.0,-125.470426,78.642073
300,0.040258,315.973771,-156.086784,-0.0001
301,0.0,0.0,-146.880046,204.481757
302,0.000697,120.295,-248.498579,-0.0001
303,0.000697,120.295,-139.200744,-0.0001
304,-0.0,120.295,-172.558571,74.162179
305,-516.725817,-1.178804,0.0001,15.690863
306,-999.999303,1000.0,-28.023931,141.611894
307,-999.999303,1000.0,-194.413124,101.271135
308,7.443247,800.887456,-83.922788,-0.0001
309,2.917552,637.672919,-84.859085,-0.0001
310,-1000.0,1000.0,-162.684663,53.751131
311,1.1e-05,233.419294,-201.860235,-0.0001
312,0.0,0.0,-131.09269,-9.844939
313,0.0,1000.0,-494.181232,-132.03446
314,-1000.0,0.0,9.672617,404.803703
315,0.0,0.0,-inf,inf
316,0.0,0.0,-inf,inf
317,7.714926,62.9191,-inf,inf
318,7.714926,62.9191,-inf,inf
319,-1000.0,1000.0,-133.898563,131.141983
320,-0.0,1000.0,-223.049115,-6.393279
321,0.0,0.0,-inf,inf
322,-1000.0,1000.0,-48.227024,60.86255
323,-1000.0,0.0,-251.089195,135.767017
324,0.0,1000.0,-186.643238,-11.908051
325,-528.962806,0.0,-inf,inf
326,0.0,0.0,-241.442495,104.687373
327,-1000.0,1000.0,-191.290784,174.761136
328,-1000.0,1000.0,-191.482671,174.952962
329,-1000.0,1000.0,-192.137884,175.608175
330,-1000.0,1000.0,-191.201024,174.651872
331,-1000.0,1000.0,-191.765713,175.235882
332,1.1e-05,64.770967,-207.119272,-0.0001
333,-1000.0,0.0,-inf,inf
334,-1000.0,1000.0,-inf,inf
335,-1000.0,1000.0,-inf,inf
336,-999.99989,1000.0,-148.970351,225.412379
337,-1000.0,1000.0,-129.937379,268.972653
338,0.0,1000.0,-130.985599,247.461672
339,0.0,0.0,-187.841429,145.072559
340,-1000.0,1000.0,-146.600498,119.00484
341,-1000.0,1000.0,-215.182645,170.697402
342,-999.997912,1000.0,-214.694496,194.815423
343,-0.0,1000.0,-149.721411,21.250345
344,-1000.0,1000.0,-126.567404,29.269517
345,-1000.0,1000.0,-83.633553,70.7789
346,-1000.0,1000.0,-67.850934,41.127693
347,-1000.0,1000.0,-67.859158,41.119468
348,1.178804,516.722089,-136.320782,-0.0001
349,-1000.0,1000.0,-296.425416,77.295897
350,-999.99989,1000.0,-281.038503,92.68283
351,0.0,0.0,-112.678275,109.93867
352,-528.962806,0.0,-157.019955,58.255953
353,-1000.0,1000.0,-89.508425,157.358471
354,0.0,1000.0,-229.64433,15.576623
355,0.0,0.0,-262.639196,125.883952
356,1.1e-05,233.419294,-220.846263,-0.0001
357,-1000.0,1000.0,-inf,inf
358,-1000.0,1000.0,-inf,inf
359,-1000.0,999.740543,-297.954112,191.420064
360,0.0,1000.0,-174.174002,88.779751
361,-1000.0,400.269754,-53.14927,53.675241
362,-1000.0,1000.0,-147.376953,172.877689
363,-1000.0,1000.0,-97.121672,78.0492
364,-1000.0,1000.0,-368.459482,230.929503
365,-1000.0,1000.0,-231.48217,349.995201
366,-1000.0,1000.0,-5.979318,31.379591
367,-1000.0,1000.0,-185.867963,194.20258
368,-1000.0,1000.0,-317.023421,172.189401
369,0.0,1000.0,-351.726365,262.065688
370,-0.0,993.082174,-124.149623,85.849652
371,1.551253,12.651246,-inf,inf
372,3.258187,26.572154,-inf,inf
373,0.0,0.0,-inf,inf
374,-144.353164,1000.0,-171.455761,155.343422
375,0.0,1000.0,-163.915698,181.639501
376,0.0,1000.0,-358.480251,-105.057202
377,-0.0,1000.0,-356.831216,-103.408167
378,0.0,1000.0,-230.280457,14.940496
379,-1000.0,1000.0,-172.44297,149.693729
380,-1000.0,1000.0,-119.151867,143.905532
381,-1000.0,1000.0,-164.684787,52.238659
382,-1000.0,1000.0,-127.578774,29.160048
383,-1000.0,1000.0,-121.966015,251.616716
384,-1000.0,1000.0,-118.213301,157.183578
385,-1000.0,1000.0,-108.915239,167.508346
386,-1000.0,174.371472,-290.692708,87.856896
387,1.125351,205.623483,-208.940401,-0.0001
388,-1000.0,1000.0,-163.359696,112.394573
389,-1000.0,1000.0,-395.674049,305.262861
390,-1000.0,1000.0,-156.242094,162.477543
391,-999.997912,1000.0,-156.22234,162.497312
392,-1000.0,1000.0,-76.051028,208.222837
393,-999.999912,1000.0,-195.217655,100.846519
394,-1000.0,1000.0,-210.687534,233.080054
395,-1000.0,1000.0,-355.092081,100.846119
396,-1000.0,1000.0,-277.414661,100.846119
397,-635.442572,1000.0,-369.553373,241.341513
398,-1000.0,1000.0,-inf,inf
399,-1000.0,1000.0,-inf,inf
400,3.118202,11.314249,-inf,inf
401,-999.472533,1000.0,-356.872022,53.584978
402,0.0,0.0,-366.384571,231.160999
403,0.0,0.0,-inf,inf
404,0.0,0.0,-inf,inf
405,0.0,0.0,-inf,inf
406,0.0,0.0,-inf,inf
407,0.0,0.0,-inf,inf
408,0.000697,120.295,-254.72635,-6.505362
409,0.010989,167.863505,-361.006954,-64.665346
410,-1000.0,999.472533,-290.025872,215.073707
411,-1000.0,1000.0,-154.391542,116.528493
412,-999.96194,1000.0,-136.690302,133.945576
413,-999.96194,1000.0,-138.139857,135.395378
414,1.1e-05,64.770967,-inf,inf
415,1.1e-05,64.770967,-560.05076,-0.0001
416,0.0,0.0,-inf,inf
417,-1000.0,0.0,-163.945127,51.292766
418,-1000.0,1000.0,-163.908359,51.256491
419,-528.962806,0.0,-163.908353,51.256485
420,0.918344,385.270427,-389.991382,-0.0001
421,0.918344,384.990474,-157.965033,-0.0001
422,0.918344,385.270427,-122.405361,-0.0001
423,0.918344,7.489553,-inf,inf
424,0.0,0.0,-inf,inf
425,0.0,0.0,-260.832812,141.431157
426,3.619871,532.582676,-64.240572,-0.0001
427,0.0,0.0,-223.577925,61.964059
428,-1000.0,1000.0,-103.38033,98.3952
429,3.619871,532.582676,-169.02696,-0.0001
430,-1000.0,1000.0,-114.766771,162.439782
431,-1000.0,1000.0,-117.319639,146.236746
432,-1000.0,1000.0,-224.592757,107.934659
433,-1000.0,1000.0,-147.668341,126.782464
434,-1000.0,1000.0,-647.409607,193.356934
435,0.0,1000.0,-630.802179,221.380037
436,-1000.0,1000.0,-646.355138,205.827095
437,0.0,1000.0,-203.35922,-10.450085
438,0.0,0.0,-220.854341,-27.945208
439,0.0,0.0,-299.949182,-0.0001
440,-1000.0,999.999987,-299.166657,187.969995
441,1.1e-05,64.770967,-1194.506968,-0.0001
442,3.3e-05,700.257883,-218.364881,-0.0001
443,3.3e-05,700.257883,-261.653716,-0.0001
444,-999.999987,1000.0,-209.84471,102.405496
445,-1000.0,998.483786,-122.008628,84.140829
446,0.918344,385.270427,-320.463715,-0.0001
447,0.918344,385.196971,-127.194498,-0.0001
448,0.527467,295.528212,-101.159768,-0.0001
449,0.49056,1000.0,-167.387456,-0.0001
450,0.0,315.933513,-97.862591,87.242407
451,0.0,1000.0,-177.944273,-11.148455
452,0.0,1000.0,-194.349892,-27.116812
453,2.043681,386.395765,-84.854073,-0.0001
454,0.0,1000.0,-180.645936,104.044187
455,0.0,0.0,-179.441417,96.485268
456,0.0,0.0,-179.368083,96.558691
457,0.0,0.0,-174.289652,87.100877
458,0.0,0.0,-174.216219,87.1742
459,-1000.0,1000.0,-172.622266,45.871084
460,-1000.0,1000.0,-174.215522,47.464585
461,-1000.0,1000.0,-173.895691,47.14476
462,-1000.0,1000.0,-175.418615,48.697554
463,-1000.0,1000.0,-171.362278,44.694517
464,-1000.0,1000.0,-173.004236,46.253542
465,-1000.0,1000.0,-172.567733,45.816802
466,-1000.0,1000.0,-174.007855,47.340589
467,-1000.0,1000.0,-171.55858,44.807166
468,-1000.0,1000.0,-173.072018,46.321824
469,-1000.0,1000.0,-180.063264,53.341234
470,-1000.0,1000.0,-181.426415,54.675735
471,-1000.0,1000.0,-180.7371,53.986179
472,-1000.0,1000.0,-182.062164,55.311488
473,-1000.0,1000.0,-179.158557,52.406655
474,0.0,1000.0,-180.448648,53.697845
475,-1000.0,1000.0,-179.571268,52.904134
476,-1000.0,1000.0,-180.94188,54.190638
477,-1000.0,1000.0,-178.592296,51.840706
478,-1000.0,1000.0,-179.865947,53.115762
479,0.0,0.0,-294.880709,-54.5168
480,0.0,0.0,-296.491217,-52.905315
481,0.0,0.0,-296.092959,-53.303544
482,0.0,0.0,-297.664515,-51.731499
483,0.0,0.0,-293.673191,-55.725528
484,0.0,0.0,-295.249861,-54.14666
485,0.0,0.0,-294.730337,-54.667146
486,0.0,0.0,-296.27488,-53.122115
487,0.0,0.0,-293.683547,-55.714653
488,0.0,0.0,-295.219942,-54.177038
489,0.0,0.0,-174.27071,44.222604
490,0.0,0.0,-175.863994,45.816132
491,0.0,0.0,-175.543894,45.496542
492,0.0,0.0,-177.096712,47.049115
493,0.0,0.0,-173.094637,43.046039
494,0.0,0.0,-174.568097,44.605053
495,0.0,0.0,-174.216511,44.168059
496,0.0,0.0,-175.740196,45.692111
497,0.0,0.0,-173.20701,43.158701
498,0.0,0.0,-174.720578,44.673244
499,0.0,0.0,-181.741342,51.692777
500,0.0,0.0,-183.07487,53.027282
501,0.0,0.0,-182.385309,52.337976
502,0.0,0.0,-183.710689,53.662989
503,0.0,0.0,-180.807019,50.758206
504,0.0,0.0,-182.097097,52.049382
505,0.0,0.0,-181.303882,51.255449
506,0.0,0.0,-182.590304,52.542147
507,0.0,0.0,-180.240722,50.192239
508,0.0,0.0,-181.514573,51.467127
509,0.0,1000.0,-263.372336,-23.008419
510,0.0,1000.0,-264.982676,-21.396859
511,0.0,1000.0,-264.584698,-21.795316
512,0.0,1000.0,-266.155995,-20.223042
513,0.0,1000.0,-262.164691,-24.217037
514,0.0,1000.0,-263.741377,-22.638154
515,0.0,1000.0,-263.221592,-23.158423
516,0.0,1000.0,-264.766399,-21.613616
517,0.0,1000.0,-262.175076,-24.206155
518,0.0,1000.0,-263.450284,-22.668439
519,-0.0,1000.0,-186.643038,-8.321319
520,0.0,1000.0,-189.483077,-6.253669
521,-1000.0,1000.0,-170.024796,141.546814
522,-1000.0,1000.0,-172.635237,136.687281
523,-1000.0,1000.0,-180.032744,136.63592
524,-1000.0,1000.0,-91.843716,68.322882
525,-1000.0,997.082448,-109.229417,105.891433
526,-1000.0,997.082448,-109.229707,105.891145
527,2.917552,23.794103,-inf,inf
528,0.0,0.0,-inf,inf
529,1.1e-05,233.419294,-75.80974,-0.0001
530,0.0,0.0,-176.897302,193.01786
531,2.917552,637.672919,-115.431869,-0.0001
532,0.0,999.50944,-228.780187,-27.223519
533,0.066705,451.170342,-464.106261,-165.357634
534,0.0,0.0,-261.308261,21.986297
535,0.0,0.0,-304.921405,-15.991501
536,-1000.0,1000.0,-98.6649,104.446342
537,-1000.0,1000.0,-103.668604,56.465529
538,-1000.0,1000.0,-150.944507,114.800859
539,3.619871,532.582676,-192.977704,-0.0001
540,-1000.0,1000.0,-317.599546,171.582011
541,-1000.0,1000.0,-317.628263,171.553294
542,-1000.0,1000.0,-103.636957,103.669341
543,-1000.0,1000.0,-103.620851,103.685454
544,-1000.0,1000.0,-103.627358,103.678952
545,-1000.0,1000.0,-inf,inf
546,-1000.0,1000.0,-104.642536,160.451924
547,-1000.0,1000.0,-323.576271,165.283492
548,0.0,0.0,-140.031997,126.189354
549,0.0,0.0,-161.449298,114.949012
550,-1000.0,1000.0,-315.800542,173.197042
551,-997.082448,1000.0,-330.765222,158.232362
552,0.066705,999.576145,-426.754003,-235.873684
553,0.0,317.377683,-207.371796,124.942965
554,-1000.0,1000.0,-278.758893,9.647281
555,0.0,1000.0,-83.128159,-0.0001
556,0.0,116.709642,-295.835519,85.486398
557,-532.946682,-3.983876,0.0001,106.418423
558,0.0,0.0,-104.196237,106.419947
559,3.983876,32.490512,-inf,inf
560,0.0,0.0,-inf,inf
561,0.0,0.0,-117.479333,83.066144
562,0.0,0.0,-117.479346,83.066157
563,0.0,0.0,-129.763062,72.625561
564,0.0,0.0,-130.024126,72.625581
565,0.0,0.0,-130.024105,72.625559
566,0.0,0.0,-130.02412,72.625575
567,3.619871,29.521863,-inf,inf
568,0.0,0.0,-inf,inf
569,-1000.0,1000.0,-160.838706,115.550825
570,-1000.0,1000.0,-151.639564,124.749959
571,-1000.0,1000.0,-152.788049,123.601488
572,-1000.0,1000.0,-239.984135,45.137794
573,-1000.0,1000.0,-241.394281,43.727663
574,-1000.0,1000.0,-162.422874,148.803616
575,-1000.0,1000.0,-154.45603,151.363297
576,0.0,0.0,-157.761525,263.53061
577,-196.367954,211.22948,-102.096961,178.797911
578,-512.09176,196.367954,-53.14926,53.675231
579,-1000.0,1000.0,-178.228414,59.837681
580,-996.830968,1000.0,-176.619739,61.44636
581,-442.95886,1000.0,-275.690607,114.292782
582,-442.063261,1000.0,-179.428244,149.404692
583,0.0,0.0,-364.028929,243.240061
584,0.8956,7.304067,-inf,inf
585,0.0,0.0,-inf,inf
586,-1000.0,1000.0,-164.792811,172.523033
587,-1000.0,1000.0,-173.847509,158.771275
588,-1000.0,1000.0,-166.27173,173.693151
589,-1000.0,1000.0,-102.245962,59.106406
590,-1000.0,1000.0,-177.715362,66.12441
591,-999.999967,1000.0,-190.634834,79.044444
592,-1000.0,1000.0,-200.944467,89.3536
593,-1000.0,1000.0,-189.629697,78.039027
594,3.3e-05,700.257883,-252.40546,-0.0001
595,-1000.0,1000.0,-207.500121,102.286266
596,-1000.0,1000.0,-208.481391,103.377571
597,-1000.0,1000.0,-208.054127,102.840747
598,-1000.0,1000.0,-209.142007,103.92936
599,-1000.0,1000.0,-206.746202,101.531965
600,-1000.0,1000.0,-207.793205,102.580067
601,-1000.0,1000.0,-207.067697,101.963376
602,-1000.0,1000.0,-208.224366,103.011232
603,-1000.0,1000.0,-206.313746,101.099637
604,-1000.0,1000.0,-207.342612,102.128747
605,-417.029448,119.011484,-147.365421,23.531711
606,-417.029448,494.548929,-63.457181,55.687659
607,-0.0,1000.0,-144.060847,184.980165
608,0.259457,2.116005,-225.600554,-0.0001
609,0.0,453.396691,-228.212827,57.162335
610,0.066705,999.576145,-204.224591,-0.0001
611,0.0,158.688842,-254.837353,-0.0001
612,0.0,0.0,-278.826273,-36.091162
613,-999.964065,1000.0,-187.588938,92.009493
614,-1000.0,1000.0,-204.210863,75.387566
615,0.0,0.0,-226.778761,3.586541
616,-999.933282,1000.0,-292.90494,78.28558
617,-1000.0,1000.0,-292.904868,117.408946
618,-1000.0,1000.0,-inf,inf
619,-999.964065,1000.0,-187.417844,91.838316
620,-1000.0,1000.0,-204.039843,75.216358
621,-1000.0,1000.0,-305.544367,258.766756
622,-1000.0,1000.0,-255.715715,99.592434
623,-1000.0,999.933295,-270.841076,119.134008
624,-999.999987,999.933295,-345.372815,149.638412
625,0.0,0.0,-199.449384,201.563785
626,-999.933282,1000.0,-97.795484,178.04326
627,-1000.0,1000.0,-97.795422,179.071131
628,-999.933282,1000.0,-94.135377,170.823774
629,-999.933282,1000.0,-102.067953,217.027992
630,-999.933295,1000.0,-84.364369,235.606096
631,0.0,1000.0,-188.527541,-19.58935
632,-1000.0,999.96194,-222.148083,14.027956
633,-1000.0,1000.0,-208.398906,0.287579
634,-1000.0,1000.0,-203.733699,4.952786
635,-1000.0,1000.0,-209.671046,1.550864
636,0.0,,-189.33019,-18.775979
637,-1000.0,0.0,-123.340104,123.339542
638,0.0,1000.0,-109.144656,109.144408
639,-1000.0,1000.0,-126.702484,94.731352
640,-1000.0,1000.0,-135.922546,135.922007
641,-1000.0,1000.0,-132.752464,132.751692
642,-1000.0,1000.0,-135.215102,135.215018
643,-1000.0,1000.0,-103.981656,103.981639
644,-999.960439,1000.0,-109.293873,109.293845
645,-1000.0,1000.0,-125.741088,125.740068
646,-1000.0,1000.0,-223.416872,12.552102
647,0.0,1000.0,-210.18526,-0.679312
648,-1000.0,1000.0,-211.432114,0.567822
649,-0.0,1000.0,-191.068596,-19.796241
650,-1000.0,1000.0,-217.470167,18.705861
651,-999.199031,1000.0,-122.110139,122.109857
652,0.0,0.0,-224.840632,40.697153
653,0.0,1000.0,-154.097165,63.459505
654,-1000.0,1000.0,-255.943986,80.742471
655,-997.864821,998.821196,-185.201835,26.711159
656,0.0,635.607883,-169.206245,198.619994
657,-997.864821,1000.0,-109.39933,109.573332
658,-1000.0,997.864821,-103.599408,108.583005
659,-516.725817,-1.178804,0.0001,116.318346
660,1.178804,516.722089,-95.761352,-0.0001
661,-1000.0,320.572743,-145.847301,147.393907
662,-1000.0,1000.0,-111.676068,152.48169
663,-999.997912,1000.0,-101.661314,177.864543
664,0.002088,0.016935,-188.491692,-0.0001
665,0.002088,352.643958,-261.51477,-0.0001
666,-1000.0,1000.0,-228.012423,12.164736
667,-1000.0,1000.0,-228.205717,12.358091
668,-1000.0,1000.0,-174.781793,13.018213
669,-1000.0,1000.0,-228.490776,12.643272
670,-1000.0,1000.0,-229.32827,13.480766
671,-1000.0,1000.0,-227.902393,12.07421
672,-1000.0,998.16703,-110.308669,102.605164
673,1.83297,14.948794,-inf,inf
674,0.0,0.0,-inf,inf
675,0.0,396.722104,-98.146177,87.526112
676,1.125351,296.180035,-241.066821,-0.0001
677,0.259457,2.116005,-61.890025,-0.0001
678,1.310465,1000.0,-574.38551,-0.0001
679,0.0,1000.0,-142.443663,111.251132
680,-1000.0,0.0,-133.496289,210.37465
681,-1000.0,1000.0,-164.920006,51.353039
682,-1000.0,1000.0,-46.535649,60.423515
683,-528.962806,1000.0,-172.020891,137.175083
684,0.0,0.0,-67.077869,54.744474
685,-1000.0,1000.0,-149.196443,127.419715
686,-1000.0,1000.0,-121.907288,83.03363
687,-1000.0,1000.0,-49.424181,58.433374
688,-512.09176,196.367954,-60.423505,46.535639
689,-999.999987,1000.0,-152.578146,149.247429
690,3.3e-05,700.257883,-117.70245,-0.0001
691,0.002088,0.016494,-268.754613,-0.0001
692,0.002088,0.01607,-128.095651,-0.0001
693,-1000.0,999.933282,-60.574785,46.687265
694,2.060499,296.180022,-283.50637,-0.0001
695,0.918344,385.270427,-154.181524,-0.0001
696,0.918344,385.270427,-265.67887,-0.0001
697,1.125338,296.180022,-131.698649,-0.0001
698,2.043681,386.395765,-172.125677,-0.0001
699,0.49056,1000.0,-92.64687,-0.0001
700,1.125351,296.180035,-239.67498,-0.0001
701,1.125351,296.180035,-212.293639,-0.0001
702,-1000.0,1000.0,-157.622354,58.893939
703,-1000.0,1000.0,-127.011267,29.81196
704,-0.0,1000.0,-112.446103,92.493135
705,-1000.0,0.0,-77.006571,123.833215
706,-1000.0,1000.0,-78.642073,125.470426
707,0.0,0.0,-157.425212,121.009675
708,0.0,1000.0,-484.436604,-151.176109
709,0.0,0.0,-405.283402,104.064872
710,4.4e-05,259.083867,-180.329251,-0.0001
711,-583.908238,1000.0,-474.335698,172.576415
712,-583.908238,113.37186,-556.894895,255.203537
713,1.83297,103.406701,-269.744456,-39.894268
714,1.351966,997.675773,-324.618918,-0.0001
715,-1000.0,998.023892,-148.819661,215.713904
716,1.976108,16.116154,-inf,inf
717,5e-06,32.385483,-1638.812367,-367.120356
718,-1000.0,999.933282,-191.276317,82.735713
719,-1000.0,1000.0,-125.571481,144.812884
720,0.0,0.0,-125.956622,144.427737
721,-1000.0,1000.0,-92.683013,111.929001
722,-1000.0,0.0,46.824382,691.714455
723,-999.003278,0.0,-477.064262,145.166477
724,-1000.0,1000.0,-274.819764,35.227159
725,-1000.0,1000.0,-272.013045,32.490639
726,-998.023782,1000.0,-114.18938,161.274053
727,-1000.0,1000.0,-201.797455,83.280301
728,-1000.0,1000.0,-94.31189,76.790578
729,-1000.0,1000.0,-107.326004,114.296361
730,-1000.0,1000.0,-226.315236,143.236636
731,-0.0,1000.0,-93.027146,122.555477
732,0.0,0.0,-606.710762,-41.968264
733,-1000.0,1000.0,-inf,inf
734,-999.99989,1000.0,-243.193054,130.787994
735,-999.99989,999.997215,-259.604921,114.376127
736,0.021979,335.727011,-292.597954,-0.0001
737,0.010989,167.805139,-265.461203,-0.0001
738,-1000.0,1000.0,-163.888923,27.607558
739,-999.960439,1000.0,-459.722818,437.362013
740,-1000.0,1000.0,-460.734052,438.852064
741,-1000.0,1000.0,-461.783518,439.859237
742,-1000.0,1000.0,-460.685636,438.766106
743,-999.960439,1000.0,-459.71006,437.786762
744,-999.960439,1000.0,-459.71006,437.786762
745,-1000.0,1000.0,-53.741981,438.810648
746,-1000.0,1000.0,-460.734253,438.810648
747,-999.973626,1000.0,-461.78008,439.856253
748,-1000.0,1000.0,-461.780079,439.856252
749,-207.8472,1000.0,-58.567332,48.868696
750,-999.933282,1000.0,-195.066491,80.810765
751,-1000.0,874.491888,-54.113898,54.113898
752,0.0,0.0,-359.388868,189.75003
753,-0.0,109.118383,-347.990219,162.906777
754,0.0,0.0,-214.860813,-14.633902
755,3.619871,532.582676,-210.006385,-0.0001
756,3.619871,532.582676,-120.705866,-0.0001
757,-1000.0,1000.0,-89.482233,67.735436
758,-1000.0,1000.0,-147.844864,125.991659
759,-90.001891,90.001891,-197.22759,211.408682
760,3.05201,24.890673,-inf,inf
761,3.676193,1000.0,-109.456067,-0.0001
762,3.676193,1000.0,-166.366173,-0.0001
763,0.0,0.0,-447.876247,182.490014
764,0.0,0.0,-39.677918,613.985992
765,-1000.0,1000.0,-280.678077,92.309183
766,0.0,400.303586,-411.127,264.478448
767,-400.303586,1000.0,-476.365474,329.649272
768,0.0,0.0,-166.24704,112.517494
769,-1000.0,1000.0,-135.960724,38.243329
770,-1000.0,1000.0,-137.599229,39.89312
771,-1000.0,1000.0,-172.759716,6.576353
772,-1000.0,1000.0,-174.337778,61.179033
773,0.0,0.0,-55.995359,55.891223
774,0.0,0.0,-55.971231,55.915351
775,0.0,0.0,-562.120337,-49.751025
776,0.0,116.709642,-562.855406,-49.015994
777,0.0,116.709642,-446.787139,146.951944
778,-1000.0,1000.0,-280.811125,264.919223
779,-1000.0,999.999912,-184.769889,181.886149
780,-1000.0,1000.0,-255.284347,15.851189
781,-264.481403,0.0,-140.282928,17.051381
782,-998.689535,1000.0,-22.009824,100.511276
783,-1000.0,998.689535,-121.846143,10.972733
784,1.310465,1000.0,-251.799212,-0.0001
785,0.0,0.0,-inf,inf
786,0.0,0.0,-754.061628,-210.820489
787,-1000.0,1000.0,-177.360891,60.858336
788,0.0,0.0,-281.67253,114.846596
789,-171.849005,0.0,-inf,inf
790,-180.441455,0.0,-inf,inf
791,-999.999987,1000.0,-inf,inf
792,0.0,0.0,-214.414734,267.339232
793,-999.999987,1000.0,-231.851269,293.231086
794,-1000.0,1000.0,-647.409607,204.77261
795,-999.868115,1000.0,-454.074028,428.471127
796,-0.0,1000.0,-461.492347,428.398908
797,-1000.0,993.602319,-103.668605,56.46553
798,-1000.0,1000.0,-191.20971,84.223052
799,2.584386,21.076969,-inf,inf
800,0.0,0.0,-inf,inf
801,0.039561,315.973074,-200.86194,-0.0001
802,0.0,0.0,-201.040902,176.866381
803,0.0,0.0,-284.760002,146.718598
804,0.0,1000.0,-103.032969,98.856387
805,-673.355357,665.399415,-94.51099,106.903044
806,-1000.0,329.615286,-108.870259,92.752649
807,-998.499411,1000.0,-129.298049,31.084709
808,-1000.0,1000.0,-47.698884,58.170948
809,0.49056,1000.0,-125.147937,-0.0001
810,-1000.0,1000.0,-111.103817,100.289646
811,0.423855,3.456752,-inf,inf
812,0.0,0.0,-inf,inf
813,-1000.0,1000.0,-103.95204,111.649223
814,-1000.0,1000.0,-103.959322,111.64194
815,1.351966,11.025958,-inf,inf
816,0.0,0.0,-inf,inf
817,0.0,0.0,-285.130183,175.200884
818,0.259457,2.116005,-93.391774,-0.0001
819,0.0,528.962806,-76.867645,76.867645
820,-1000.0,1000.0,-122.672364,122.672364
821,-1000.0,1000.0,-123.083037,120.32951
822,-1000.0,1000.0,-123.083046,120.329519
823,-1000.0,1000.0,-129.573304,114.272537
824,-1000.0,1000.0,-225.703444,83.615957
825,-1000.0,1000.0,-553.439307,392.03935
826,-1000.0,1000.0,-183.485661,70.835276
827,-1000.0,1000.0,-204.130922,91.480621
828,-1000.0,1000.0,-126.708811,123.952505
829,-1000.0,1000.0,-126.708804,123.952498
830,1.1e-05,64.770967,-428.440513,-0.0001
831,0.0,0.0,-479.564407,410.389553
832,1.1e-05,64.770967,-374.803332,-0.0001
833,-1000.0,1000.0,-89.508525,157.358469
834,-1000.0,1000.0,-inf,inf
835,-1000.0,1000.0,-inf,inf
836,-996.016124,996.542717,-108.351357,106.05439
837,-1000.0,992.558841,-108.351889,106.053854
838,3.457283,28.195879,-inf,inf
839,0.0,0.0,-inf,inf
840,-1000.0,999.472533,-121.878743,87.969124
841,-634.755367,0.0,-161.484717,114.984497
842,-634.755367,0.0,-114.965028,147.884393
843,-634.755367,0.0,-160.798332,55.417772
844,0.0,0.0,-67.550536,136.964447
845,-528.962806,0.0,-inf,inf
846,0.0,789.275977,-inf,inf
847,0.0,453.396691,-inf,inf
848,3.619871,532.582676,-inf,inf
849,0.0,0.0,-inf,inf
850,-793.444209,0.0,-inf,inf
851,-634.755367,0.0,-inf,inf
852,-120.294303,0.0,-inf,inf
853,0.0,0.0,-inf,inf
854,0.0,1000.0,-inf,inf
855,0.0,793.444209,-inf,inf
856,-252.020656,0.0,-inf,inf
857,-222.368176,0.0,-inf,inf
858,-1000.0,1000.0,-inf,inf
859,0.0,0.0,-inf,inf
860,-1000.0,1000.0,-inf,inf
861,-343.767457,0.0,-inf,inf
862,-329.01574,0.0,-inf,inf
863,-1000.0,1000.0,-inf,inf
864,-1000.0,1000.0,-inf,inf
865,-1000.0,1000.0,-inf,inf
866,0.0,0.0,-inf,inf
867,-1000.0,1000.0,-inf,inf
868,-1000.0,0.0,-inf,inf
869,-1000.0,1000.0,-inf,inf
870,-1000.0,1000.0,-inf,inf
871,-1000.0,1000.0,-inf,inf
872,-1000.0,0.0,-inf,inf
873,-1000.0,1000.0,-inf,inf
874,-1000.0,0.0,-inf,inf
875,-1000.0,1000.0,-121.682991,121.759965
876,-1000.0,1000.0,-inf,inf
877,-1000.0,1000.0,-inf,inf
878,-1000.0,1000.0,-inf,inf
879,-293.807922,0.0,-inf,inf
880,-407.922804,0.0,-inf,inf
881,-528.962806,0.0,-inf,inf
882,-528.962806,0.0,-inf,inf
883,-1000.0,0.0,-inf,inf
884,-1000.0,1000.0,-inf,inf
885,-1000.0,1000.0,-inf,inf
886,-528.962806,0.0,-inf,inf
887,-103.006469,0.0,-inf,inf
888,-136.467017,0.0,-inf,inf
889,0.0,0.0,-inf,inf
890,-1000.0,0.0,-inf,inf
891,-999.99989,1000.0,-inf,inf
892,-103.006469,0.0,-inf,inf
893,0.0,0.0,-inf,inf
894,0.0,0.0,-inf,inf
895,-1000.0,1000.0,-inf,inf
896,-527.962806,1.0,-inf,inf
897,-300.46092,0.0,-inf,inf
898,-1000.0,1000.0,-inf,inf
899,-352.64187,0.0,-inf,inf
900,-361.54347,0.0,-inf,inf
901,-1000.0,1000.0,-inf,inf
902,-1000.0,1000.0,-inf,inf
903,-1000.0,0.0,-inf,inf
904,-1000.0,1000.0,-inf,inf
905,-1000.0,0.0,-inf,inf
906,-252.020656,0.0,-inf,inf
907,-528.962806,0.0,-inf,inf
908,0.000345,64.771301,-inf,inf
909,1.1e-05,64.770967,-inf,inf
910,0.0,450.778161,-inf,inf
911,0.0,528.962806,-inf,inf
912,0.0,0.0,-inf,inf
913,-1000.0,0.0,-inf,inf
914,-340.698714,0.0,-inf,inf
915,-1000.0,1000.0,-inf,inf
916,-1000.0,1000.0,-inf,inf
917,-1000.0,1000.0,-inf,inf
918,-1000.0,1000.0,-inf,inf
919,-453.396691,0.0,-inf,inf
920,-1000.0,1000.0,-inf,inf
921,0.0,0.0,-inf,inf
922,-983.850086,0.0,-inf,inf
923,0.0,0.0,-inf,inf
924,-1000.0,1000.0,-inf,inf
925,-453.396691,0.0,-inf,inf
926,-634.755367,0.0,-inf,inf
927,-1000.0,1000.0,-inf,inf
928,-1000.0,1000.0,-inf,inf
929,-583.544747,0.0,-inf,inf
930,-1000.0,1000.0,-inf,inf
931,-384.352083,0.0,-inf,inf
932,-1000.0,1000.0,-inf,inf
933,-1000.0,1000.0,-inf,inf
934,-1000.0,1000.0,-inf,inf
935,-528.962806,0.0,-inf,inf
936,0.0,0.0,-inf,inf
937,-1000.0,0.0,-inf,inf
938,1000.0,1000.0,-inf,inf
939,-1000.0,0.0,-inf,inf
940,-1000.0,1000.0,-inf,inf
941,-528.962806,0.0,-inf,inf
942,-1000.0,1000.0,-inf,inf
943,-528.962806,0.0,-inf,inf
944,-619.111643,0.0,-inf,inf
945,-352.64187,0.0,-inf,inf
946,-634.755367,0.0,-inf,inf
947,-1000.0,0.0,-inf,inf
948,-793.444209,0.0,-inf,inf
949,-267.271092,0.0,-inf,inf
950,-1000.0,1000.0,-inf,inf
951,-1000.0,1000.0,-inf,inf
952,-1000.0,1000.0,-inf,inf
953,-352.64187,0.0,-inf,inf
954,-634.755367,0.0,-inf,inf
955,-104.244404,0.0,-inf,inf
956,-1000.0,1000.0,-inf,inf
957,-264.481403,0.0,-inf,inf
958,0.0,158.688842,-inf,inf
959,-1000.0,1000.0,-inf,inf
960,0.0,0.0,-inf,inf
961,-1000.0,1000.0,-inf,inf
962,0.0,0.0,-inf,inf
963,-451.103637,0.0,-inf,inf
964,-1000.0,1000.0,-inf,inf
965,-997.864821,1000.0,-inf,inf
966,-583.908238,0.0,-inf,inf
967,-1000.0,1000.0,-inf,inf
968,-352.64187,0.0,-inf,inf
969,0.0,0.0,-inf,inf
970,0.0,317.377683,-inf,inf
971,-1000.0,1000.0,-inf,inf
972,-1000.0,1000.0,-inf,inf
973,0.039891,0.325332,-inf,inf
974,-1000.0,1000.0,-inf,inf
975,-1000.0,1000.0,-inf,inf
976,0.0,0.0,-inf,inf
977,-396.722104,0.0,-inf,inf
978,-1000.0,0.0,-inf,inf
979,-167.852516,0.0,-inf,inf
980,0.0,0.0,-inf,inf
981,0.0,0.0,-inf,inf
982,-1000.0,999.956372,-inf,inf
983,-1000.0,1000.0,-inf,inf
984,-1000.0,1000.0,-inf,inf
985,0.0,0.0,-inf,inf
986,-291.954119,0.0,-inf,inf
987,0.0,0.0,-inf,inf
988,-1000.0,1000.0,-inf,inf
989,-1000.0,1000.0,-inf,inf
990,1.53025,1000.0,-inf,inf
991,0.0,998.46975,-inf,inf
992,0.0,0.0,-inf,inf
993,0.0,0.0,-inf,inf
994,-189.938373,0.0,-inf,inf
995,0.0,0.0,-inf,inf
996,-515.547014,0.0,-inf,inf
997,-740.522317,0.0,-inf,inf
998,-340.108149,0.0,-inf,inf
999,-1000.0,1000.0,-inf,inf
1000,-1000.0,1000.0,-inf,inf
1001,-1000.0,1000.0,-inf,inf
1002,-106.287249,0.0,-inf,inf
1003,-1000.0,1000.0,-inf,inf
1004,-1000.0,1000.0,-inf,inf
1005,-1000.0,1000.0,-inf,inf
1006,-1000.0,1000.0,-inf,inf
1007,-1000.0,1000.0,-inf,inf
1008,-1000.0,1000.0,-inf,inf
1009,-1000.0,1000.0,-inf,inf
1010,-1000.0,1000.0,-inf,inf
1011,-1000.0,1000.0,-inf,inf
1012,-1000.0,1000.0,-inf,inf
1013,-1000.0,1000.0,-inf,inf
1014,-1000.0,1000.0,-inf,inf
1015,-1000.0,1000.0,-inf,inf
1016,-1000.0,0.0,-inf,inf
1017,-1000.0,1000.0,-inf,inf
1018,-1000.0,1000.0,-inf,inf
1019,-1000.0,1000.0,-inf,inf
1020,-1000.0,1000.0,-inf,inf
1021,-1000.0,1000.0,-inf,inf
1022,-1000.0,1000.0,-inf,inf
1023,-1000.0,1000.0,-inf,inf
1024,-1000.0,1000.0,-inf,inf
1025,-1000.0,1000.0,-inf,inf
1026,-1000.0,1000.0,-inf,inf
1027,-1000.0,1000.0,-inf,inf
1028,-1000.0,1000.0,-inf,inf
1029,-1000.0,1000.0,-inf,inf
1030,-1000.0,1000.0,-inf,inf
1031,-1000.0,1000.0,-inf,inf
1032,-1000.0,1000.0,-inf,inf
1034,0.0,0.0,-inf,inf
1045,0.0,1000.0,-inf,inf
1046,0.0,1000.0,-inf,inf
1051,-1000.0,996.323807,-inf,inf
1052,-352.643958,-0.002088,-inf,inf
1054,0.0,453.396691,-inf,inf
1055,-1000.0,992.558841,-inf,inf
1056,0.0,619.111643,-inf,inf
1057,-1000.0,1000.0,-inf,inf
1059,0.0,634.755367,-inf,inf
1060,-1000.0,0.0,-inf,inf
1063,0.0,793.444209,-inf,inf
1064,-1000.0,1000.0,-inf,inf
1065,-997.082448,1000.0,-inf,inf
1067,0.0,0.0,-inf,inf
1068,-1000.0,1000.0,-inf,inf
1070,-396.722104,0.0,-inf,inf
1071,-1000.0,1000.0,-inf,inf
1072,0.0,0.0,-inf,inf
1073,-1000.0,997.082448,-inf,inf
1074,-528.962806,0.0,-inf,inf
1076,0.0,634.755367,-inf,inf
1077,-1000.0,1000.0,-inf,inf
1078,0.0,0.0,-inf,inf
1079,1.3e-05,189.938387,-inf,inf
1081,0.0,424.343791,-inf,inf
1082,0.000697,120.295,-inf,inf
1083,-1000.0,1000.0,-inf,inf
1084,-1000.0,1000.0,-inf,inf
1085,-1000.0,1000.0,-inf,inf
1086,-1000.0,1000.0,-inf,inf
1087,0.0,0.0,-inf,inf
1088,-1000.0,1000.0,-127.684302,29.465397
1089,0.0,240.588606,-134.351688,-17.207781
1090,-1000.0,1000.0,-152.162419,53.943395
1091,0.0,222.368176,-162.095209,63.876822
1092,0.0,1000.0,-158.578716,60.360059
1093,-999.973626,1000.0,-151.178384,52.959629
1094,-1000.0,1000.0,-161.438298,63.22412
1095,0.0,240.588606,-130.429923,32.216513
1097,-634.755455,-8.8e-05,-inf,inf
1098,-1000.0,1000.0,-245.281056,118.571843
1099,-996.830968,1000.0,-294.240491,57.850551
1102,0.0,0.0,-inf,inf
1106,-1000.0,1000.0,-inf,inf
1107,-1000.0,0.0,-inf,inf
1109,0.0,0.0,-inf,inf
1110,0.0,0.0,-inf,inf
1111,-1000.0,1000.0,-inf,inf
1113,0.0,0.0,-inf,inf
1115,-999.997912,0.0,-inf,inf
1117,-1000.0,1000.0,-inf,inf
1118,-1000.0,1000.0,-inf,inf
1119,-1000.0,1000.0,-inf,inf
1124,-1000.0,1000.0,-inf,inf
1126,-1000.0,1000.0,-inf,inf
1127,0.0,0.0,-inf,inf
1128,0.0,0.0,-inf,inf
1129,-1000.0,1000.0,-inf,inf
1130,-1000.0,1000.0,-inf,inf
1131,-0.0,1000.0,-inf,inf
1133,0.0,0.0,-78.928739,-11.242505
1134,-1000.0,1000.0,-119.655039,5.341697
1135,-1000.0,1000.0,-119.655039,5.341697
1136,0.0,0.0,-118.608017,6.388719
1137,-1000.0,1000.0,-inf,inf
1140,-1000.0,1000.0,-inf,inf
1141,-1000.0,1000.0,-inf,inf
1142,-1000.0,1000.0,-inf,inf
1143,-1000.0,1000.0,-inf,inf
1144,-1000.0,1000.0,-inf,inf
1145,-1000.0,1000.0,-inf,inf
1146,-1000.0,1000.0,-inf,inf
1147,-1000.0,1000.0,-inf,inf
1148,-1000.0,1000.0,-inf,inf
1149,0.0,109.93558,-668.37517,-110.809241
1151,-1000.0,214.047654,-inf,inf
1152,0.0,0.0,-310.086432,-116.488826
1153,-528.962806,0.0,-inf,inf
1155,-1000.0,1000.0,-inf,inf
1156,-1000.0,333.333333,-inf,inf
1157,-1000.0,1000.0,-157.736876,43.341439
1158,-90.001891,90.001891,-inf,inf
1159,-1000.0,1000.0,-inf,inf
1160,-1000.0,1000.0,-inf,inf
1161,-1000.0,1000.0,-inf,inf
1162,0.0,1000.0,-inf,inf
1163,-1000.0,1000.0,-inf,inf
1164,0.0,0.0,-inf,inf
1165,-1000.0,1000.0,-inf,inf
1167,-1000.0,1000.0,-124.328331,121.583659
1168,-1000.0,1000.0,-127.680896,101.30209
1171,-634.755367,0.0,-inf,inf
1172,-996.323807,1000.0,-inf,inf
1177,-528.962806,0.0,-inf,inf
1181,-528.962806,0.0,-inf,inf
1183,-634.755367,0.0,-inf,inf
1184,-1000.0,1000.0,-inf,inf
1185,-999.973626,1000.0,-inf,inf
1186,0.0,1000.0,-292.633098,207.603167
1187,-1000.0,1000.0,-292.968231,208.375832
1188,-1000.0,1000.0,-292.614094,208.021439
1189,-1000.0,1000.0,-292.936946,208.344327
1190,-999.933282,1000.0,-inf,inf
1192,-222.368176,0.0,-inf,inf
1193,-240.628168,999.960439,-110.220683,107.468462
1195,-313.811226,0.0,-inf,inf
1196,-222.368176,0.0,-inf,inf
1197,-240.588606,0.0,-inf,inf
1198,-1000.0,1000.0,-187.119921,74.473822
1199,-340.108149,0.0,-inf,inf
1200,-0.0,1000.0,-184.878932,97.736633
1201,-1000.0,1000.0,-inf,inf
1202,0.000697,120.295,-inf,inf
1203,-583.908238,1000.0,-460.514748,312.031577
1204,0.0,0.0,-inf,inf
1205,0.0,120.295,-244.007643,14.746121
1206,-120.295,-0.000697,-inf,inf
1207,-1000.0,1000.0,-inf,inf
1208,-1000.0,1000.0,-inf,inf
1209,-62.9191,-7.714926,-inf,inf
1211,-257.773507,0.0,-inf,inf
1212,-1000.0,1000.0,-inf,inf
1213,-1000.0,1000.0,-inf,inf
1215,109.301676,109.301676,-inf,inf
1217,-999.58973,1000.0,-inf,inf
1218,-1000.0,999.707873,-inf,inf
1220,0.0,1000.0,-inf,inf
1221,-1000.0,1000.0,-inf,inf
1224,1.1e-05,64.770967,-inf,inf
1225,-317.377683,0.0,-inf,inf
1226,-1000.0,1000.0,-inf,inf
1227,-1000.0,1000.0,-inf,inf
1228,-1000.0,1000.0,-inf,inf
1229,-1000.0,1000.0,-inf,inf
1230,-373.202185,0.0,-inf,inf
1231,-226.698345,0.0,-inf,inf
1233,-999.99989,1000.0,-133.194204,241.625776
1237,-1000.0,1000.0,-inf,inf
1238,-1000.0,0.0,-inf,inf
1239,-793.444209,0.0,-inf,inf
1240,-1000.0,1000.0,-164.656511,52.088647
1243,-1000.0,1000.0,-inf,inf
1244,-1000.0,1000.0,-inf,inf
1245,-1000.0,1000.0,-inf,inf
1246,-1000.0,1000.0,-inf,inf
1250,-1000.0,1000.0,-inf,inf
1252,-1000.0,1000.0,-inf,inf
1253,-120.295,-0.000697,-inf,inf
1254,-189.939083,-0.00071,-inf,inf
1257,0.0,1000.0,-inf,inf
1258,-1000.0,1000.0,-inf,inf
1260,0.0,0.0,-inf,inf
1262,-0.0,1000.0,-197.296685,84.64601
1263,0.0,0.0,-inf,inf
1264,-222.368176,0.0,-inf,inf
1265,-1000.0,1000.0,-inf,inf
1266,-1000.0,1000.0,-inf,inf
1267,-1000.0,1000.0,-inf,inf
1268,-1000.0,1000.0,-inf,inf
1269,-1000.0,1000.0,-inf,inf
1270,-1000.0,1000.0,-inf,inf
1271,-1000.0,1000.0,-inf,inf
1273,-1000.0,1000.0,-inf,inf
1275,-198.185777,0.0,-inf,inf
1276,-198.288997,0.0,-inf,inf
1277,0.0,0.0,-inf,inf
1278,3.619871,532.582676,-240.609057,-0.0001
1279,-1000.0,1000.0,-inf,inf
1280,-700.257883,-3.3e-05,-inf,inf
1282,-295.054684,0.0,-inf,inf
1284,-1000.0,1000.0,-inf,inf
1285,0.0,300.46092,-inf,inf
1286,-1000.0,0.0,-inf,inf
1288,-240.588606,0.0,-inf,inf
1289,-1000.0,0.0,-inf,inf
1290,-1000.0,1000.0,-165.563814,52.912972
1291,0.0,1000.0,-inf,inf
1292,0.0,1000.0,-inf,inf
1293,0.0,1000.0,-inf,inf
1294,0.0,1000.0,-inf,inf
1295,0.0,1000.0,-inf,inf
1296,0.0,1000.0,-inf,inf
1297,0.0,1000.0,-inf,inf
1298,0.0,1000.0,-inf,inf
1299,0.0,1000.0,-inf,inf
1300,0.0,1000.0,-inf,inf
1303,0.0,619.111643,-inf,inf
1304,-1000.0,1000.0,-inf,inf
1308,0.0,773.889554,-inf,inf
1309,-1000.0,1000.0,-inf,inf
1311,0.0,0.0,-31.204763,112.795706
1312,-1000.0,0.0,-152.844992,131.603481
1314,-1000.0,1000.0,-inf,inf
1316,-634.755367,0.0,-inf,inf
1317,-634.755367,0.0,-inf,inf
1322,-1000.0,1000.0,-inf,inf
1324,-1000.0,1000.0,-inf,inf
1325,-1000.0,1000.0,-inf,inf
1327,-998.023892,1000.0,-88.554153,50.486424
1329,-1000.0,999.933295,-inf,inf
1331,-1000.0,1000.0,-inf,inf
1333,-793.444209,0.0,-inf,inf
1336,-997.082448,1000.0,-inf,inf
1339,-1000.0,1000.0,-inf,inf
1343,-1000.0,998.023892,-inf,inf
1345,-90.001891,90.001891,-inf,inf
1346,0.0,0.0,-inf,inf
1348,0.0,0.0,-inf,inf
1355,0.0,0.0,-inf,inf
1356,-1000.0,1000.0,-inf,inf
1357,-1000.0,1000.0,-inf,inf
1358,-1000.0,1000.0,-inf,inf
1359,-1000.0,1000.0,-inf,inf
1360,-1000.0,1000.0,-inf,inf
1361,-1000.0,1000.0,-inf,inf
1362,0.0,1000.0,-inf,inf
1363,-1000.0,1000.0,-inf,inf
1364,-1000.0,1000.0,-inf,inf
1365,-1000.0,1000.0,-inf,inf
1366,-1000.0,1000.0,-inf,inf
1368,-62.9191,-7.714926,-inf,inf
1369,0.0,0.0,-inf,inf
1370,0.0,1000.0,-180.094256,-13.799401
1371,-1000.0,1000.0,-inf,inf
1372,-1000.0,1000.0,-inf,inf
1373,-1000.0,1000.0,-inf,inf
1374,-1000.0,1000.0,-inf,inf
1375,-1000.0,1000.0,-inf,inf
1376,-1000.0,1000.0,-inf,inf
1377,-1000.0,1000.0,-inf,inf
1378,-1000.0,1000.0,-inf,inf
1379,-1000.0,1000.0,-inf,inf
1380,-1000.0,1000.0,-inf,inf
1383,-1000.0,132.031077,-inf,inf
1384,-132.031077,1000.0,-inf,inf
1385,-1000.0,1000.0,-inf,inf
1386,0.0,0.0,-inf,inf
1389,-1000.0,1000.0,-inf,inf
1390,0.0,0.0,-inf,inf
1391,-267.271092,0.0,-inf,inf
1392,-999.973626,1000.0,-222.814014,14.698295
1393,-1000.0,999.973626,-224.128282,13.263966
1394,-1000.0,1000.0,-inf,inf
1395,0.0,1000.0,-inf,inf
1396,-249.999973,411.927417,-inf,inf
1397,-1000.0,1000.0,-inf,inf
1398,-1000.0,1000.0,-inf,inf
1399,-175.689561,0.0,-inf,inf
1402,0.0,793.444209,-inf,inf
1404,-144.353164,0.0,-inf,inf
1405,-1000.0,1000.0,-inf,inf
1409,-90.001891,90.001891,-inf,inf
1410,0.002088,1000.0,-inf,inf
1411,-999.997912,1000.0,-86.029256,193.933869
1412,-200.490505,0.0,-inf,inf
1416,0.0,396.722104,-inf,inf
1417,-1000.0,1000.0,-inf,inf
1418,0.0,0.0,-inf,inf
1420,-1000.0,1000.0,-inf,inf
1422,1.1e-05,64.770967,-inf,inf
1423,0.0,0.0,-inf,inf
1425,-1000.0,1000.0,-209.985017,102.418935
1426,-1000.0,1000.0,-264.41532,132.41212
1427,0.0,1000.0,-232.991847,130.50035
1429,-1000.0,1000.0,-214.371261,106.875377
1430,0.010989,167.863505,-152.69899,-0.0001
1431,-1000.0,1000.0,-123.304146,119.983557
1432,-1000.0,1000.0,-inf,inf
1434,-1000.0,1000.0,-inf,inf
1435,-999.933295,1000.0,-inf,inf
1436,-1000.0,1000.0,-inf,inf
1438,-1000.0,1000.0,-inf,inf
1439,-167.852516,0.0,-inf,inf
1440,-634.755367,0.0,-inf,inf
1441,0.0,0.0,-inf,inf
1444,-999.998912,1000.0,-inf,inf
1447,-1000.0,583.908238,-390.664158,0.0001
1450,0.0,116.709642,-inf,inf
1451,0.0,116.709642,-inf,inf
1454,-793.444209,0.0,-inf,inf
1459,-1000.0,1000.0,-inf,inf
1460,-1000.0,1000.0,-inf,inf
1461,-1000.0,999.999987,-inf,inf
1465,-999.999987,1000.0,-267.84579,264.731949
1466,-997.082448,1000.0,-inf,inf
1468,-315.933513,1000.0,-194.452101,81.805905
1469,-315.933513,0.0,-inf,inf
1470,0.0,264.481403,-inf,inf
1471,-1000.0,1000.0,-inf,inf
1472,0.0,0.0,-inf,inf
1474,0.0,315.933513,-inf,inf
1475,-1000.0,1000.0,-inf,inf
1476,0.0,0.0,-inf,inf
1477,-1000.0,1000.0,-inf,inf
1478,-1000.0,1000.0,-inf,inf
1482,-1000.0,992.558841,-inf,inf
1483,-1000.0,982.362664,-inf,inf
1484,-1000.0,1000.0,-inf,inf
1485,-1000.0,1000.0,-inf,inf
1486,-1000.0,1000.0,-inf,inf
1487,-1000.0,1000.0,-inf,inf
1488,-1000.0,1000.0,-inf,inf
1490,-295.054684,0.0,-inf,inf
1492,-240.588606,0.0,-inf,inf
1494,-634.755367,0.0,-inf,inf
1496,-1000.0,1000.0,-inf,inf
1497,10.989297,89.62324,-inf,inf
1499,0.0,0.0,-190.246385,69.247883
1500,0.0,0.0,-110.479077,191.090432
1501,0.066705,451.170342,-246.295622,-74.188055
1502,-1000.0,1000.0,-116.161944,160.800449
1503,-1000.0,1000.0,-282.46598,5.979718
1504,-1000.0,1000.0,-112.890334,99.410486
1505,-998.16703,1000.0,-110.415879,107.305214
1506,-998.648034,1000.0,-100.794026,114.267551
1507,-1000.0,1000.0,-inf,inf
1508,-1000.0,1000.0,-130.046923,28.033475
1509,-1000.0,1000.0,-inf,inf
1510,-1000.0,1000.0,-172.573409,144.095239
1511,-1000.0,1000.0,-inf,inf
1513,-107.784648,0.0,-inf,inf
1515,-137.899839,0.0,-inf,inf
1516,-998.202185,1000.0,-1610.51021,1281.84612
1517,-998.202185,1000.0,-1463.296717,1463.569223
1518,0.0,0.0,-278.392094,244.656087
1519,0.0,0.0,-280.152622,243.746585
1520,0.0,0.0,-280.158477,243.752471
1521,0.0,0.0,-177.210991,243.863409
1522,0.0,0.0,-178.929234,242.368053
1523,0.0,0.0,-inf,inf
1524,0.0,0.0,-inf,inf
1525,0.0,0.0,-141.850802,161.430198
1526,0.0,0.0,-inf,inf
1527,0.0,0.0,-inf,inf
1528,0.0,0.0,-210.438838,208.586211
1529,0.0,0.0,-210.015483,208.924025
1530,-1000.0,1000.0,-163.639382,202.504215
1531,-1000.0,1000.0,-163.817613,202.682079
1532,-1000.0,1000.0,-164.060106,202.924939
1533,-1000.0,1000.0,-164.366499,203.231393
1534,-1000.0,1000.0,-164.735803,203.600604
1535,-1000.0,1000.0,-165.166696,204.031445
1536,-1000.0,0.0,-165.657886,204.522722
1537,-1000.0,1000.0,-137.00558,180.903503
1538,-1000.0,1000.0,-137.186735,181.084903
1539,-1000.0,1000.0,-137.434277,181.331956
1540,-1000.0,1000.0,-137.746731,181.644409
1541,-1000.0,1000.0,-138.123225,182.021026
1542,-1000.0,1000.0,-138.562671,182.460495
1543,-1000.0,1000.0,-139.063743,182.961502
1544,-1000.0,1000.0,-81.718086,102.670803
1545,-1000.0,1000.0,-81.987198,102.939916
1546,-1000.0,1000.0,-82.345477,103.298317
1547,-1000.0,1000.0,-inf,inf
1548,-1000.0,1000.0,-inf,inf
1549,-1000.0,1000.0,-83.931159,104.883968
1550,-1000.0,1000.0,-84.619871,105.572695
1551,-1000.0,1000.0,-169.407636,147.803671
1552,-1000.0,1000.0,-169.639201,148.035358
1553,-1000.0,1000.0,-169.936849,148.332884
1554,-1000.0,1000.0,-inf,inf
1555,-1000.0,1000.0,-inf,inf
1556,-1000.0,1000.0,-171.214107,149.610135
1557,-1000.0,1000.0,-171.76342,150.159486
1558,0.0,999.66127,-488.059242,-124.301297
1559,0.33873,176.659665,-488.296052,-124.064426
1560,-373.202185,0.0,-inf,inf
1561,-317.377683,0.0,-inf,inf
1562,-264.481403,0.0,-inf,inf
1566,-793.444209,0.0,-inf,inf
1567,0.0,0.0,-inf,inf
1568,-176.320935,0.0,-inf,inf
1570,-1000.0,1000.0,-191.432751,175.002874
1571,-1000.0,1000.0,-191.715777,175.285778
1572,-1000.0,1000.0,-192.087964,175.658088
1573,-1000.0,1000.0,-194.489427,178.058031
1574,-1000.0,1000.0,-192.547156,103.029891
1575,-1000.0,1000.0,-194.714942,178.283851
1576,-1000.0,1000.0,-191.390911,175.04472
1577,-1000.0,1000.0,-191.673885,175.327693
1578,-1000.0,1000.0,-192.046125,175.699934
1579,-1000.0,1000.0,-194.446814,178.100622
1580,-1000.0,1000.0,-192.505263,176.159071
1581,-1000.0,1000.0,-194.672343,178.326457
1582,-1000.0,0.0,-194.539789,178.007673
1583,-0.0,1000.0,-192.597088,176.067257
1584,-1000.0,1000.0,-194.765315,178.233504
1585,0.0,0.0,-193.048361,176.702566
1586,0.0,0.0,-193.672627,177.326741
1587,-1000.0,1000.0,-194.374455,178.028447
1588,-1000.0,1000.0,-195.149904,178.804445
1589,0.0,0.0,-186.814375,177.284717
1590,-1000.0,1000.0,-194.416458,177.986421
1591,-1000.0,1000.0,-195.191951,178.76238
1592,0.0,0.0,-193.67274,177.32661
1593,-1000.0,1000.0,-194.37457,178.028341
1594,-1000.0,1000.0,-195.150081,178.804256
1595,-1000.0,1000.0,-inf,inf
1596,-1000.0,1000.0,-inf,inf
1597,-1000.0,1000.0,-inf,inf
1598,-1000.0,1000.0,-inf,inf
1599,-1000.0,999.573725,-inf,inf
1600,-1000.0,1000.0,-inf,inf
1601,-1000.0,1000.0,-inf,inf
1602,-1000.0,1000.0,-inf,inf
1603,-1000.0,1000.0,-inf,inf
1604,-1000.0,1000.0,-inf,inf
1605,-793.444209,0.0,-inf,inf
1606,0.0,0.0,-inf,inf
1607,-1000.0,1000.0,-inf,inf
1608,0.0,793.444209,-227.998992,12.149065
1609,0.0,0.0,-410.458913,-124.855744
1610,-1000.0,1000.0,-231.282073,15.436854
1611,-1000.0,1000.0,-231.509384,15.66386
1612,-793.444209,0.0,-inf,inf
1613,0.0,0.0,-222.800849,54.827831
1614,0.0,0.0,-223.141124,54.406632
1615,-1000.0,1000.0,-inf,inf
1616,-1000.0,1000.0,-inf,inf
1617,-1000.0,1000.0,-225.886017,57.151914
1618,-199.386072,998.636251,-90.241576,240.984417
1619,-199.386072,998.636251,-inf,inf
1620,-199.386072,998.636251,-inf,inf
1621,0.0,0.0,-217.405052,73.260831
1622,0.0,0.0,-226.323032,58.921059
1623,0.0,0.0,-inf,inf
1624,0.0,373.202185,-102.406745,81.454028
1625,-1000.0,1000.0,-102.492615,81.539898
1626,-1000.0,1000.0,-102.670799,81.718082
1627,-1000.0,1000.0,-102.939908,81.987191
1628,-1000.0,1000.0,-103.298286,82.345508
1629,-0.0,1000.0,-105.572669,84.619876
1630,-793.444209,0.0,-inf,inf
1631,0.0,0.0,-102.883123,81.169663
1632,0.0,0.0,34.505362,264.019132
1633,-1000.0,1000.0,-inf,inf
1634,-1000.0,1000.0,-inf,inf
1635,-1000.0,1000.0,-104.883983,83.931166
1636,-199.386072,998.62846,-inf,inf
1637,-199.386072,998.636251,-inf,inf
1638,-1000.0,1000.0,-inf,inf
1639,0.0,0.0,15.489933,258.444351
1640,0.0,0.0,-107.062354,84.777361
1641,0.0,0.0,-inf,inf
1642,0.0,373.202185,-180.153311,133.972978
1643,-1000.0,99.992898,-180.202249,134.021917
1644,-1000.0,1000.0,-180.507628,134.326808
1645,-1000.0,1000.0,-180.762301,134.581969
1646,-0.0,1000.0,-182.440459,136.260062
1647,-793.444209,0.0,-181.490921,132.858044
1648,0.0,0.0,-179.875297,134.455708
1649,0.0,0.0,-180.173761,133.993185
1650,-1000.0,1000.0,-181.084308,134.903976
1651,-1000.0,1000.0,-181.472247,135.291822
1652,-1000.0,1000.0,-181.924833,135.744364
1653,-199.386072,998.636251,-inf,inf
1654,-199.386072,998.636251,-inf,inf
1655,-1000.0,1000.0,-inf,inf
1656,0.0,0.0,-inf,inf
1657,0.0,0.0,-182.297412,137.449873
1658,0.0,0.0,-176.567757,141.970188
1659,-793.444209,0.0,-193.35462,139.480743
1660,0.0,0.0,-363.157441,-9.314651
1661,0.0,0.0,-180.518203,127.523568
1662,-1000.0,1000.0,-181.392834,128.398016
1663,-1000.0,1000.0,-181.764407,128.769681
1664,-1000.0,1000.0,-172.311839,129.203301
1665,-199.386072,998.636251,-inf,inf
1666,-199.386072,998.636251,-inf,inf
1667,-1000.0,1000.0,-inf,inf
1668,0.0,0.0,-inf,inf
1669,0.0,0.0,-183.004406,130.009009
1670,0.0,0.0,-179.312546,132.38859
1671,-1000.0,1000.0,-inf,inf
1672,-1000.0,1000.0,-inf,inf
1673,-1000.0,1000.0,-inf,inf
1674,0.0,0.0,-292.821772,-61.738813
1675,0.0,0.0,-inf,inf
1676,0.0,0.0,-292.945021,-61.615198
1677,-1000.0,1000.0,-88.914071,109.050667
1678,0.0,0.0,-107.431833,84.69111
1679,-1000.0,1000.0,-inf,inf
1680,0.0,0.0,-160.69559,159.661109
1681,-1000.0,1000.0,-66.51799,45.810862
1682,-1000.0,1000.0,-80.535591,219.854427
1683,-1000.0,1000.0,-82.782739,222.101652
1684,-1000.0,1000.0,-81.030747,220.349644
1685,-1000.0,1000.0,-83.04649,222.365387
1686,-1000.0,1000.0,-88.426516,212.699623
1687,-1000.0,1000.0,-inf,inf
1688,-1000.0,1000.0,-88.86245,213.135572
1689,-1000.0,1000.0,-91.321693,215.594907
1690,-1000.0,1000.0,-inf,inf
1691,-1000.0,1000.0,-inf,inf
1692,-1000.0,1000.0,-inf,inf
1693,-1000.0,1000.0,-inf,inf
1694,-1000.0,1000.0,-88.233251,212.892893
1695,-1000.0,1000.0,-inf,inf
1696,-1000.0,1000.0,-88.669256,213.328791
1697,-1000.0,1000.0,-91.128523,215.788088
1698,-1000.0,1000.0,-116.590843,171.633629
1699,-1000.0,1000.0,-inf,inf
1700,-1000.0,1000.0,-117.105266,172.148097
1701,-1000.0,1000.0,-119.082691,174.125431
1702,-1000.0,1000.0,-117.841719,170.382759
1703,-1000.0,1000.0,-inf,inf
1704,0.0,1000.0,-118.356144,170.89723
1705,-1000.0,1000.0,-120.333544,172.8746
1706,-1000.0,1000.0,-151.664117,137.113406
1707,-1000.0,1000.0,-152.107833,137.556695
1708,-1000.0,1000.0,-155.604864,141.054076
1709,-1000.0,1000.0,-155.926023,141.375297
1710,-1000.0,1000.0,-152.26603,137.714647
1711,-1000.0,1000.0,-152.742669,138.191835
1712,-1000.0,1000.0,-155.983684,141.432972
1713,-1000.0,1000.0,-156.339062,141.78768
1714,-1000.0,1000.0,-151.842768,137.821772
1715,-1000.0,1000.0,-155.660898,141.640436
1716,-1000.0,1000.0,-152.47754,138.456971
1717,-1000.0,1000.0,-156.073946,142.052827
1718,0.0,1000.0,-242.910835,-16.65729
1719,0.0,1000.0,-244.100594,-15.467425
1720,0.0,1000.0,-252.560809,-7.007317
1721,0.0,1000.0,-253.212905,-6.355465
1722,0.0,1000.0,-244.100412,-15.467488
1723,0.0,1000.0,-245.369401,-16.65749
1724,0.0,1000.0,-253.212934,-6.355435
1725,0.0,1000.0,-253.951148,-5.616245
1726,0.0,0.0,-244.655872,-18.402382
1727,0.0,0.0,-245.84566,-17.212351
1728,0.0,0.0,-254.305865,-8.752389
1729,0.0,0.0,-254.957997,-8.100502
1730,0.0,0.0,-245.845474,-17.212292
1731,0.0,0.0,-247.114445,-15.944054
1732,0.0,0.0,-254.957997,-8.100502
1733,0.0,0.0,-255.696221,-7.361301
1734,0.0,1000.0,-244.410764,-18.157261
1735,0.0,1000.0,-245.600359,-16.967056
1736,0.0,1000.0,-254.060622,-8.507158
1737,0.0,1000.0,-254.712748,-7.855277
1738,0.0,1000.0,-245.600224,-16.967069
1739,0.0,1000.0,-246.869215,-15.69881
1740,0.0,1000.0,-254.712772,-7.855253
1741,0.0,1000.0,-255.450995,-7.116053
1742,-1000.0,1000.0,-161.530227,137.672841
1743,-1000.0,1000.0,-162.383629,138.526731
1744,-1000.0,1000.0,-inf,inf
1745,-1000.0,1000.0,-inf,inf
1746,-1000.0,1000.0,-inf,inf
1747,-1000.0,1000.0,-163.293463,139.436566
1748,-1000.0,1000.0,-inf,inf
1749,-1000.0,1000.0,-167.996243,144.139833
1750,-1000.0,1000.0,-165.006517,141.149619
1751,-1000.0,1000.0,-inf,inf
1752,-1000.0,1000.0,-171.885684,148.029763
1753,-1000.0,1000.0,-inf,inf
1754,-1000.0,1000.0,-165.728083,141.870209
1755,-1000.0,1000.0,-inf,inf
1756,-1000.0,1000.0,-inf,inf
1757,-1000.0,1000.0,-inf,inf
1758,-1000.0,1000.0,-162.234506,135.960703
1759,-1000.0,1000.0,-163.112019,139.255
1760,0.0,1000.0,-inf,inf
1761,-1000.0,1000.0,-inf,inf
1762,-1000.0,1000.0,-163.112005,139.254986
1763,-1000.0,1000.0,-inf,inf
1764,-1000.0,1000.0,-inf,inf
1765,-1000.0,1000.0,-inf,inf
1766,-1000.0,1000.0,-inf,inf
1767,-1000.0,1000.0,-inf,inf
1768,-1000.0,1000.0,-172.259103,148.402022
1769,-1000.0,1000.0,-172.785099,148.927042
1770,-1000.0,1000.0,-inf,inf
1771,-1000.0,1000.0,-inf,inf
1772,-1000.0,1000.0,-172.78507,148.927013
1773,-1000.0,1000.0,-173.364525,149.507444
1774,-1000.0,1000.0,-161.337423,137.865621
1775,-1000.0,1000.0,-162.190827,138.719513
1776,-1000.0,1000.0,-inf,inf
1777,-1000.0,1000.0,-inf,inf
1778,-1000.0,1000.0,-inf,inf
1779,-1000.0,1000.0,-163.100697,139.629383
1780,-1000.0,1000.0,-inf,inf
1781,-1000.0,1000.0,-167.803445,144.33262
1782,-1000.0,1000.0,-164.813754,141.342318
1783,-1000.0,1000.0,-inf,inf
1784,-1000.0,1000.0,-171.692925,148.222466
1785,-1000.0,1000.0,-inf,inf
1786,-1000.0,1000.0,-165.53534,142.062928
1787,-1000.0,1000.0,-inf,inf
1788,-1000.0,1000.0,-inf,inf
1789,-1000.0,1000.0,-inf,inf
1790,-1000.0,1000.0,-162.041783,138.570226
1791,-1000.0,1000.0,-162.919122,139.447752
1792,-1000.0,1000.0,-inf,inf
1793,-1000.0,1000.0,-inf,inf
1794,-1000.0,1000.0,-162.919322,139.447765
1795,-1000.0,1000.0,-inf,inf
1796,-1000.0,1000.0,-inf,inf
1797,-1000.0,1000.0,-inf,inf
1798,-1000.0,1000.0,-inf,inf
1799,-1000.0,1000.0,-inf,inf
1800,-1000.0,1000.0,-172.066377,148.594758
1801,-1000.0,1000.0,-172.592383,149.119788
1802,-1000.0,1000.0,-inf,inf
1803,-1000.0,1000.0,-inf,inf
1804,-1000.0,1000.0,-172.592183,149.119757
1805,-1000.0,1000.0,-173.171809,149.700191
1806,-1000.0,1000.0,-inf,inf
1807,-1000.0,1000.0,-110.176825,187.240072
1808,-1000.0,1000.0,-inf,inf
1809,-1000.0,1000.0,-inf,inf
1810,-1000.0,1000.0,-104.204838,181.268634
1811,-1000.0,1000.0,-inf,inf
1812,-1000.0,1000.0,-inf,inf
1813,-1000.0,1000.0,-111.326505,188.39024
1814,-1000.0,1000.0,-inf,inf
1815,-1000.0,1000.0,-94.305757,203.111192
1816,-1000.0,1000.0,-inf,inf
1817,-1000.0,1000.0,-inf,inf
1818,-1000.0,1000.0,-88.333822,197.139684
1819,-1000.0,1000.0,-inf,inf
1820,-1000.0,1000.0,-inf,inf
1821,-1000.0,1000.0,-244.780505,64.842303
1822,-1000.0,1000.0,-inf,inf
1823,-1000.0,1000.0,-inf,inf
1824,-1000.0,1000.0,-238.897737,58.959475
1825,-1000.0,1000.0,-inf,inf
1826,-1000.0,1000.0,-inf,inf
1827,-1000.0,1000.0,-284.383166,99.694476
1828,-1000.0,1000.0,-inf,inf
1829,-1000.0,1000.0,-inf,inf
1830,-1000.0,1000.0,-inf,inf
1831,-1000.0,1000.0,-inf,inf
1832,0.0,1000.0,-226.874706,73.777421
1833,-1000.0,1000.0,-inf,inf
1834,-1000.0,1000.0,-inf,inf
1835,-1000.0,1000.0,-233.859834,80.76261
1836,-1000.0,1000.0,-159.410337,134.859562
1837,-952.661538,952.661538,-inf,inf
1838,-1000.0,1000.0,-inf,inf
1839,-1000.0,1000.0,-157.469265,70.422248
1840,-1000.0,1000.0,-inf,inf
1841,-1000.0,1000.0,-220.582951,137.841231
1842,-1000.0,1000.0,-inf,inf
1843,-1000.0,1000.0,-inf,inf
1844,-1000.0,1000.0,-inf,inf
1845,-1000.0,1000.0,-inf,inf
1846,-1000.0,1000.0,-inf,inf
1847,-1000.0,1000.0,-164.05307,63.838433
1848,-1000.0,1000.0,-inf,inf
1849,-1000.0,1000.0,-227.166756,131.257418
1850,-1000.0,1000.0,-inf,inf
1851,-1000.0,1000.0,-inf,inf
1852,-1000.0,1000.0,-inf,inf
1853,-1000.0,1000.0,-inf,inf
1854,-1000.0,1000.0,-inf,inf
1855,-1000.0,1000.0,-164.909254,62.982267
1856,-1000.0,1000.0,-inf,inf
1857,-1000.0,1000.0,-228.022918,130.401228
1858,-1000.0,1000.0,-inf,inf
1859,-1000.0,1000.0,-inf,inf
1860,-1000.0,1000.0,-inf,inf
1861,-1000.0,1000.0,-inf,inf
1862,0.0,1000.0,-inf,inf
1863,-1000.0,1000.0,-inf,inf
1864,-1000.0,1000.0,-inf,inf
1865,-1000.0,1000.0,-inf,inf
1866,-1000.0,1000.0,-inf,inf
1867,-1000.0,1000.0,-inf,inf
1868,-1000.0,1000.0,-inf,inf
1869,-1000.0,1000.0,-inf,inf
1870,-1000.0,1000.0,-inf,inf
1871,-1000.0,1000.0,-inf,inf
1872,-1000.0,1000.0,-inf,inf
1873,-1000.0,1000.0,-inf,inf
1874,-1000.0,1000.0,-inf,inf
1875,-1000.0,1000.0,-inf,inf
1876,-1000.0,1000.0,-inf,inf
1877,-1000.0,1000.0,-282.306738,160.37824
1878,-1000.0,1000.0,-inf,inf
1879,-1000.0,1000.0,-inf,inf
1880,-1000.0,1000.0,-inf,inf
1881,-1000.0,1000.0,-inf,inf
1882,-1000.0,1000.0,-inf,inf
1883,-1000.0,1000.0,-inf,inf
1884,-1000.0,1000.0,-inf,inf
1885,-1000.0,1000.0,-249.989433,219.97097
1886,-1000.0,1000.0,-116.262414,164.966248
1887,-1000.0,1000.0,-123.765319,172.469153
1888,-1000.0,1000.0,-117.137397,165.840742
1889,-1000.0,1000.0,-124.300602,173.00468
1890,-1000.0,1000.0,-117.137319,165.840908
1891,-1000.0,1000.0,-124.300578,173.004656
1892,-1000.0,1000.0,-118.087419,166.791497
1893,-1000.0,1000.0,-124.911229,173.61433
1894,-1000.0,1000.0,-inf,inf
1895,-1000.0,1000.0,-198.370309,101.049801
1896,-1000.0,1000.0,-inf,inf
1897,-1000.0,1000.0,-234.886473,137.120285
1898,-1000.0,1000.0,-inf,inf
1899,-1000.0,1000.0,-inf,inf
1900,-1000.0,1000.0,-inf,inf
1901,-1000.0,1000.0,-inf,inf
1902,-1000.0,1000.0,-inf,inf
1903,-1000.0,1000.0,-275.695929,171.639938
1904,-1000.0,1000.0,-274.420072,170.36457
1905,-1000.0,1000.0,-275.981447,171.925457
1906,-1000.0,1000.0,-inf,inf
1907,-1000.0,1000.0,-275.98146,171.92547
1908,-1000.0,1000.0,-274.817784,170.761793
1909,-1000.0,1000.0,-276.297543,172.241552
1910,-1000.0,1000.0,-inf,inf
1911,-1000.0,1000.0,-inf,inf
1912,-1000.0,1000.0,-inf,inf
1913,-1000.0,1000.0,-inf,inf
1914,-1000.0,1000.0,-inf,inf
1915,-1000.0,1000.0,-inf,inf
1916,-1000.0,1000.0,-inf,inf
1917,-1000.0,1000.0,-inf,inf
1918,-1000.0,1000.0,-inf,inf
1919,-1000.0,1000.0,-inf,inf
1920,-1000.0,1000.0,-inf,inf
1921,-1000.0,1000.0,-inf,inf
1922,-1000.0,1000.0,-inf,inf
1923,-1000.0,1000.0,-inf,inf
1924,-1000.0,1000.0,-inf,inf
1925,-1000.0,1000.0,-inf,inf
1926,0.0,1000.0,-inf,inf
1927,-1000.0,1000.0,-inf,inf
1928,-1000.0,1000.0,-inf,inf
1929,-1000.0,1000.0,-inf,inf
1930,-1000.0,1000.0,-inf,inf
1931,-1000.0,1000.0,-inf,inf
1932,-1000.0,1000.0,-inf,inf
1933,-1000.0,1000.0,-inf,inf
1934,-1000.0,1000.0,-inf,inf
1935,-1000.0,1000.0,-inf,inf
1936,-1000.0,1000.0,-inf,inf
1937,-1000.0,1000.0,-inf,inf
1938,-1000.0,1000.0,-inf,inf
1939,-1000.0,1000.0,-inf,inf
1940,-1000.0,1000.0,-inf,inf
1941,-1000.0,1000.0,-inf,inf
1942,-1000.0,1000.0,-inf,inf
1943,-1000.0,1000.0,-inf,inf
1944,-1000.0,1000.0,-inf,inf
1945,-1000.0,1000.0,-inf,inf
1946,-1000.0,1000.0,-inf,inf
1947,-1000.0,1000.0,-inf,inf
1948,-1000.0,1000.0,-inf,inf
1949,-1000.0,1000.0,-inf,inf
1950,-1000.0,1000.0,-inf,inf
1951,0.0,1000.0,-inf,inf
1952,-1000.0,1000.0,-inf,inf
1953,-1000.0,1000.0,-inf,inf
1954,-1000.0,1000.0,-inf,inf
1955,-1000.0,1000.0,-inf,inf
1956,-1000.0,1000.0,-inf,inf
1957,-1000.0,1000.0,-inf,inf
1958,-1000.0,1000.0,-inf,inf
1959,-1000.0,1000.0,-inf,inf
1960,-1000.0,1000.0,-inf,inf
1961,-1000.0,1000.0,-inf,inf
1962,-1000.0,1000.0,-inf,inf
1963,-1000.0,1000.0,-inf,inf
1964,-1000.0,1000.0,-inf,inf
1965,-1000.0,1000.0,-inf,inf
1966,-1000.0,1000.0,-inf,inf
1967,-1000.0,1000.0,-inf,inf
1968,-1000.0,1000.0,-inf,inf
1969,-1000.0,1000.0,-inf,inf
1970,-1000.0,1000.0,-inf,inf
1971,-1000.0,1000.0,-inf,inf
1972,-1000.0,1000.0,-inf,inf
1973,-1000.0,1000.0,-inf,inf
1974,-1000.0,1000.0,-inf,inf
1975,-1000.0,1000.0,-inf,inf
1976,-1000.0,1000.0,-inf,inf
1977,-1000.0,1000.0,-inf,inf
1978,-1000.0,1000.0,-inf,inf
1979,-1000.0,1000.0,-inf,inf
1980,-1000.0,1000.0,-inf,inf
1981,-1000.0,1000.0,-inf,inf
1982,-1000.0,1000.0,-inf,inf
1983,-1000.0,1000.0,-inf,inf
1984,-1000.0,1000.0,-inf,inf
1985,-1000.0,1000.0,-inf,inf
1986,-1000.0,1000.0,-inf,inf
1987,-1000.0,1000.0,-inf,inf
1988,-1000.0,1000.0,-inf,inf
1989,-1000.0,1000.0,-inf,inf
1990,-1000.0,1000.0,-inf,inf
1991,-1000.0,1000.0,-inf,inf
1992,-1000.0,1000.0,-inf,inf
1993,-1000.0,1000.0,-inf,inf
1994,-1000.0,1000.0,-inf,inf
1995,-1000.0,1000.0,-inf,inf
1996,-1000.0,1000.0,-inf,inf
1997,-1000.0,1000.0,-inf,inf
1998,-1000.0,1000.0,-inf,inf
1999,-1000.0,1000.0,-inf,inf
2000,-1000.0,1000.0,-inf,inf
2001,-1000.0,1000.0,-inf,inf
2002,-1000.0,1000.0,-inf,inf
2003,-1000.0,1000.0,-inf,inf
2004,-1000.0,1000.0,-inf,inf
2005,-1000.0,1000.0,-inf,inf
2006,-1000.0,1000.0,-inf,inf
2007,-1000.0,1000.0,-inf,inf
2008,-1000.0,1000.0,-inf,inf
2009,-1000.0,1000.0,-inf,inf
2010,-1000.0,1000.0,-inf,inf
2011,-1000.0,1000.0,-inf,inf
2012,-1000.0,1000.0,-inf,inf
2013,-1000.0,1000.0,-inf,inf
2014,-1000.0,1000.0,-inf,inf
2015,-1000.0,1000.0,-inf,inf
2016,-1000.0,1000.0,-inf,inf
2017,-1000.0,1000.0,-inf,inf
2018,-1000.0,1000.0,-inf,inf
2019,-1000.0,1000.0,-inf,inf
2020,-1000.0,1000.0,-inf,inf
2021,-1000.0,1000.0,-inf,inf
2022,-1000.0,1000.0,-inf,inf
2023,-1000.0,1000.0,-inf,inf
2024,-1000.0,1000.0,-inf,inf
2025,-0.0,1000.0,-inf,inf
2026,-1000.0,1000.0,-inf,inf
2027,-1000.0,1000.0,-inf,inf
2028,-1000.0,1000.0,-inf,inf
2029,-1000.0,1000.0,-inf,inf
2030,-1000.0,1000.0,-inf,inf
2031,-1000.0,1000.0,-inf,inf
2032,-1000.0,1000.0,-inf,inf
2033,-1000.0,1000.0,-inf,inf
2034,-1000.0,1000.0,-inf,inf
2035,-1000.0,1000.0,-inf,inf
2036,-1000.0,1000.0,-inf,inf
2037,-1000.0,1000.0,-inf,inf
2038,-1000.0,1000.0,-inf,inf
2039,-1000.0,1000.0,-inf,inf
2040,-1000.0,1000.0,-inf,inf
2041,0.0,1000.0,-inf,inf
2042,-1000.0,1000.0,-inf,inf
2043,-1000.0,1000.0,-inf,inf
2044,-1000.0,1000.0,-inf,inf
2045,-1000.0,1000.0,-inf,inf
2046,-1000.0,1000.0,-inf,inf
2047,-1000.0,1000.0,-inf,inf
2048,-1000.0,1000.0,-inf,inf
2049,-1000.0,1000.0,-inf,inf
2050,-1000.0,1000.0,-inf,inf
2051,-1000.0,1000.0,-inf,inf
2052,-1000.0,1000.0,-inf,inf
2053,-1000.0,1000.0,-inf,inf
2054,-1000.0,1000.0,-inf,inf
2055,-1000.0,1000.0,-inf,inf
2056,-1000.0,1000.0,-inf,inf
2057,-1000.0,1000.0,-inf,inf
2058,-1000.0,1000.0,-inf,inf
2059,-1000.0,1000.0,-inf,inf
2060,-1000.0,1000.0,-inf,inf
2061,-1000.0,1000.0,-inf,inf
2062,-1000.0,1000.0,-inf,inf
2063,-1000.0,1000.0,-inf,inf
2064,-1000.0,1000.0,-inf,inf
2065,-1000.0,1000.0,-inf,inf
2066,-1000.0,1000.0,-inf,inf
2067,-1000.0,1000.0,-inf,inf
2068,-1000.0,1000.0,-inf,inf
2069,-1000.0,1000.0,-inf,inf
2070,-1000.0,1000.0,-inf,inf
2071,-1000.0,1000.0,-inf,inf
2072,-1000.0,1000.0,-inf,inf
2073,-1000.0,1000.0,-inf,inf
2074,-1000.0,1000.0,-inf,inf
2075,-1000.0,1000.0,-inf,inf
2076,-1000.0,1000.0,-inf,inf
2077,-1000.0,1000.0,-inf,inf
2078,-1000.0,1000.0,-inf,inf
2079,-1000.0,1000.0,-inf,inf
2080,-1000.0,1000.0,-inf,inf
2081,-1000.0,1000.0,-inf,inf
2082,-1000.0,1000.0,-inf,inf
2083,-1000.0,1000.0,-inf,inf
2084,-1000.0,1000.0,-inf,inf
2085,-1000.0,1000.0,-inf,inf
2086,-1000.0,1000.0,-inf,inf
2087,-1000.0,1000.0,-inf,inf
2088,-1000.0,1000.0,-inf,inf
2089,-1000.0,1000.0,-inf,inf
2090,-1000.0,1000.0,-inf,inf
2091,-1000.0,1000.0,-inf,inf
2092,-1000.0,1000.0,-inf,inf
2093,-1000.0,1000.0,-inf,inf
2094,-1000.0,1000.0,-inf,inf
2095,-1000.0,1000.0,-inf,inf
2096,-1000.0,1000.0,-inf,inf
2097,0.0,1000.0,-inf,inf
2098,-1000.0,1000.0,-inf,inf
2099,-1000.0,1000.0,-inf,inf
2100,-1000.0,1000.0,-inf,inf
2101,-1000.0,1000.0,-inf,inf
2102,-1000.0,1000.0,-inf,inf
2103,-1000.0,1000.0,-inf,inf
2104,-1000.0,1000.0,-inf,inf
2105,-1000.0,1000.0,-inf,inf
2106,-1000.0,1000.0,-inf,inf
2107,-1000.0,1000.0,-inf,inf
2108,-1000.0,1000.0,-inf,inf
2109,-1000.0,1000.0,-inf,inf
2110,-1000.0,1000.0,-inf,inf
2111,-1000.0,1000.0,-inf,inf
2112,-1000.0,1000.0,-inf,inf
2113,-1000.0,1000.0,-inf,inf
2114,-1000.0,1000.0,-inf,inf
2115,-1000.0,1000.0,-inf,inf
2116,-1000.0,1000.0,-inf,inf
2117,-1000.0,1000.0,-inf,inf
2118,-1000.0,1000.0,-inf,inf
2119,-1000.0,1000.0,-inf,inf
2120,-1000.0,1000.0,-inf,inf
2121,-1000.0,1000.0,-inf,inf
2122,-1000.0,1000.0,-inf,inf
2123,-1000.0,1000.0,-inf,inf
2124,-1000.0,1000.0,-inf,inf
2125,-1000.0,1000.0,-inf,inf
2126,-1000.0,1000.0,-inf,inf
2127,-1000.0,1000.0,-inf,inf
2128,-1000.0,1000.0,-inf,inf
2129,-1000.0,1000.0,-inf,inf
2130,-1000.0,1000.0,-inf,inf
2131,-1000.0,1000.0,-inf,inf
2132,-1000.0,1000.0,-inf,inf
2133,-1000.0,1000.0,-inf,inf
2134,-1000.0,1000.0,-inf,inf
2135,-1000.0,1000.0,-inf,inf
2136,-1000.0,1000.0,-inf,inf
2137,-1000.0,1000.0,-inf,inf
2138,-1000.0,1000.0,-inf,inf
2139,-1000.0,1000.0,-inf,inf
2140,-1000.0,1000.0,-inf,inf
2141,-1000.0,1000.0,-inf,inf
2142,-1000.0,1000.0,-inf,inf
2143,-1000.0,1000.0,-inf,inf
2144,-1000.0,1000.0,-inf,inf
2145,-1000.0,1000.0,-inf,inf
2146,-1000.0,1000.0,-inf,inf
2147,-1000.0,0.0,-inf,inf
2148,-1000.0,1000.0,-inf,inf
2149,-1000.0,1000.0,-inf,inf
2150,-1000.0,1000.0,-inf,inf
2151,-1000.0,1000.0,-inf,inf
2152,-1000.0,1000.0,-inf,inf
2153,-1000.0,1000.0,-inf,inf
2154,-1000.0,1000.0,-inf,inf
2155,-1000.0,1000.0,-inf,inf
2156,-1000.0,1000.0,-inf,inf
2157,-1000.0,1000.0,-inf,inf
2158,-1000.0,1000.0,-inf,inf
2159,-1000.0,1000.0,-inf,inf
2160,-1000.0,1000.0,-inf,inf
2161,-1000.0,1000.0,-inf,inf
2162,0.0,1000.0,-inf,inf
2163,-1000.0,1000.0,-inf,inf
2164,-1000.0,1000.0,-inf,inf
2165,-1000.0,1000.0,-inf,inf
2166,-1000.0,1000.0,-inf,inf
2167,-1000.0,1000.0,-inf,inf
2168,-1000.0,1000.0,-inf,inf
2169,-1000.0,1000.0,-inf,inf
2170,-1000.0,1000.0,-inf,inf
2171,-1000.0,1000.0,-inf,inf
2172,-1000.0,1000.0,-inf,inf
2173,-1000.0,1000.0,-inf,inf
2174,-1000.0,1000.0,-inf,inf
2175,-1000.0,1000.0,-inf,inf
2176,-1000.0,1000.0,-inf,inf
2177,-1000.0,1000.0,-inf,inf
2178,-1000.0,1000.0,-inf,inf
2179,-1000.0,1000.0,-inf,inf
2180,-1000.0,1000.0,-inf,inf
2181,-1000.0,1000.0,-inf,inf
2182,-1000.0,1000.0,-inf,inf
2183,-0.0,1000.0,-inf,inf
2184,-1000.0,1000.0,-inf,inf
2185,-1000.0,1000.0,-inf,inf
2186,-1000.0,1000.0,-inf,inf
2187,-1000.0,1000.0,-inf,inf
2188,-1000.0,1000.0,-226.025793,210.71149
2189,-1000.0,1000.0,-226.244371,210.930129
2190,-1000.0,1000.0,-226.765323,211.451265
2191,-1000.0,1000.0,-227.036235,211.72175
2192,-1000.0,1000.0,-219.061698,217.885798
2193,-1000.0,1000.0,-219.29557,218.119976
2194,-1000.0,1000.0,-inf,inf
2195,-1000.0,1000.0,-inf,inf
2196,-1000.0,1000.0,-inf,inf
2197,-1000.0,1000.0,-inf,inf
2198,-1000.0,1000.0,-inf,inf
2199,-1000.0,1000.0,-inf,inf
2200,-1000.0,1000.0,-100.162152,174.895163
2201,-1000.0,1000.0,-inf,inf
2202,0.0,0.0,-inf,inf
2203,0.0,0.0,-inf,inf
2204,0.0,0.0,-inf,inf
2205,0.0,0.0,-inf,inf
2206,0.0,0.0,-inf,inf
2207,0.0,0.0,-inf,inf
2208,0.0,0.0,-96.939105,178.118185
2209,0.0,0.0,-inf,inf
2210,-1000.0,1000.0,-inf,inf
2211,-1000.0,1000.0,-inf,inf
2212,-1000.0,1000.0,-inf,inf
2213,-1000.0,1000.0,-inf,inf
2214,-1000.0,1000.0,-inf,inf
2215,-1000.0,1000.0,-inf,inf
2216,0.0,1000.0,-97.40718,177.650115
2217,-1000.0,1000.0,-inf,inf
2218,-1000.0,1000.0,-inf,inf
2219,-1000.0,1000.0,-inf,inf
2220,-1000.0,1000.0,-inf,inf
2221,-1000.0,1000.0,-inf,inf
2222,-1000.0,1000.0,-inf,inf
2223,-1000.0,1000.0,-inf,inf
2224,-1000.0,1000.0,-101.174996,173.88224
2225,-1000.0,1000.0,-inf,inf
2226,-1000.0,1000.0,-inf,inf
2227,-1000.0,1000.0,-inf,inf
2228,-1000.0,1000.0,-inf,inf
2229,-1000.0,1000.0,-inf,inf
2230,-1000.0,0.0,-inf,inf
2231,-1000.0,1000.0,-inf,inf
2232,0.0,1000.0,-96.932418,178.124826
2233,0.0,1000.0,-100.304739,188.819535
2234,-1000.0,1000.0,-inf,inf
2235,-1000.0,0.0,-inf,inf
2236,-1000.0,1000.0,-inf,inf
2237,-1000.0,1000.0,-inf,inf
2238,-1000.0,1000.0,-inf,inf
2239,-1000.0,1000.0,-inf,inf
2240,-1000.0,1000.0,-103.599625,176.233266
2241,-1000.0,1000.0,-inf,inf
2242,-1000.0,1000.0,-inf,inf
2243,-1000.0,1000.0,-inf,inf
2244,-1000.0,1000.0,-inf,inf
2245,-1000.0,1000.0,-inf,inf
2246,-1000.0,1000.0,-inf,inf
2247,-1000.0,1000.0,-inf,inf
2248,-1000.0,1000.0,-102.549961,177.283033
2249,-1000.0,1000.0,-inf,inf
2250,-1000.0,1000.0,-inf,inf
2251,-1000.0,1000.0,-inf,inf
2252,-1000.0,1000.0,-inf,inf
2253,-1000.0,1000.0,-inf,inf
2254,-1000.0,1000.0,-inf,inf
2255,-1000.0,1000.0,-inf,inf
2256,-1000.0,1000.0,-inf,inf
2257,-1000.0,1000.0,-inf,inf
2258,0.0,1000.0,-inf,inf
2259,-1000.0,1000.0,-231.8762,221.533187
2260,-1000.0,1000.0,-inf,inf
2261,0.0,1000.0,-903.555752,-488.769068
2262,-1000.0,1000.0,-inf,inf
2263,-1000.0,1000.0,-inf,inf
2264,-1000.0,1000.0,-inf,inf
2265,-1000.0,1000.0,-inf,inf
2266,-1000.0,1000.0,-inf,inf
2267,-1000.0,1000.0,-235.015382,224.673345
2268,-1000.0,1000.0,-inf,inf
2269,0.0,1000.0,-907.224378,-485.099465
2270,-1000.0,1000.0,-inf,inf
2271,-0.0,1000.0,-inf,inf
2272,-1000.0,1000.0,-inf,inf
2273,-1000.0,1000.0,-inf,inf
2274,-1000.0,1000.0,-inf,inf
2275,-1000.0,1000.0,-232.192322,221.848332
2276,-1000.0,1000.0,-inf,inf
2277,0.0,1000.0,-903.555152,-488.399236
2278,-1000.0,1000.0,-inf,inf
2279,-1000.0,1000.0,-inf,inf
2280,-1000.0,1000.0,-inf,inf
2281,-1000.0,1000.0,-inf,inf
2282,-1000.0,1000.0,-inf,inf
2283,-1000.0,1000.0,-inf,inf
2284,-1000.0,1000.0,-inf,inf
2285,-1000.0,1000.0,-inf,inf
2286,-1000.0,1000.0,-inf,inf
2287,-1000.0,1000.0,-inf,inf
2288,-1000.0,1000.0,-inf,inf
2289,-1000.0,1000.0,-inf,inf
2290,-1000.0,1000.0,-inf,inf
2291,-1000.0,1000.0,-inf,inf
2292,-1000.0,1000.0,-inf,inf
2293,-1000.0,1000.0,-inf,inf
2294,-1000.0,1000.0,-inf,inf
2295,-1000.0,1000.0,-inf,inf
2296,-1000.0,1000.0,-inf,inf
2297,-1000.0,1000.0,-inf,inf
2298,0.0,1000.0,-inf,inf
2299,-1000.0,1000.0,-inf,inf
2300,-1000.0,1000.0,-inf,inf
2301,-1000.0,1000.0,-inf,inf
2302,-1000.0,1000.0,-inf,inf
2303,-1000.0,1000.0,-inf,inf
2304,-1000.0,1000.0,-inf,inf
2305,-1000.0,1000.0,-inf,inf
2306,-1000.0,1000.0,-inf,inf
2307,-1000.0,1000.0,-inf,inf
2308,-1000.0,1000.0,-inf,inf
2309,-1000.0,1000.0,-inf,inf
2310,-1000.0,1000.0,-inf,inf
2311,-1000.0,1000.0,-inf,inf
2312,-1000.0,1000.0,-inf,inf
2313,-1000.0,1000.0,-inf,inf
2314,-1000.0,1000.0,-inf,inf
2315,-1000.0,1000.0,-inf,inf
2316,-1000.0,1000.0,-inf,inf
2317,0.0,1000.0,-inf,inf
2318,-1000.0,1000.0,-inf,inf
2319,-1000.0,1000.0,-inf,inf
2320,-1000.0,1000.0,-inf,inf
2321,-1000.0,1000.0,-inf,inf
2322,-1000.0,1000.0,-inf,inf
2323,-1000.0,1000.0,-221.565006,212.114083
2324,-1000.0,1000.0,-190.214111,212.862826
2325,-1000.0,1000.0,-221.263071,212.628921
2326,-1000.0,1000.0,-inf,inf
2327,-1000.0,1000.0,-inf,inf
2328,-1000.0,1000.0,-inf,inf
2329,-1000.0,1000.0,-inf,inf
2330,-1000.0,1000.0,-inf,inf
2331,-1000.0,1000.0,-224.954325,215.504378
2332,-1000.0,1000.0,-225.683194,216.23276
2333,-1000.0,1000.0,-224.649481,216.016308
2334,-1000.0,1000.0,-inf,inf
2335,-1000.0,1000.0,-225.290847,215.839924
2336,-1000.0,1000.0,-226.070079,216.619156
2337,-1000.0,1000.0,-225.00131,216.366671
2338,-1000.0,1000.0,-inf,inf
2339,-1000.0,0.0,-221.906884,212.454985
2340,-1000.0,1000.0,-222.654014,213.201626
2341,-1000.0,1000.0,-221.60465,212.969523
2342,-1000.0,1000.0,-inf,inf
2343,-1000.0,1000.0,-inf,inf
2344,-1000.0,1000.0,-inf,inf
2345,-1000.0,1000.0,-inf,inf
2346,-1000.0,1000.0,-inf,inf
2347,-1000.0,1000.0,-inf,inf
2348,-1000.0,1000.0,-inf,inf
2349,-1000.0,1000.0,-inf,inf
2350,-1000.0,1000.0,-inf,inf
2351,-1000.0,1000.0,-225.562957,216.111058
2352,-1000.0,1000.0,-226.3405,216.8886
2353,-1000.0,1000.0,-225.273161,216.637546
2354,-1000.0,1000.0,-inf,inf
2355,-1000.0,1000.0,-inf,inf
2356,-1000.0,1000.0,-inf,inf
2357,-1000.0,1000.0,-inf,inf
2358,-1000.0,0.0,-inf,inf
2359,-1000.0,1000.0,-inf,inf
2360,-1000.0,1000.0,-inf,inf
2361,-1000.0,1000.0,-inf,inf
2362,-1000.0,1000.0,-inf,inf
2363,-1000.0,1000.0,-inf,inf
2364,-1000.0,1000.0,-inf,inf
2365,-1000.0,1000.0,-inf,inf
2366,-1000.0,1000.0,-inf,inf
2367,-1000.0,0.0,-225.562972,216.111073
2368,-1000.0,1000.0,-226.340515,216.888615
2369,-1000.0,1000.0,-225.273176,216.637561
2370,-1000.0,1000.0,-inf,inf
2371,-1000.0,1000.0,-inf,inf
2372,-1000.0,1000.0,-inf,inf
2373,-1000.0,1000.0,-inf,inf
2374,-1000.0,1000.0,-inf,inf
2375,-1000.0,1000.0,-inf,inf
2376,-1000.0,1000.0,-inf,inf
2377,-1000.0,1000.0,-inf,inf
2378,-1000.0,1000.0,-inf,inf
2379,-1000.0,1000.0,-inf,inf
2380,-1000.0,1000.0,-inf,inf
2381,-1000.0,1000.0,-inf,inf
2382,-1000.0,1000.0,-inf,inf
2383,-1000.0,1000.0,-225.864125,216.413202
2384,-1000.0,1000.0,-226.639801,189.798531
2385,-0.0,1000.0,-225.574043,216.939404
2386,-1000.0,1000.0,-inf,inf
2387,-1000.0,1000.0,-293.712335,95.097947
2388,-1000.0,1000.0,-294.496794,95.881918
2389,-0.0,1000.0,-293.415436,95.617821
2390,-1000.0,1000.0,-inf,inf
2391,-1000.0,1000.0,-293.954791,95.340282
2392,-1000.0,1000.0,-294.79395,96.179441
2393,-1000.0,1000.0,-293.674429,95.876204
2394,-1000.0,1000.0,-287.8534,96.065795
2395,-1000.0,1000.0,-287.388402,96.419151
2396,-1000.0,1000.0,-288.021769,97.051242
2397,-1000.0,1000.0,-287.762784,95.976639
2398,-1000.0,1000.0,-inf,inf
2399,-1000.0,1000.0,-292.58018,96.230124
2400,-1000.0,1000.0,-293.103461,97.014205
2401,-1000.0,1000.0,-292.283264,96.749981
2402,-1000.0,1000.0,-inf,inf
2403,-1000.0,1000.0,-292.822607,96.472429
2404,-1000.0,1000.0,-293.661632,97.311698
2405,-1000.0,1000.0,-292.542269,97.008375
2406,-1000.0,1000.0,-286.720534,97.198665
2407,-1000.0,1000.0,-286.256234,97.55132
2408,-1000.0,1000.0,-286.889015,98.183979
2409,-1000.0,1000.0,-286.63063,97.108821
2410,-1000.0,1000.0,-inf,inf
2411,-1000.0,1000.0,-303.320839,106.078693
2412,-1000.0,1000.0,-inf,inf
2413,0.0,1000.0,-954.685765,-585.744613
2414,-1000.0,1000.0,-inf,inf
2415,-1000.0,1000.0,-inf,inf
2416,-1000.0,1000.0,-inf,inf
2417,-1000.0,0.0,-inf,inf
2418,-1000.0,0.0,284.370734,695.142156
2419,0.0,1000.0,-296.427899,106.98153
2420,-1000.0,0.0,425.975497,730.454172
2421,-1000.0,0.0,423.136541,731.050879
2422,-1000.0,1000.0,-308.930946,103.079501
2423,-1000.0,1000.0,-211.432789,15.082519
2424,-1000.0,1000.0,-253.444372,52.343706
2425,-1000.0,1000.0,-233.521302,83.423529
2426,-1000.0,1000.0,-309.111251,103.258952
2427,-1000.0,1000.0,-211.962824,15.612433
2428,-1000.0,1000.0,-278.626662,82.276362
2429,-1000.0,1000.0,-280.077017,83.72626
2430,-1000.0,1000.0,-313.036032,127.448107
2431,-1000.0,1000.0,-245.631357,50.541891
2432,-1000.0,1000.0,-270.45201,80.113307
2433,-1000.0,1000.0,-270.735547,80.396569
2434,-1000.0,1000.0,-207.408589,11.058472
2435,-1000.0,1000.0,-inf,inf
2436,0.0,1000.0,-208.359721,12.009314
2437,-1000.0,1000.0,-214.309528,17.959197
2438,-1000.0,163.587769,-208.152976,11.802249
2439,-1000.0,1000.0,-209.401714,23.196494
2440,-1000.0,1000.0,-209.141763,12.791479
2441,-1000.0,1000.0,-214.843159,18.492707
2442,0.0,352.64187,-240.075189,-30.132695
2443,0.0,352.64187,-249.437027,-30.915998
2444,0.0,352.64187,-241.161632,-29.046207
2445,0.0,94.098875,-244.576758,-25.631401
2446,-1000.0,1000.0,-inf,inf
2447,-1000.0,1000.0,-inf,inf
2448,-1000.0,1000.0,-inf,inf
2449,-1000.0,1000.0,-inf,inf
2450,-1000.0,1000.0,-inf,inf
2451,-1000.0,1000.0,-inf,inf
2452,0.0,1000.0,-451.193439,-157.323144
2453,-1000.0,1000.0,-inf,inf
2454,-1000.0,1000.0,-inf,inf
2455,-1000.0,1000.0,-inf,inf
2456,-1000.0,1000.0,-inf,inf
2457,-1000.0,1000.0,-inf,inf
2458,-1000.0,1000.0,-inf,inf
2459,-1000.0,1000.0,-inf,inf
2460,0.0,1000.0,-451.193504,-157.323201
2461,-1000.0,1000.0,-inf,inf
2462,-1000.0,1000.0,-inf,inf
2463,-1000.0,1000.0,-inf,inf
2464,0.0,1000.0,-291.64746,-60.057939
2465,0.0,1000.0,-300.323002,-51.382885
2466,-1000.0,0.0,663.240324,1212.465203
2467,0.0,1000.0,-300.322879,-51.382764
2468,-1000.0,1000.0,-inf,inf
2469,0.0,1000.0,-216.6736,175.048112
2470,-1000.0,1000.0,-215.323947,173.697605
2471,-1000.0,1000.0,-216.97043,175.345186
2472,-1000.0,1000.0,-inf,inf
2473,-1000.0,1000.0,-216.970459,175.345215
2474,-1000.0,1000.0,-215.737619,174.112375
2475,-1000.0,1000.0,-217.299776,175.673556
2476,-1000.0,1000.0,-inf,inf
2477,-1000.0,1000.0,-inf,inf
2478,-1000.0,1000.0,-inf,inf
2479,-1000.0,0.0,-inf,inf
2480,-1000.0,1000.0,-inf,inf
2481,-1000.0,1000.0,-inf,inf
2482,0.0,1000.0,-262.407429,-21.858621
2483,0.0,1000.0,-273.146975,-18.441463
2484,-1000.0,1000.0,-inf,inf
2485,-1000.0,1000.0,-inf,inf
2486,-1000.0,1000.0,-inf,inf
2487,-1000.0,1000.0,-inf,inf
2488,-1000.0,1000.0,-inf,inf
2489,-1000.0,1000.0,-inf,inf
2490,0.0,1000.0,-262.059614,-21.510813
2491,0.0,1000.0,-272.799157,-18.093657
2492,-1000.0,1000.0,-inf,inf
2493,-1000.0,1000.0,-inf,inf
2494,-1000.0,1000.0,-inf,inf
2495,-1000.0,1000.0,-inf,inf
2496,-1000.0,1000.0,-inf,inf
2497,-1000.0,1000.0,-inf,inf
2498,0.0,1000.0,-262.059599,-21.510828
2499,0.0,1000.0,-272.799237,-18.0937
2500,-1000.0,1000.0,-inf,inf
2501,-1000.0,1000.0,-inf,inf
2502,-1000.0,1000.0,-inf,inf
2503,-1000.0,1000.0,-inf,inf
2504,-1000.0,1000.0,-inf,inf
2505,-1000.0,1000.0,-inf,inf
2506,0.0,1000.0,-263.86154,-23.312746
2507,0.0,1000.0,-274.601073,-19.895601
2508,-1000.0,1000.0,-inf,inf
2509,-1000.0,1000.0,-inf,inf
2510,-1000.0,1000.0,-inf,inf
2511,-1000.0,1000.0,-inf,inf
2512,-1000.0,1000.0,-inf,inf
2513,-1000.0,1000.0,-inf,inf
2514,0.0,1000.0,-262.407442,-21.858609
2515,-1000.0,1000.0,-inf,inf
2516,-1000.0,1000.0,-inf,inf
2517,-1000.0,1000.0,-inf,inf
2518,-1000.0,1000.0,-inf,inf
2519,-1000.0,1000.0,-inf,inf
2520,-1000.0,1000.0,-inf,inf
2521,-1000.0,1000.0,-inf,inf
2522,0.0,1000.0,-262.060439,-21.511659
2523,-1000.0,1000.0,-inf,inf
2524,-1000.0,1000.0,-inf,inf
2525,-1000.0,1000.0,-inf,inf
2526,-1000.0,1000.0,-inf,inf
2527,-1000.0,1000.0,-inf,inf
2528,-1000.0,1000.0,-inf,inf
2529,-1000.0,1000.0,-inf,inf
2530,0.0,1000.0,-262.060437,-21.511661
2531,-1000.0,1000.0,-inf,inf
2532,-1000.0,1000.0,-inf,inf
2533,-1000.0,1000.0,-inf,inf
2534,-1000.0,1000.0,-inf,inf
2535,-1000.0,1000.0,-inf,inf
2536,-1000.0,1000.0,-inf,inf
2537,-1000.0,1000.0,-inf,inf
2538,0.0,1000.0,-263.856464,-23.307649
2539,-1000.0,1000.0,-inf,inf
2540,-1000.0,1000.0,-inf,inf
2541,-1000.0,1000.0,-inf,inf
2542,-1000.0,1000.0,-inf,inf
2543,-1000.0,0.0,-inf,inf
2544,-1000.0,1000.0,-inf,inf
2545,-1000.0,1000.0,-inf,inf
2546,0.0,1000.0,-inf,inf
2547,0.0,1000.0,-inf,inf
2548,-1000.0,1000.0,-inf,inf
2549,-1000.0,1000.0,-inf,inf
2550,-1000.0,1000.0,-inf,inf
2551,-1000.0,1000.0,-inf,inf
2552,-1000.0,1000.0,-inf,inf
2553,-1000.0,1000.0,-inf,inf
2554,0.0,1000.0,-inf,inf
2555,0.0,1000.0,-inf,inf
2556,-1000.0,1000.0,-inf,inf
2557,-1000.0,1000.0,-inf,inf
2558,-1000.0,1000.0,-inf,inf
2559,-1000.0,1000.0,-inf,inf
2560,-1000.0,1000.0,-inf,inf
2561,-1000.0,1000.0,-inf,inf
2562,0.0,1000.0,-264.812421,-19.45369
2563,-1000.0,1000.0,-inf,inf
2564,-1000.0,1000.0,-inf,inf
2565,-1000.0,1000.0,-inf,inf
2566,-1000.0,1000.0,-inf,inf
2567,-1000.0,1000.0,-inf,inf
2568,-1000.0,1000.0,-inf,inf
2569,-1000.0,-1000.0,-inf,inf
2570,0.0,1000.0,-264.428526,-19.069847
2571,-1000.0,1000.0,-inf,inf
2572,-1000.0,1000.0,-inf,inf
2573,-1000.0,1000.0,-inf,inf
2574,-1000.0,1000.0,-inf,inf
2575,-1000.0,1000.0,-inf,inf
2576,-1000.0,1000.0,-inf,inf
2577,-1000.0,1000.0,-inf,inf
2578,0.0,1000.0,-264.428572,-19.069922
2579,-1000.0,1000.0,-inf,inf
2580,-1000.0,1000.0,-inf,inf
2581,-1000.0,1000.0,-inf,inf
2582,-1000.0,1000.0,-inf,inf
2583,-1000.0,1000.0,-inf,inf
2584,-1000.0,1000.0,-inf,inf
2585,-1000.0,0.0,-inf,inf
2586,-1000.0,1000.0,-inf,inf
2587,-1000.0,1000.0,-inf,inf
2588,-1000.0,1000.0,-inf,inf
2589,-1000.0,1000.0,-inf,inf
2590,-1000.0,1000.0,-inf,inf
2591,-1000.0,1000.0,-inf,inf
2592,0.0,1000.0,-253.568963,-24.40793
2593,-1000.0,1000.0,-inf,inf
2594,-1000.0,1000.0,-inf,inf
2595,-1000.0,1000.0,-inf,inf
2596,-1000.0,1000.0,-inf,inf
2597,-1000.0,1000.0,-inf,inf
2598,-1000.0,1000.0,-inf,inf
2599,-1000.0,1000.0,-inf,inf
2600,0.0,1000.0,-254.056985,-24.895982
2601,-1000.0,1000.0,-inf,inf
2602,-1000.0,1000.0,-inf,inf
2603,-1000.0,1000.0,-inf,inf
2604,0.0,0.0,-inf,inf
2605,0.0,0.0,-inf,inf
2606,0.0,0.0,-inf,inf
2607,0.0,0.0,-inf,inf
2608,0.0,0.0,-inf,inf
2609,0.0,0.0,-inf,inf
2610,0.0,0.0,-inf,inf
2611,0.0,0.0,-inf,inf
2612,0.0,0.0,-inf,inf
2613,0.0,0.0,-inf,inf
2614,0.0,0.0,-inf,inf
2615,0.0,0.0,-inf,inf
2616,-1000.0,1000.0,-310.505125,109.092325
2617,-1000.0,999.88687,-310.916777,109.503367
2618,-1000.0,1000.0,-313.358642,109.529827
2619,-1000.0,1000.0,-313.777592,109.948166
2620,-1000.0,1000.0,-311.47927,107.650943
2621,-1000.0,1000.0,-311.88484,108.055902
2622,-1000.0,1000.0,-340.983813,139.321013
2623,-1000.0,1000.0,-341.300802,139.637391
2624,-1000.0,1000.0,-306.387849,102.559034
2625,-1000.0,1000.0,-306.769586,102.941136
2626,-1000.0,1000.0,-306.387871,102.559056
2627,-1000.0,1000.0,-306.769816,102.940878
2628,-1000.0,1000.0,-207.718839,20.820077
2629,-1000.0,1000.0,-212.375866,25.476738
2630,-1000.0,1000.0,-208.81762,21.918614
2631,-1000.0,1000.0,-inf,inf
2632,-1000.0,1000.0,-inf,inf
2633,-1000.0,1000.0,-221.729546,34.829441
2634,-1000.0,1000.0,-inf,inf
2635,-1000.0,1000.0,-222.237489,35.338239
2636,-1000.0,1000.0,-inf,inf
2637,0.0,1000.0,-213.402099,26.503948
2638,-1000.0,1000.0,-210.119103,23.220097
2639,-1000.0,1000.0,-inf,inf
2640,-1000.0,1000.0,-inf,inf
2641,-1000.0,1000.0,-inf,inf
2642,-1000.0,1000.0,-inf,inf
2643,-1000.0,1000.0,-222.915204,36.01693
2644,-0.0,1000.0,-209.007251,22.108001
2645,-1000.0,1000.0,-inf,inf
2646,-1000.0,1000.0,-210.119083,23.220077
2647,-1000.0,1000.0,-inf,inf
2648,-1000.0,1000.0,-inf,inf
2649,-1000.0,1000.0,-inf,inf
2650,-1000.0,1000.0,-inf,inf
2651,-1000.0,1000.0,-222.915244,36.01697
2652,-1000.0,1000.0,-210.353024,23.453774
2653,-1000.0,1000.0,-inf,inf
2654,-1000.0,1000.0,-inf,inf
2655,-1000.0,1000.0,-inf,inf
2656,-1000.0,1000.0,-216.956232,30.056494
2657,-1000.0,1000.0,-inf,inf
2658,-1000.0,1000.0,-inf,inf
2659,-1000.0,1000.0,-223.659988,36.760738
2660,-1000.0,1000.0,-inf,inf
2661,-1000.0,1000.0,-inf,inf
2662,-1000.0,1000.0,-inf,inf
2663,-1000.0,1000.0,-inf,inf
2664,-1000.0,1000.0,-inf,inf
2665,-1000.0,1000.0,-inf,inf
2666,-1000.0,1000.0,-inf,inf
2667,-1000.0,1000.0,-inf,inf
2668,0.0,0.0,-inf,inf
2669,0.0,0.0,-inf,inf
2670,0.0,0.0,-inf,inf
2671,0.0,0.0,-inf,inf
2672,-1000.0,1000.0,-inf,inf
2673,-1000.0,1000.0,-inf,inf
2674,-1000.0,1000.0,-inf,inf
2675,-1000.0,1000.0,-inf,inf
2676,-1000.0,1000.0,-inf,inf
2677,-1000.0,1000.0,-inf,inf
2678,-1000.0,1000.0,-inf,inf
2679,-1000.0,1000.0,-inf,inf
2680,-1000.0,1000.0,-inf,inf
2681,-1000.0,1000.0,-292.580161,96.230105
2682,-1000.0,1000.0,-293.364373,97.014318
2683,-1000.0,1000.0,-292.283259,96.749976
2684,-1000.0,1000.0,-inf,inf
2685,-1000.0,1000.0,-292.822733,96.472311
2686,-1000.0,1000.0,-293.661778,97.3116
2687,-1000.0,1000.0,-292.542254,97.008361
2688,-1000.0,1000.0,-inf,inf
2689,-1000.0,1000.0,-303.320827,106.078681
2690,-1000.0,1000.0,-inf,inf
2691,0.0,1000.0,-954.685779,-585.744599
2692,-1000.0,1000.0,-inf,inf
2693,-1000.0,1000.0,-inf,inf
2694,-1000.0,1000.0,-inf,inf
2695,-1000.0,1000.0,-inf,inf
2696,-1000.0,1000.0,-inf,inf
2697,-1000.0,1000.0,-inf,inf
2698,-1000.0,1000.0,-inf,inf
2699,-1000.0,0.0,-inf,inf
2700,0.0,1000.0,-95.87029,167.902079
2701,-1000.0,1000.0,-inf,inf
2702,-1000.0,1000.0,-inf,inf
2703,-1000.0,0.0,-inf,inf
2704,-1000.0,1000.0,-inf,inf
2705,-1000.0,1000.0,-inf,inf
2706,-1000.0,1000.0,-inf,inf
2707,-1000.0,1000.0,-inf,inf
2708,0.0,1000.0,-96.208653,167.563748
2709,-1000.0,1000.0,-inf,inf
2710,-1000.0,1000.0,-inf,inf
2711,-1000.0,1000.0,-inf,inf
2712,-1000.0,1000.0,-inf,inf
2713,-1000.0,1000.0,-inf,inf
2714,-1000.0,1000.0,-inf,inf
2715,-1000.0,1000.0,-inf,inf
2716,-1000.0,1000.0,-inf,inf
2717,-1000.0,1000.0,-inf,inf
2718,-1000.0,1000.0,-inf,inf
2719,-1000.0,1000.0,-inf,inf
2720,-1000.0,1000.0,-inf,inf
2721,-1000.0,1000.0,-inf,inf
2722,-1000.0,1000.0,-inf,inf
2723,-1000.0,1000.0,-inf,inf
2724,-1000.0,1000.0,-inf,inf
2725,-1000.0,1000.0,-inf,inf
2726,-1000.0,1000.0,-inf,inf
2727,-1000.0,1000.0,-inf,inf
2728,-1000.0,1000.0,-inf,inf
2729,-1000.0,1000.0,-inf,inf
2730,-1000.0,1000.0,-inf,inf
2731,-1000.0,1000.0,-inf,inf
2732,-1000.0,1000.0,-inf,inf
2733,-1000.0,1000.0,-inf,inf
2734,-1000.0,1000.0,-inf,inf
2735,-1000.0,0.0,-inf,inf
2736,-1000.0,1000.0,-inf,inf
2737,-1000.0,1000.0,-inf,inf
2738,-1000.0,1000.0,-inf,inf
2739,-1000.0,1000.0,-inf,inf
2740,-1000.0,1000.0,-inf,inf
2741,-1000.0,1000.0,-inf,inf
2742,-1000.0,1000.0,-inf,inf
2743,-1000.0,1000.0,-inf,inf
2744,-1000.0,1000.0,-inf,inf
2745,-1000.0,1000.0,-inf,inf
2746,-1000.0,1000.0,-inf,inf
2747,-1000.0,1000.0,-inf,inf
2748,-1000.0,1000.0,-inf,inf
2749,-1000.0,1000.0,-inf,inf
2750,-1000.0,1000.0,-inf,inf
2751,-1000.0,1000.0,-inf,inf
2752,-1000.0,1000.0,-inf,inf
2753,-1000.0,1000.0,-inf,inf
2754,0.0,1000.0,-inf,inf
2755,-1000.0,1000.0,-inf,inf
2756,-1000.0,1000.0,-inf,inf
2757,-1000.0,1000.0,-inf,inf
2758,0.0,1000.0,-inf,inf
2759,-1000.0,1000.0,-inf,inf
2760,-1000.0,1000.0,-inf,inf
2761,-1000.0,1000.0,-inf,inf
2762,-1000.0,1000.0,-inf,inf
2763,-1000.0,1000.0,-inf,inf
2764,-1000.0,1000.0,-inf,inf
2765,-1000.0,1000.0,-inf,inf
2766,-1000.0,1000.0,-inf,inf
2767,-1000.0,1000.0,-inf,inf
2768,-1000.0,1000.0,-inf,inf
2769,-1000.0,1000.0,-inf,inf
2770,-1000.0,1000.0,-inf,inf
2771,-1000.0,1000.0,-inf,inf
2772,-1000.0,1000.0,-inf,inf
2773,-1000.0,1000.0,-inf,inf
2774,-1000.0,1000.0,-inf,inf
2775,-1000.0,1000.0,-inf,inf
2776,-1000.0,1000.0,-inf,inf
2777,-1000.0,1000.0,-inf,inf
2778,-1000.0,1000.0,-inf,inf
2779,-1000.0,1000.0,-inf,inf
2780,-1000.0,1000.0,-inf,inf
2781,-1000.0,1000.0,-inf,inf
2782,-1000.0,1000.0,-inf,inf
2783,-1000.0,1000.0,-inf,inf
2784,-1000.0,1000.0,-inf,inf
2785,-1000.0,1000.0,-inf,inf
2786,-1000.0,1000.0,-inf,inf
2787,-1000.0,1000.0,-inf,inf
2788,-1000.0,1000.0,-inf,inf
2789,-1000.0,1000.0,-inf,inf
2790,-1000.0,1000.0,-inf,inf
2791,-1000.0,1000.0,-inf,inf
2792,-1000.0,1000.0,-inf,inf
2793,-1000.0,1000.0,-inf,inf
2794,-1000.0,1000.0,-inf,inf
2795,-1000.0,1000.0,-inf,inf
2796,-1000.0,1000.0,-inf,inf
2797,-1000.0,1000.0,-inf,inf
2798,0.0,1000.0,-inf,inf
2799,-1000.0,1000.0,-inf,inf
2800,-1000.0,1000.0,-inf,inf
2801,-1000.0,1000.0,-inf,inf
2802,-1000.0,1000.0,-inf,inf
2803,-1000.0,1000.0,-inf,inf
2804,-1000.0,1000.0,-inf,inf
2805,-1000.0,1000.0,-inf,inf
2806,-1000.0,1000.0,-inf,inf
2807,-1000.0,1000.0,-inf,inf
2808,-1000.0,1000.0,-inf,inf
2809,-1000.0,1000.0,-inf,inf
2810,-1000.0,1000.0,-inf,inf
2811,-1000.0,1000.0,-inf,inf
2812,-1000.0,1000.0,-inf,inf
2813,-1000.0,1000.0,-inf,inf
2814,-1000.0,1000.0,-inf,inf
2815,-1000.0,1000.0,-inf,inf
2816,-1000.0,1000.0,-inf,inf
2817,-1000.0,1000.0,-inf,inf
2818,-1000.0,1000.0,-inf,inf
2819,-1000.0,1000.0,-inf,inf
2820,-1000.0,1000.0,-inf,inf
2821,-1000.0,1000.0,-inf,inf
2822,-1000.0,1000.0,-inf,inf
2823,-1000.0,1000.0,-inf,inf
2824,-1000.0,1000.0,-inf,inf
2825,-1000.0,1000.0,-inf,inf
2826,-1000.0,1000.0,-inf,inf
2827,-1000.0,1000.0,-inf,inf
2828,-1000.0,1000.0,-inf,inf
2829,-1000.0,1000.0,-inf,inf
2830,-1000.0,0.0,-inf,inf
2831,-1000.0,1000.0,-inf,inf
2832,-1000.0,0.0,-inf,inf
2833,-1000.0,1000.0,-inf,inf
2834,-1000.0,1000.0,-inf,inf
2835,-1000.0,1000.0,-inf,inf
2836,-1000.0,1000.0,-inf,inf
2837,-1000.0,1000.0,-inf,inf
2838,-1000.0,1000.0,-inf,inf
2839,-1000.0,1000.0,-inf,inf
2840,-1000.0,1000.0,-inf,inf
2841,-1000.0,1000.0,-inf,inf
2842,-1000.0,1000.0,-inf,inf
2843,-1000.0,1000.0,-inf,inf
2844,-1000.0,1000.0,-inf,inf
2845,-1000.0,1000.0,-inf,inf
2846,-1000.0,1000.0,-inf,inf
2847,-1000.0,1000.0,-inf,inf
2848,-1000.0,1000.0,-inf,inf
2849,-1000.0,1000.0,-inf,inf
2850,-1000.0,1000.0,-inf,inf
2851,-1000.0,1000.0,-inf,inf
2852,-1000.0,1000.0,-inf,inf
2853,-1000.0,1000.0,-inf,inf
2854,-1000.0,1000.0,-inf,inf
2855,-1000.0,1000.0,-inf,inf
2856,-1000.0,1000.0,-inf,inf
2857,-1000.0,1000.0,-inf,inf
2858,-1000.0,1000.0,-inf,inf
2859,-1000.0,1000.0,-inf,inf
2860,-1000.0,1000.0,-inf,inf
2861,-1000.0,1000.0,-inf,inf
2862,-1000.0,1000.0,-inf,inf
2863,-1000.0,1000.0,-inf,inf
2864,-1000.0,1000.0,-inf,inf
2865,-1000.0,1000.0,-inf,inf
2866,-1000.0,1000.0,-inf,inf
2867,-1000.0,1000.0,-inf,inf
2868,-1000.0,1000.0,-inf,inf
2869,-1000.0,1000.0,-inf,inf
2870,-1000.0,1000.0,-inf,inf
2871,-1000.0,1000.0,-inf,inf
2872,-1000.0,1000.0,-inf,inf
2873,-1000.0,1000.0,-inf,inf
2874,-1000.0,1000.0,-inf,inf
2875,-1000.0,1000.0,-inf,inf
2876,-1000.0,1000.0,-inf,inf
2877,-1000.0,1000.0,-inf,inf
2878,-1000.0,1000.0,-inf,inf
2879,-1000.0,1000.0,-inf,inf
2880,-1000.0,1000.0,-inf,inf
2881,-1000.0,1000.0,-inf,inf
2882,-1000.0,1000.0,-inf,inf
2883,-1000.0,1000.0,-inf,inf
2884,-1000.0,1000.0,-inf,inf
2885,-1000.0,1000.0,-inf,inf
2886,-1000.0,1000.0,-inf,inf
2887,-1000.0,1000.0,-inf,inf
2888,-1000.0,1000.0,-inf,inf
2889,-1000.0,1000.0,-inf,inf
2890,-1000.0,1000.0,-inf,inf
2891,-1000.0,1000.0,-inf,inf
2892,-1000.0,1000.0,-inf,inf
2893,-1000.0,1000.0,-inf,inf
2894,-1000.0,1000.0,-inf,inf
2895,0.33873,1000.0,-inf,inf
2896,0.33873,0.33873,-inf,inf
2897,-102.537374,-0.33873,-inf,inf
2898,-1000.0,1000.0,-inf,inf
2899,-1000.0,1000.0,-inf,inf
2900,-1000.0,1000.0,-inf,inf
2901,-1000.0,1000.0,-inf,inf
2902,-1000.0,1000.0,-inf,inf
2903,-1000.0,1000.0,-inf,inf
2904,-1000.0,1000.0,-inf,inf
2905,-1000.0,0.0,-inf,inf
2906,-1000.0,1000.0,-inf,inf
2907,-1000.0,1000.0,-inf,inf
2908,-1000.0,1000.0,-inf,inf
2909,-461.914129,1000.0,-inf,inf
2910,70.871387,1000.0,-inf,inf
2911,-442.95886,999.064839,-inf,inf
2912,-999.1044,442.95886,-inf,inf
2913,0.0,0.0,-inf,inf
2914,0.0,0.0,-inf,inf
2915,0.0,0.0,-inf,inf
2916,-1000.0,1000.0,-inf,inf
2917,-1000.0,1000.0,-inf,inf
2918,-1000.0,1000.0,-inf,inf
2919,-1000.0,1000.0,-inf,inf
2920,-1000.0,1000.0,-inf,inf
2921,-1000.0,1000.0,-inf,inf
2922,-1000.0,1000.0,-inf,inf
2923,-1000.0,1000.0,-inf,inf
2924,-1000.0,1000.0,-inf,inf
2925,-1000.0,1000.0,-inf,inf
2926,-1000.0,1000.0,-inf,inf
2927,-1000.0,1000.0,-inf,inf
2928,-1000.0,1000.0,-inf,inf
2929,-1000.0,1000.0,-inf,inf
2930,-1000.0,1000.0,-inf,inf
2931,-1000.0,1000.0,-inf,inf
2932,-1000.0,1000.0,-inf,inf
2933,-1000.0,1000.0,-inf,inf
2934,-1000.0,1000.0,-inf,inf
2935,-1000.0,1000.0,-inf,inf
2936,-1000.0,1000.0,-inf,inf
2937,-1000.0,1000.0,-inf,inf
2938,-1000.0,1000.0,-inf,inf
2939,-1000.0,1000.0,-inf,inf
2940,-1000.0,1000.0,-inf,inf
2941,-1000.0,1000.0,-inf,inf
2942,-1000.0,1000.0,-inf,inf
2943,0.0,1000.0,-inf,inf
2944,-1000.0,1000.0,-inf,inf
2945,-1000.0,1000.0,-inf,inf
2946,-666.666667,666.666667,-inf,inf
2947,-666.666667,-666.666667,-inf,inf
2948,-666.666667,666.666667,-inf,inf
2949,-1000.0,1000.0,-inf,inf
2950,-1000.0,1000.0,-inf,inf
2951,-1000.0,1000.0,-inf,inf
2952,-1000.0,1000.0,-inf,inf
2953,-1000.0,1000.0,-inf,inf
2954,-1000.0,1000.0,-inf,inf
2955,-1000.0,1000.0,-inf,inf
2956,-1000.0,1000.0,-inf,inf
2957,-1000.0,1000.0,-inf,inf
2958,-1000.0,1000.0,-inf,inf
2959,-1000.0,1000.0,-inf,inf
2960,-1000.0,1000.0,-inf,inf
2961,-1000.0,1000.0,-inf,inf
2962,0.0,0.0,-inf,inf
2963,-1000.0,1000.0,-inf,inf
2964,-1000.0,1000.0,-inf,inf
2965,-1000.0,1000.0,-inf,inf
2966,-1000.0,1000.0,-inf,inf
2967,-1000.0,1000.0,-inf,inf
2968,-1000.0,1000.0,-inf,inf
2969,-1000.0,1000.0,-inf,inf
2970,-0.0,1000.0,-inf,inf
2971,0.0,352.64187,-inf,inf
2972,-1000.0,1000.0,-inf,inf
2973,-1000.0,1000.0,-inf,inf
2974,-1000.0,1000.0,-inf,inf
2975,-1000.0,1000.0,-inf,inf
2976,0.0,0.0,-inf,inf
2977,0.0,0.0,-inf,inf
2978,-1000.0,1000.0,-inf,inf
2979,-1000.0,1000.0,-inf,inf
2980,-1000.0,1000.0,-inf,inf
2981,-1000.0,1000.0,-inf,inf
2982,-1000.0,1000.0,-inf,inf
2983,-1000.0,1000.0,-inf,inf
2984,-1000.0,1000.0,-inf,inf
2985,-1000.0,1000.0,-inf,inf
2986,-1000.0,1000.0,-inf,inf
2987,-1000.0,1000.0,-inf,inf
2988,-1000.0,1000.0,-inf,inf
2989,-1000.0,1000.0,-inf,inf
2990,-1000.0,1000.0,-inf,inf
2991,-1000.0,1000.0,-inf,inf
2992,-1000.0,1000.0,-inf,inf
2993,-1000.0,1000.0,-inf,inf
2994,-1000.0,1000.0,-inf,inf
2995,-1000.0,1000.0,-inf,inf
2996,-1000.0,1000.0,-inf,inf
2997,-1000.0,1000.0,-inf,inf
2998,-1000.0,1000.0,-inf,inf
2999,-1000.0,1000.0,-inf,inf
3000,-1000.0,1000.0,-inf,inf
3001,-1000.0,1000.0,-inf,inf
3002,-1000.0,1000.0,-inf,inf
3003,-1000.0,1000.0,-inf,inf
3004,-1000.0,1000.0,-inf,inf
3005,-1000.0,1000.0,-inf,inf
3006,-1000.0,1000.0,-inf,inf
3007,-1000.0,1000.0,-inf,inf
3008,-1000.0,1000.0,-inf,inf
3009,-1000.0,1000.0,-inf,inf
3010,0.0,1000.0,-inf,inf
3011,-1000.0,1000.0,-inf,inf
3012,-1000.0,1000.0,-inf,inf
3013,1000.0,1000.0,-inf,inf
3014,-1000.0,1000.0,-inf,inf
3015,-1000.0,1000.0,-inf,inf
3016,-1000.0,1000.0,-inf,inf
3017,-1000.0,1000.0,-inf,inf
3018,-1000.0,1000.0,-inf,inf
3019,-1000.0,1000.0,-inf,inf
3020,-1000.0,1000.0,-inf,inf
3021,-1000.0,1000.0,-inf,inf
3022,-1000.0,1000.0,-inf,inf
3023,-1000.0,1000.0,-inf,inf
3024,0.0,1000.0,-inf,inf
3025,0.0,1000.0,-inf,inf
3026,-1000.0,1000.0,-inf,inf
3027,-1000.0,1000.0,-inf,inf
3028,-1000.0,1000.0,-inf,inf
3029,-1000.0,1000.0,-inf,inf
3030,-1000.0,1000.0,-inf,inf
3031,-1000.0,1000.0,-inf,inf
3032,-1000.0,1000.0,-inf,inf
3033,-1000.0,1000.0,-inf,inf
3034,-1000.0,1000.0,-inf,inf
3035,-1000.0,1000.0,-inf,inf
3036,-1000.0,1000.0,-inf,inf
3037,-1000.0,1000.0,-inf,inf
3038,0.0,1000.0,-inf,inf
3039,0.0,1000.0,-inf,inf
3040,-1000.0,0.0,-inf,inf
3041,0.0,1000.0,-inf,inf
3042,-1000.0,1000.0,-inf,inf
3043,-1000.0,1000.0,-inf,inf
3044,-1000.0,1000.0,-inf,inf
3045,-1000.0,1000.0,-inf,inf
3046,-1000.0,1000.0,-inf,inf
3047,-1000.0,1000.0,-inf,inf
3048,-1000.0,1000.0,-inf,inf
3049,-1000.0,1000.0,-inf,inf
3050,-1000.0,1000.0,-inf,inf
3051,-1000.0,1000.0,-inf,inf
3052,-1000.0,1000.0,-inf,inf
3053,-1000.0,1000.0,-inf,inf
3054,-1000.0,1000.0,-inf,inf
3055,-1000.0,1000.0,-inf,inf
3056,-1000.0,1000.0,-inf,inf
3057,-1000.0,1000.0,-inf,inf
3058,-1000.0,1000.0,-inf,inf
3059,-1000.0,1000.0,-inf,inf
3060,-1000.0,1000.0,-inf,inf
3061,-1000.0,1000.0,-inf,inf
3062,-1000.0,1000.0,-inf,inf
3063,-1000.0,1000.0,-inf,inf
3064,-1000.0,1000.0,-inf,inf
3065,-1000.0,1000.0,-inf,inf
3066,-1000.0,1000.0,-inf,inf
3067,-1000.0,1000.0,-inf,inf
3068,-1000.0,1000.0,-inf,inf
3069,-1000.0,1000.0,-inf,inf
3070,-1000.0,1000.0,-inf,inf
3071,-1000.0,1000.0,-inf,inf
3072,-1000.0,1000.0,-inf,inf
3073,-1000.0,1000.0,-inf,inf
3074,-1000.0,1000.0,-inf,inf
3075,-1000.0,1000.0,-inf,inf
3076,-1000.0,1000.0,-inf,inf
3077,-1000.0,1000.0,-inf,inf
3078,-1000.0,1000.0,-inf,inf
3079,-1000.0,1000.0,-inf,inf
3080,-1000.0,1000.0,-inf,inf
3081,-1000.0,1000.0,-inf,inf
3082,-1000.0,1000.0,-inf,inf
3083,-1000.0,1000.0,-inf,inf
3084,-1000.0,1000.0,-inf,inf
3085,-1000.0,1000.0,-inf,inf
3086,-999.707873,999.88687,-inf,inf
3087,-1000.0,1000.0,-inf,inf
3088,-1000.0,1000.0,-inf,inf
3089,-1000.0,1000.0,-inf,inf
3090,-1000.0,1000.0,-inf,inf
3091,-1000.0,1000.0,-inf,inf
3092,-1000.0,1000.0,-inf,inf
3093,-1000.0,1000.0,-inf,inf
3094,-1000.0,1000.0,-inf,inf
3095,-1000.0,1000.0,-inf,inf
3096,-1000.0,1000.0,-inf,inf
3097,-1000.0,1000.0,-inf,inf
3098,-1000.0,1000.0,-inf,inf
3099,-1000.0,1000.0,-inf,inf
3100,-1000.0,1000.0,-inf,inf
3101,-1000.0,1000.0,-inf,inf
3102,-1000.0,1000.0,-inf,inf
3103,-1000.0,1000.0,-inf,inf
3104,-1000.0,1000.0,-inf,inf
3105,-1000.0,1000.0,-inf,inf
3106,0.0,1000.0,-inf,inf
3107,-1000.0,1000.0,-inf,inf
3108,-1000.0,1000.0,-inf,inf
3109,-1000.0,1000.0,-inf,inf
3110,-1000.0,1000.0,-inf,inf
3111,-1000.0,1000.0,-inf,inf
3112,-1000.0,1000.0,-inf,inf
3113,-1000.0,1000.0,-inf,inf
3114,-1000.0,1000.0,-inf,inf
3115,-1000.0,1000.0,-inf,inf
3116,-1000.0,1000.0,-inf,inf
3117,-1000.0,1000.0,-inf,inf
3118,-1000.0,1000.0,-inf,inf
3119,-1000.0,1000.0,-inf,inf
3120,-1000.0,1000.0,-inf,inf
3121,-1000.0,1000.0,-inf,inf
3122,-1000.0,1000.0,-inf,inf
3123,-1000.0,1000.0,-inf,inf
3124,-1000.0,1000.0,-inf,inf
3125,-1000.0,1000.0,-inf,inf
3126,-1000.0,1000.0,-inf,inf
3127,-1000.0,1000.0,-inf,inf
3128,-1000.0,1000.0,-inf,inf
3129,-1000.0,1000.0,-inf,inf
3130,-1000.0,1000.0,-inf,inf
3131,-1000.0,1000.0,-inf,inf
3132,-1000.0,1000.0,-inf,inf
3133,-1000.0,1000.0,-inf,inf
3134,-1000.0,1000.0,-inf,inf
3135,-1000.0,1000.0,-inf,inf
3136,-1000.0,1000.0,-inf,inf
3137,-1000.0,1000.0,-inf,inf
3138,-1000.0,1000.0,-inf,inf
3139,-1000.0,1000.0,-inf,inf
3140,-1000.0,1000.0,-inf,inf
3141,-1000.0,1000.0,-inf,inf
3142,-1000.0,1000.0,-inf,inf
3143,-1000.0,1000.0,-inf,inf
3144,-1000.0,1000.0,-inf,inf
3145,-1000.0,1000.0,-inf,inf
3146,-1000.0,1000.0,-inf,inf
3147,-1000.0,1000.0,-inf,inf
3148,-1000.0,1000.0,-inf,inf
3149,-1000.0,1000.0,-inf,inf
3150,-1000.0,1000.0,-inf,inf
3151,-1000.0,1000.0,-inf,inf
3152,-1000.0,1000.0,-inf,inf
3153,-1000.0,1000.0,-inf,inf
3154,-1000.0,1000.0,-inf,inf
3155,-1000.0,1000.0,-inf,inf
3156,-1000.0,1000.0,-inf,inf
3157,-1000.0,1000.0,-inf,inf
3158,-1000.0,1000.0,-inf,inf
3159,-1000.0,1000.0,-inf,inf
3160,-1000.0,1000.0,-inf,inf
3161,0.0,1000.0,-inf,inf
3162,0.0,1000.0,-inf,inf
3163,0.0,1000.0,-inf,inf
3164,0.0,1000.0,-inf,inf
3165,0.0,1000.0,-inf,inf
3166,0.0,1000.0,-inf,inf
3167,0.0,1000.0,-inf,inf
3168,0.0,1000.0,-inf,inf
3169,-1000.0,1000.0,-inf,inf
3170,-1000.0,1000.0,-inf,inf
3171,-1000.0,1000.0,-inf,inf
3172,-1000.0,1000.0,-inf,inf
3173,-1000.0,1000.0,-inf,inf
3174,-1000.0,1000.0,-inf,inf
3175,-1000.0,1000.0,-inf,inf
3176,-1000.0,1000.0,-inf,inf
3177,-1000.0,1000.0,-inf,inf
3178,-1000.0,1000.0,-inf,inf
3179,-1000.0,1000.0,-inf,inf
3180,-1000.0,1000.0,-inf,inf
3181,-1000.0,1000.0,-inf,inf
3182,-1000.0,1000.0,-inf,inf
3183,-1000.0,1000.0,-inf,inf
3184,-1000.0,1000.0,-inf,inf
3185,-1000.0,1000.0,-inf,inf
3186,-1000.0,1000.0,-inf,inf
3187,-1000.0,1000.0,-inf,inf
3188,-1000.0,1000.0,-inf,inf
3189,-1000.0,1000.0,-inf,inf
3190,-1000.0,1000.0,-inf,inf
3191,-1000.0,1000.0,-inf,inf
3192,-1000.0,1000.0,-inf,inf
3193,0.0,0.0,-inf,inf
3194,0.0,0.0,-inf,inf
3195,0.0,0.0,-inf,inf
3196,0.0,0.0,-inf,inf
3197,0.0,0.0,-inf,inf
3198,0.0,0.0,-inf,inf
3199,0.0,0.0,-inf,inf
3200,0.0,0.0,-inf,inf
3201,-1000.0,1000.0,-inf,inf
3202,-1000.0,1000.0,-inf,inf
3203,-1000.0,1000.0,-inf,inf
3204,-1000.0,1000.0,-inf,inf
3205,-1000.0,1000.0,-inf,inf
3206,-1000.0,1000.0,-inf,inf
3207,0.0,1000.0,-inf,inf
3208,0.0,1000.0,-inf,inf
3209,-1000.0,1000.0,-inf,inf
3210,-1000.0,1000.0,-inf,inf
3211,-1000.0,1000.0,-inf,inf
3212,-1000.0,1000.0,-inf,inf
3213,-1000.0,1000.0,-inf,inf
3214,-1000.0,1000.0,-inf,inf
3215,-1000.0,1000.0,-inf,inf
3216,-1000.0,1000.0,-inf,inf
3217,-1000.0,1000.0,-inf,inf
3218,-1000.0,1000.0,-inf,inf
3219,-1000.0,1000.0,-inf,inf
3220,-1000.0,1000.0,-inf,inf
3221,-1000.0,0.0,-inf,inf
3222,-1000.0,1000.0,-inf,inf
3223,-1000.0,1000.0,-inf,inf
3224,-1000.0,1000.0,-inf,inf
3225,-1000.0,1000.0,-inf,inf
3226,-1000.0,1000.0,-inf,inf
3227,-1000.0,1000.0,-inf,inf
3228,-1000.0,1000.0,-inf,inf
3229,-1000.0,1000.0,-inf,inf
3230,-1000.0,1000.0,-inf,inf
3231,0.0,1000.0,-inf,inf
3232,0.0,1000.0,-inf,inf
3233,-1000.0,1000.0,-inf,inf
3234,0.0,1000.0,-inf,inf
3235,-1000.0,1000.0,-inf,inf
3236,-1000.0,1000.0,-inf,inf
3237,-1000.0,1000.0,-inf,inf
3238,-1000.0,1000.0,-inf,inf
3239,-1000.0,1000.0,-inf,inf
3240,-1000.0,1000.0,-inf,inf
3241,-1000.0,1000.0,-inf,inf
3242,-1000.0,1000.0,-inf,inf
3243,-1000.0,1000.0,-inf,inf
3244,-1000.0,1000.0,-inf,inf
3245,-1000.0,1000.0,-inf,inf
3246,-1000.0,1000.0,-inf,inf
3247,-1000.0,1000.0,-inf,inf
3248,-1000.0,1000.0,-inf,inf
3249,-1000.0,1000.0,-inf,inf
3250,-1000.0,1000.0,-inf,inf
3251,-1000.0,1000.0,-inf,inf
3252,0.0,1000.0,-inf,inf
3253,-1000.0,1000.0,-inf,inf
3254,-1000.0,1000.0,-inf,inf
3255,-1000.0,1000.0,-inf,inf
3256,-1000.0,0.0,-inf,inf
3257,-1000.0,1000.0,-inf,inf
3258,-1000.0,1000.0,-inf,inf
3259,-1000.0,1000.0,-inf,inf
3260,-1000.0,1000.0,-inf,inf
3261,-1000.0,1000.0,-inf,inf
3262,-1000.0,1000.0,-inf,inf
3263,-1000.0,1000.0,-inf,inf
3264,-1000.0,1000.0,-inf,inf
3265,-1000.0,1000.0,-inf,inf
3266,-1000.0,1000.0,-inf,inf
3267,-1000.0,1000.0,-inf,inf
3268,-1000.0,1000.0,-inf,inf
3269,-1000.0,1000.0,-inf,inf
3270,-1000.0,1000.0,-inf,inf
3271,-1000.0,1000.0,-inf,inf
3272,-1000.0,1000.0,-inf,inf
3273,-1000.0,1000.0,-inf,inf
3274,-1000.0,1000.0,-inf,inf
3275,-1000.0,1000.0,-inf,inf
3276,-1000.0,1000.0,-inf,inf
3277,-1000.0,1000.0,-inf,inf
3278,-1000.0,1000.0,-inf,inf
3279,-1000.0,1000.0,-inf,inf
3280,-1000.0,1000.0,-inf,inf
3281,-1000.0,1000.0,-inf,inf
3282,-1000.0,1000.0,-inf,inf
3283,-1000.0,1000.0,-inf,inf
3284,-1000.0,1000.0,-inf,inf
3285,-1000.0,1000.0,-inf,inf
3286,-1000.0,1000.0,-inf,inf
3287,-1000.0,1000.0,-inf,inf
3288,-1000.0,1000.0,-inf,inf
3289,0.0,1000.0,-inf,inf
3290,-1000.0,1000.0,-inf,inf
3291,-1000.0,1000.0,-inf,inf
3292,-1000.0,1000.0,-inf,inf
3293,-1000.0,1000.0,-inf,inf
3294,-1000.0,1000.0,-inf,inf
3295,-1000.0,1000.0,-inf,inf
3296,-1000.0,1000.0,-inf,inf
3297,-1000.0,1000.0,-inf,inf
3298,-1000.0,1000.0,-inf,inf
3299,-1000.0,1000.0,-inf,inf
3300,-1000.0,1000.0,-inf,inf
3301,-1000.0,1000.0,-inf,inf
3302,-1000.0,1000.0,-inf,inf
3303,-1000.0,1000.0,-inf,inf
3304,-1000.0,1000.0,-inf,inf
3305,-1000.0,1000.0,-inf,inf
3306,-1000.0,1000.0,-inf,inf
3307,-1000.0,1000.0,-inf,inf
3308,-1000.0,1000.0,-inf,inf
3309,-357.446118,1000.0,-inf,inf
3310,-1000.0,1000.0,-inf,inf
3311,0.0,1000.0,-inf,inf
3312,0.0,1000.0,-inf,inf
3313,-1000.0,1000.0,-inf,inf
3314,-1000.0,1000.0,-inf,inf
3315,-1000.0,1000.0,-inf,inf
3316,-1000.0,1000.0,-inf,inf
3317,-1000.0,1000.0,-inf,inf
3318,-1000.0,1000.0,-inf,inf
3319,0.0,1000.0,-inf,inf
3320,0.0,1000.0,-inf,inf
3321,-1000.0,1000.0,-inf,inf
3322,-245.711571,255.152758,-inf,inf
3323,0.0,897.241609,-inf,inf
3324,-897.241609,0.0,-inf,inf
3325,-770.264507,761.005358,-inf,inf
3326,0.0,897.241609,-inf,inf
3327,-1000.0,1000.0,-inf,inf
3328,-1000.0,1000.0,-inf,inf
3329,-1000.0,1000.0,-inf,inf
3330,-1000.0,1000.0,-inf,inf
3331,-1000.0,1000.0,-inf,inf
3332,-1000.0,1000.0,-inf,inf
3333,-1000.0,1000.0,-inf,inf
3334,-1000.0,1000.0,-inf,inf
3335,-1000.0,1000.0,-inf,inf
3336,-957.172696,958.026042,-inf,inf
3337,0.074791,0.609758,-inf,inf
3338,-1000.0,1000.0,-inf,inf
3339,-1000.0,1000.0,-inf,inf
3340,-1000.0,1000.0,-inf,inf
3341,-1000.0,1000.0,-inf,inf
3342,-1000.0,1000.0,-inf,inf
3343,-1000.0,1000.0,-inf,inf
3344,-1000.0,1000.0,-inf,inf
3345,-1000.0,1000.0,-inf,inf
3346,-1000.0,1000.0,-inf,inf
3347,-1000.0,-1000.0,-inf,inf
3348,-1000.0,1000.0,-inf,inf
3349,-1000.0,1000.0,-inf,inf
3350,0.065395,0.5328,-inf,inf
3351,-1000.0,1000.0,-inf,inf
3352,-1000.0,1000.0,-inf,inf
3353,-1000.0,1000.0,-inf,inf
3354,-1000.0,1000.0,-inf,inf
3355,-1000.0,1000.0,-inf,inf
3356,-1000.0,1000.0,-inf,inf
3357,-1000.0,1000.0,-inf,inf
3358,-1000.0,1000.0,-inf,inf
3359,0.283337,2.310756,-inf,inf
3360,-1000.0,1000.0,-inf,inf
3361,-1000.0,1000.0,-inf,inf
3362,-1000.0,1000.0,-inf,inf
3363,-1000.0,1000.0,-inf,inf
3364,-1000.0,1000.0,-inf,inf
3365,-1000.0,1000.0,-inf,inf
3366,-1000.0,1000.0,-inf,inf
3367,-1000.0,1000.0,-inf,inf
3368,0.076148,0.620806,-inf,inf
3369,-1000.0,1000.0,-inf,inf
3370,-1000.0,1000.0,-inf,inf
3371,-1000.0,1000.0,-inf,inf
3372,-1000.0,1000.0,-inf,inf
3373,0.0,1000.0,-inf,inf
3374,-1000.0,1000.0,-inf,inf
3375,-1000.0,1000.0,-inf,inf
3376,-1000.0,1000.0,-inf,inf
3377,-1000.0,1000.0,-inf,inf
3378,-1000.0,1000.0,-inf,inf
3379,-1000.0,1000.0,-inf,inf
3380,-1000.0,1000.0,-inf,inf
3381,-1000.0,1000.0,-inf,inf
3382,-1000.0,1000.0,-inf,inf
3383,-1000.0,1000.0,-inf,inf
3384,-1000.0,1000.0,-inf,inf
3385,-1000.0,1000.0,-inf,inf
3386,-1000.0,1000.0,-inf,inf
3387,-1000.0,1000.0,-inf,inf
3388,-1000.0,1000.0,-inf,inf
3389,-1000.0,1000.0,-inf,inf
3390,-1000.0,1000.0,-inf,inf
3391,-1000.0,1000.0,-inf,inf
3392,-1000.0,1000.0,-inf,inf
3393,-1000.0,1000.0,-inf,inf
3394,-1000.0,1000.0,-inf,inf
3395,-1000.0,1000.0,-inf,inf
3396,-1000.0,1000.0,-inf,inf
3397,-1000.0,1000.0,-inf,inf
3398,-1000.0,1000.0,-inf,inf
3399,-1000.0,1000.0,-inf,inf
3400,-1000.0,1000.0,-inf,inf
3401,0.075355,0.614354,-inf,inf
3402,-1000.0,999.999912,-134.588706,140.553818
3403,1.1e-05,64.770967,-inf,inf
3404,10.989297,89.62324,-inf,inf
3405,0.0,0.0,-142.639831,19.408285
3408,-1000.0,1000.0,-156.625243,41.203802
3409,0.0,1000.0,-190.3052,-45.815389
3410,10.989297,89.62324,-inf,inf
3411,10.989297,89.62324,-inf,inf
3412,10.989297,89.62324,-inf,inf
3413,10.989297,89.62324,-inf,inf
3414,0.0,0.0,-inf,inf
3415,0.0,0.0,-inf,inf
3416,0.0,0.0,-inf,inf
3417,0.0,0.0,-inf,inf
3418,0.0,0.0,-inf,inf
3419,0.0,0.0,-inf,inf
3420,0.0,0.0,-inf,inf
3421,0.0,0.0,-inf,inf
3422,0.0,0.0,-inf,inf
3423,0.0,0.0,-inf,inf
3424,0.0,0.0,-inf,inf
3426,10.989297,89.62324,-inf,inf
3428,10.989297,89.62324,-inf,inf
3429,-1000.0,1000.0,-inf,inf
3430,-1000.0,1000.0,-inf,inf
3431,-1000.0,1000.0,-inf,inf
3432,-1000.0,1000.0,-inf,inf
3433,-1000.0,1000.0,-inf,inf
3434,-1000.0,1000.0,-inf,inf
3435,-1000.0,1000.0,-inf,inf
3436,0.0,1000.0,-inf,inf
3437,-1000.0,1000.0,-inf,inf
3438,-1000.0,1000.0,-inf,inf
3439,-952.784677,952.784677,-inf,inf
3440,-957.213432,957.213432,-inf,inf
3441,-1000.0,1000.0,-inf,inf
3442,-1000.0,1000.0,-inf,inf
3443,-1000.0,1000.0,-inf,inf
3444,-1000.0,1000.0,-inf,inf
3445,-1000.0,1000.0,-inf,inf
3446,-1000.0,1000.0,-inf,inf
3447,-1000.0,1000.0,-inf,inf
3448,-1000.0,1000.0,-inf,inf
3449,-1000.0,1000.0,-inf,inf
3450,-1000.0,1000.0,-inf,inf
3451,-1000.0,1000.0,-inf,inf
3452,-1000.0,1000.0,-inf,inf
3453,-1000.0,1000.0,-inf,inf
3454,-1000.0,1000.0,-inf,inf
3455,-1000.0,1000.0,-inf,inf
3456,-1000.0,1000.0,-inf,inf
3457,-1000.0,1000.0,-inf,inf
3458,-1000.0,1000.0,-inf,inf
3459,-1000.0,1000.0,-inf,inf
3460,-952.661538,952.661538,-inf,inf
3461,-1000.0,1000.0,-inf,inf
3462,-1000.0,1000.0,-inf,inf
3463,-1000.0,1000.0,-inf,inf
3464,-1000.0,1000.0,-inf,inf
3465,-1000.0,1000.0,-inf,inf
3466,-1000.0,1000.0,-inf,inf
3467,-1000.0,1000.0,-inf,inf
3468,-1000.0,1000.0,-inf,inf
3469,-1000.0,1000.0,-inf,inf
3470,-1000.0,1000.0,-inf,inf
3471,-1000.0,1000.0,-inf,inf
3472,-1000.0,1000.0,-inf,inf
3473,-1000.0,1000.0,-inf,inf
3474,-1000.0,1000.0,-inf,inf
3475,-1000.0,1000.0,-inf,inf
3476,-1000.0,1000.0,-inf,inf
3477,-1000.0,1000.0,-inf,inf
3478,-1000.0,1000.0,-inf,inf
3479,-1000.0,1000.0,-inf,inf
3480,-1000.0,1000.0,-inf,inf
3481,-1000.0,1000.0,-inf,inf
3482,-1000.0,1000.0,-inf,inf
3483,-1000.0,1000.0,-inf,inf
3484,-1000.0,1000.0,-inf,inf
3485,0.0,1000.0,-inf,inf
3486,-1000.0,1000.0,-inf,inf
3487,-1000.0,1000.0,-inf,inf
3488,-1000.0,1000.0,-inf,inf
3489,-1000.0,1000.0,-inf,inf
3490,-1000.0,1000.0,-inf,inf
3491,-1000.0,1000.0,-inf,inf
3492,-1000.0,1000.0,-inf,inf
3493,-1000.0,1000.0,-inf,inf
3494,-1000.0,1000.0,-inf,inf
3495,-1000.0,1000.0,-inf,inf
3496,-1000.0,1000.0,-inf,inf
3497,-1000.0,1000.0,-inf,inf
3498,-1000.0,1000.0,-inf,inf
3499,-1000.0,1000.0,-inf,inf
3500,-1000.0,1000.0,-inf,inf
3501,-1000.0,1000.0,-inf,inf
3502,-1000.0,1000.0,-inf,inf
3503,-1000.0,1000.0,-inf,inf
3504,-1000.0,1000.0,-inf,inf
3505,-1000.0,1000.0,-inf,inf
3506,-1000.0,1000.0,-inf,inf
3507,-1000.0,1000.0,-inf,inf
3508,-1000.0,1000.0,-inf,inf
3509,-1000.0,1000.0,-inf,inf
3510,-1000.0,1000.0,-inf,inf
3511,-1000.0,1000.0,-inf,inf
3512,-1000.0,1000.0,-inf,inf
3513,-1000.0,1000.0,-inf,inf
3514,-1000.0,1000.0,-inf,inf
3515,0.0,0.0,-599.765703,663.983652
3516,0.0,0.0,-106.320186,174.558555
3517,0.0,0.0,-inf,inf
3518,0.0,0.0,-396.772731,235.001107
3519,-396.722104,0.0,-185.346788,119.849785
3520,0.0,0.0,-137.502801,25.396685
3521,0.0,0.0,-302.830607,175.309904
3522,0.0,0.0,-inf,inf
3523,0.0,0.0,-244.696423,-61.875833
3524,-1000.0,1000.0,-inf,inf
3525,-1000.0,1000.0,-inf,inf
3526,-1000.0,1000.0,-inf,inf
3527,0.0,0.0,-201.382131,165.857689
3528,0.0,0.0,-inf,inf
3529,0.0,0.0,-inf,inf
3530,0.0,0.0,-inf,inf
3531,0.0,0.0,-inf,inf
3532,0.0,0.0,-inf,inf
3533,0.0,0.0,-inf,inf
3534,-1000.0,999.999989,-122.661831,51.144223
3535,0.0,0.0,-inf,inf
3536,0.0,0.0,-inf,inf
3537,0.0,0.0,-inf,inf
3538,0.0,0.0,-168.218123,120.050863
3539,0.0,0.0,-172.822699,125.006216
3540,0.0,0.0,-174.522052,126.792605
3541,0.0,0.0,-172.520527,124.791019
3542,0.0,0.0,-167.719156,119.989709
3543,0.0,0.0,-inf,inf
3544,0.0,0.0,-162.371602,113.970233
3545,0.0,0.0,-97.941536,62.217475
3546,0.0,1000.0,-85.75864,84.094441
3547,0.0,0.0,-396.501895,523.475136
3548,0.0,0.0,-inf,inf
3549,-0.0,999.999989,-117.557991,56.655921
3550,0.0,0.0,-139.724791,152.433205
3551,0.0,0.0,-10.959233,358.427282
3552,0.0,0.0,-132.791698,34.578115
3553,0.0,0.0,-389.883429,310.758596
3554,0.0,0.0,-inf,inf
3555,0.0,0.0,-inf,inf
3556,0.0,336.234571,-inf,inf
3557,0.0,0.0,-inf,inf
3558,0.0,0.0,-216.643065,124.171848
3559,0.0,634.755367,-396.501893,523.475134
3560,-583.544747,0.0,-117.625787,46.834152
3561,-352.64187,0.0,-123.335629,47.589374
3562,-0.0,1000.0,-244.229502,-0.880733
3563,0.0,0.0,-359.723217,206.070407
3564,0.0,0.0,-160.400086,170.204488
3565,0.0,0.0,-160.478291,170.126294
3566,0.0,0.0,-inf,inf
3567,0.0,0.0,-429.35969,-53.257871
3568,0.0,396.722104,-429.378303,-53.270272
3569,-180.08775,999.999989,-118.107027,47.56694
3570,-1000.0,999.99989,-207.713701,109.253908
3571,0.0,0.0,-96.112613,434.383349
3572,0.0,0.0,-inf,inf
3573,0.0,0.0,-inf,inf
3574,0.0,0.0,-312.419075,117.294619
3575,0.0,0.0,-161.449298,114.949012
3576,0.0,0.0,-157.019956,58.255953
3577,0.0,0.0,-245.202352,1.439158
3578,-1000.0,999.956372,-inf,inf
3579,-1000.0,1000.0,-98.667447,104.44379
3580,0.0,0.0,-320.441948,169.691181
3581,0.0,0.0,-320.766256,169.760138
3582,0.0,0.0,-157.811399,332.457562
3583,0.0,0.0,-343.184794,148.221987
3584,-528.962806,1000.0,-164.640404,52.270353
3585,0.0,0.0,-375.651279,270.064815
3586,-1000.0,0.0,30.809124,163.737196
3587,0.0,0.0,-inf,inf
3588,0.0,0.0,-inf,inf
3589,0.0,0.0,-inf,inf
3590,0.0,0.0,-inf,inf
3591,0.0,0.0,-inf,inf
3592,0.0,0.0,-inf,inf
3593,0.0,0.0,-130.774588,30.988476
3594,0.0,0.0,-83.271606,197.553999
3595,-1000.0,0.0,-323.576271,165.283492
3596,-1000.0,1000.0,-153.576487,56.262503
3597,0.0,0.0,-inf,inf
3598,0.0,0.0,-inf,inf
3599,0.0,0.0,-703.534249,-232.560449
3600,0.0,0.0,-705.766432,-237.674278
3601,0.0,0.0,-123.222987,51.07773
3602,0.0,0.0,-122.986148,51.314571
3603,-1000.0,1000.0,-47.619346,63.117045
3604,0.0,0.0,-inf,inf
3605,-1000.0,1000.0,-153.816559,122.930849
3606,0.0,1000.0,-206.13094,-23.316312
3607,-1000.0,1000.0,-233.540429,4.09038
3608,-1000.0,1000.0,-230.188979,0.746611
3609,0.0,0.0,-286.223076,56.777561
3610,0.0,0.0,-44.196517,325.189998
3611,0.0,0.0,-inf,inf
3612,0.0,0.0,-inf,inf
3613,0.0,0.0,-739.61159,-179.070349
3614,-1000.0,999.1044,-457.739011,112.858964
3615,0.0,0.0,-inf,inf
3616,0.0,0.0,-inf,inf
3617,0.0,0.0,-234.937948,2.676147
3618,-528.962806,1000.0,-155.854995,73.461207
3619,-528.962806,0.0,-163.945127,51.292765
3620,0.0,0.0,-163.908358,51.25649
3621,0.0,0.0,-163.908354,51.256486
3622,-528.962806,0.0,-169.226151,56.57422
3623,0.0,0.0,-163.945127,47.597434
3624,0.0,0.0,-53.367353,53.367353
3625,0.0,0.0,-280.366811,7.836339
3626,-1000.0,1000.0,-292.504111,51.15185
3627,-1000.0,1000.0,-314.030537,49.85803
3628,-1000.0,1000.0,-281.019794,12.863045
3629,0.0,0.0,-inf,inf
3630,0.0,0.0,-357.733282,-55.916226
3631,0.0,0.0,-356.66622,93.198235
3632,0.0,0.0,-283.363506,8.781185
3633,0.0,0.0,-293.665513,24.483614
3634,0.0,0.0,-379.841989,113.324695
3635,0.0,0.0,-283.594183,15.429077
3636,0.0,0.0,-278.915955,15.44816
3637,0.0,0.0,-270.908053,20.97543
3638,0.0,0.0,-270.908116,20.975369
3639,0.0,0.0,-284.733058,16.870001
3640,0.0,0.0,-278.923734,37.733611
3641,0.0,0.0,-303.511202,55.646861
3642,0.0,0.0,-194.872448,2.269164
3643,0.0,0.0,-inf,inf
3644,0.0,0.0,-394.898718,175.944897
3645,0.0,0.0,-262.173381,142.432548
3646,0.0,0.0,-inf,inf
3647,0.0,0.0,-inf,inf
3648,-1000.0,0.0,-142.051692,135.285571
3649,0.0,0.0,-inf,inf
3650,0.0,0.0,-140.283743,17.050579
3651,0.0,0.0,-123.845915,33.14929
3652,0.0,0.0,-inf,inf
3653,0.0,0.0,-inf,inf
3654,0.0,0.0,-inf,inf
3655,0.0,0.0,-inf,inf
3656,0.0,0.0,-329.411794,77.641088
3657,0.0,0.0,-inf,inf
3658,0.0,0.0,-inf,inf
3659,0.0,0.0,-inf,inf
3660,-1000.0,1000.0,-174.903377,144.47491
3661,0.0,0.0,-inf,inf
3662,-1000.0,1000.0,-inf,inf
3663,-1000.0,1000.0,-inf,inf
3664,0.0,0.0,-inf,inf
3665,0.0,1000.0,-196.826815,-14.037791
3666,0.0,0.0,-317.335508,171.879659
3667,0.0,0.0,-inf,inf
3668,0.0,0.0,-inf,inf
3669,0.0,0.0,-inf,inf
3670,-1000.0,0.0,-inf,inf
3671,-1000.0,0.0,-138.446923,23.92254
3672,-793.444209,0.0,-inf,inf
3673,-793.444209,0.0,-193.35615,82.41518
3674,-212.284064,0.0,-170.03458,54.754494
3675,-212.284064,0.0,-inf,inf
3676,-212.284064,0.0,-174.515549,50.79985
3677,-212.284064,0.0,-inf,inf
3678,-1000.0,0.0,-inf,inf
3679,-1000.0,0.0,-133.367117,30.680687
3680,0.0,0.0,-299.664997,160.972076
3681,0.0,0.0,-inf,inf
3682,0.0,0.0,-542.969347,-210.071801
3683,0.0,0.0,-256.95664,131.070673
3684,0.0,793.444209,-102.823938,102.786214
3685,-793.444209,0.0,-inf,inf
3686,-313.811226,0.0,-157.367978,42.07975
3687,-313.811226,0.0,-inf,inf
3688,-313.811226,0.0,-161.580129,37.861772
3689,0.0,0.0,-inf,inf
3690,-453.396691,0.0,-inf,inf
3691,-453.396691,0.0,-188.035094,109.745648
3692,0.0,0.0,-222.15057,116.155868
3693,0.0,0.0,-inf,inf
3694,0.0,0.0,-inf,inf
3695,-328.942272,0.0,-174.548828,253.51489
3696,-328.942272,0.0,-inf,inf
3697,-340.108149,0.0,-146.254943,31.920503
3698,0.0,0.0,-inf,inf
3699,-270.303076,0.0,-158.57426,43.286389
3700,-288.706328,0.0,-inf,inf
3701,0.0,0.0,-174.487016,-1.994577
3702,0.0,0.0,-inf,inf
3703,-998.46975,0.0,-224.856348,49.240516
3704,-998.46975,0.0,-inf,inf
3705,-212.284064,0.0,-142.440192,18.71936
3706,-212.284064,0.0,-inf,inf
3707,-264.453604,0.0,-91.365884,33.199024
3708,-264.481403,0.0,-inf,inf
3709,-631.867026,0.0,-74.688032,211.431022
3710,-631.867026,0.0,-inf,inf
3711,0.0,0.0,-inf,inf
3712,0.0,0.0,-inf,inf
3713,-528.962806,0.0,-122.007164,141.26088
3714,-528.962806,0.0,-inf,inf
3715,-453.396691,0.0,0.0001,108.984757
3716,-453.396691,0.0,-inf,inf
3717,0.0,0.0,-165.565552,-0.796255
3718,0.0,0.0,-inf,inf
3719,0.0,0.0,-126.770851,46.440336
3720,0.0,0.0,-inf,inf
3721,0.0,0.0,-inf,inf
3722,-528.962806,0.0,-165.074316,50.520749
3723,-528.962806,0.0,0.0001,53.456436
3724,-528.962806,0.0,-inf,inf
3725,-793.444209,996.323807,-182.770862,184.051872
3726,-453.396691,0.0,-145.298332,65.274787
3727,-376.547506,0.0,-inf,inf
3728,-396.722104,0.0,-inf,inf
3729,-176.320935,0.0,-133.471373,30.039143
3730,-453.396691,0.0,-inf,inf
3731,-453.396691,0.0,-inf,inf
3732,0.0,0.0,-143.415891,-11.134368
3733,-406.676001,0.0,-inf,inf
3734,-1000.0,0.0,-inf,inf
3735,-1000.0,0.0,-inf,inf
3736,-1000.0,0.0,-182.814833,90.366258
3737,-396.722104,0.0,-inf,inf
3738,-396.722104,0.0,-173.191674,108.190528
3739,-528.962806,0.0,-86.80636,85.886154
3740,-998.46975,0.0,-385.691627,236.773506
3741,-200.417702,0.0,-184.758037,8.268184
3742,-300.46092,0.0,-inf,inf
3743,-376.547506,0.0,-120.980089,47.144257
3744,-281.715434,0.0,-inf,inf
3745,-453.396691,0.0,-121.412309,51.278752
3746,-406.676001,0.0,-119.114387,46.09374
3747,-392.031801,0.0,-119.456419,44.671573
3748,-998.46975,0.0,-inf,inf
3749,-264.481403,0.0,-135.841712,26.40997
3750,0.0,0.0,-inf,inf
3751,-528.962806,0.0,-inf,inf
3752,-453.396691,0.0,-inf,inf
3753,-392.031801,0.0,-inf,inf
3754,-392.031801,0.0,-inf,inf
3755,-376.547506,0.0,-inf,inf
3756,-453.396691,0.0,-inf,inf
3757,-340.108149,0.0,-inf,inf
3758,-281.736666,0.0,-inf,inf
3759,-281.736666,0.0,-inf,inf
3760,-453.396691,0.0,-inf,inf
3761,0.0,0.0,-677.149921,-138.60948
3762,-300.46092,0.0,-inf,inf
3763,-300.46092,0.0,-inf,inf
3764,-1000.0,0.0,-127.578783,29.160057
3765,-300.46092,0.0,-inf,inf
3766,-453.396691,0.0,-inf,inf
3767,-453.396691,0.0,-inf,inf
3768,-453.396691,0.0,-233.610926,149.979376
3769,0.0,453.396691,-inf,inf
3770,0.0,453.396691,-inf,inf
3772,-200.490505,0.0,-inf,inf
3773,-1000.0,0.0,-inf,inf
3774,-1000.0,0.0,-inf,inf
3775,-528.962806,0.0,-inf,inf
3776,-998.821196,0.0,-inf,inf
3777,-396.722104,0.0,-inf,inf
3778,-396.722104,0.0,-inf,inf
3779,-494.729645,0.0,-inf,inf
3780,-212.284064,0.0,-inf,inf
3781,0.0,0.0,-inf,inf
3782,-528.962806,0.0,-inf,inf
3783,-313.602269,0.0,-inf,inf
3784,-1000.0,0.0,-inf,inf
3785,-528.962806,0.0,-inf,inf
3786,-278.614758,0.0,-inf,inf
3787,-528.962806,0.0,-inf,inf
3788,-528.962806,0.0,-inf,inf
3789,-1000.0,0.0,-inf,inf
3790,-479.878097,0.0,-inf,inf
3791,0.0,0.0,-inf,inf
3792,-212.284064,0.0,-inf,inf
3793,0.0,0.0,-inf,inf
3794,-212.284064,0.0,-inf,inf
3795,-288.706328,0.0,-inf,inf
3796,-528.962806,0.0,-inf,inf
3797,0.0,0.0,-inf,inf
3798,-422.758937,0.0,-inf,inf
3799,-1000.0,0.0,-inf,inf
3800,-352.64187,0.0,-inf,inf
3801,-352.64187,0.0,-inf,inf
3802,-583.540706,0.0,-inf,inf
3803,-583.544747,0.0,-inf,inf
3804,-453.396691,0.0,-inf,inf
3805,-453.396691,0.0,-inf,inf
3806,0.0,0.0,-inf,inf
3807,-634.755367,0.0,-inf,inf
3808,-406.676001,0.0,-inf,inf
3809,0.0,0.0,-inf,inf
3810,0.0,998.689535,-898.228173,-701.241793
3811,0.0,583.544747,-inf,inf
3812,0.0,583.544747,-inf,inf
3813,0.8956,1000.0,-42.014358,121.185646
3814,0.0,996.323807,-585.343331,-348.593488
3815,0.0,996.323807,-487.365057,-283.14901
3816,0.0,996.323807,-66.908593,66.908915
3817,0.0,996.323807,-216.227097,-32.181451
3818,-634.755367,0.0,-161.444817,114.984497
3819,-634.755367,0.0,-117.561613,145.305928
3820,-634.755367,0.0,-114.965028,147.884393
3821,-634.755367,0.0,-161.484717,114.984497
3822,-350.522665,0.0,-inf,inf
3824,-212.284064,0.0,-138.866833,23.581786
3895,0.0,1000.0,-127.608209,29.113407
3896,0.0,0.0,-53.195552,148.072238
3897,-1000.0,1000.0,-158.816506,118.011233
3898,-1000.0,1000.0,-45.393619,241.196646
3899,-583.910326,999.997912,-101.609943,110.443412
3900,-0.0,1000.0,-226.317178,166.500797
3901,-1000.0,1000.0,-220.718544,168.248175
3902,-1000.0,1000.0,-88.009484,86.854702
3903,-1000.0,1000.0,-177.363763,134.657161
3904,-1000.0,1000.0,-239.419465,47.254307
3905,-0.0,1000.0,-235.33291,22.312304
3906,0.0,1000.0,-199.920596,183.489444
3907,0.0,0.0,-129.350026,38.65326
3908,0.0,0.0,-111.117299,111.117164
3909,0.002385,0.018814,-inf,inf
3910,0.014176,0.114606,-inf,inf
3911,0.007242,0.059002,-inf,inf
3912,0.030001,0.244556,-inf,inf
3913,0.00822,0.067025,-inf,inf
3914,0.013655,0.111338,-inf,inf
3920,10.989297,89.605202,-inf,inf
3921,10.989297,89.605202,-inf,inf
3923,-1000.0,1000.0,-inf,inf
3924,0.0,0.0,-inf,inf
3925,0.0,0.0,-inf,inf
3926,0.0,0.0,-inf,inf
3927,-1000.0,999.933295,-inf,inf
3928,0.0,0.0,-inf,inf
3929,-1000.0,1000.0,-inf,inf
3930,-1000.0,1000.0,-inf,inf
3931,-1000.0,1000.0,-inf,inf
3932,-1000.0,0.0,-inf,inf
3933,-1000.0,1000.0,-inf,inf
3934,0.0,0.0,-inf,inf
3935,0.0,0.0,-inf,inf
3936,0.0,0.0,-inf,inf
3937,0.0,0.0,-inf,inf
3938,0.0,0.0,-inf,inf
3939,0.0,0.0,-inf,inf
3940,0.0,0.0,-inf,inf
3941,0.0,0.0,-inf,inf
3942,0.0,0.0,-inf,inf
3943,-1000.0,1000.0,-inf,inf
3944,0.0,0.0,-inf,inf
3945,0.0,0.0,-inf,inf
3946,0.0,0.0,-inf,inf
3947,0.0,0.0,-inf,inf
3948,0.0,0.0,-inf,inf
3949,0.0,0.0,-inf,inf
3950,0.0,0.0,-inf,inf
3951,0.0,0.0,-inf,inf
3952,0.0,317.377683,-146.350566,128.732187
3953,0.0,528.962806,-146.474187,128.855594
3954,0.0,0.0,-147.563467,126.358731
3955,0.0,0.0,-146.432623,128.814243
3956,0.0,0.0,-inf,inf
3957,0.0,317.377683,-inf,inf
3958,0.0,528.962806,-inf,inf
3959,0.0,0.0,-inf,inf
3960,0.0,264.481403,-inf,inf
3961,0.0,0.0,-inf,inf
3962,0.0,317.377683,-inf,inf
3963,0.0,528.962806,-inf,inf
3964,0.0,0.0,-inf,inf
3965,0.0,264.481403,-inf,inf
3971,-1000.0,1000.0,-147.20004,127.018588
3972,-1000.0,1000.0,-inf,inf
3973,-1000.0,360.06241,-94.082856,80.425471
3974,-1000.0,1000.0,-114.013847,66.480131
3975,0.0,0.0,-104.82491,172.378482
3976,-1000.0,1000.0,-116.566818,146.986605
3977,0.0,0.0,-inf,inf
3978,0.0,1000.0,-inf,inf
3979,0.0,1000.0,-inf,inf
3982,0.0,669.530851,-117.792874,103.411205
3983,-1000.0,1000.0,-126.590191,174.065762
3984,0.0,0.0,-117.401255,183.254707
3985,-1000.0,1000.0,-128.551528,157.271195
3986,0.0,0.0,-inf,inf
3987,0.0,669.530851,-inf,inf
3988,0.0,624.895461,-inf,inf
3991,0.0,396.722104,-99.532981,84.973491
3992,-1000.0,1000.0,-116.366966,165.835723
3993,0.0,0.0,-107.171531,175.031166
3994,-1000.0,1000.0,-118.766508,149.479362
3995,0.0,0.0,-inf,inf
3996,0.0,396.722104,-inf,inf
3997,0.0,396.722104,-inf,inf
4000,-1000.0,1000.0,-231.838408,45.848611
4001,-1000.0,1000.0,-inf,inf
4002,0.0,634.755367,-147.741268,128.345529
4003,-1000.0,1000.0,-inf,inf
4004,0.0,528.962806,-inf,inf
4005,0.0,0.0,-inf,inf
4006,0.0,317.377683,-inf,inf
4007,0.0,264.481403,-inf,inf
4008,-1000.0,1000.0,-inf,inf
4009,0.0,317.377683,-inf,inf
4010,0.0,317.377683,-inf,inf
4012,0.0,493.338522,-inf,inf
4013,0.0,493.338522,-inf,inf
4015,0.0,634.755367,-147.140604,127.051681
4016,0.0,634.755367,-inf,inf
4018,0.0,634.755367,-inf,inf
4019,0.0,634.755367,-inf,inf
4021,0.0,998.46975,-inf,inf
4022,-1000.0,999.999912,-427.588178,113.124715
4023,-0.0,1000.0,-80.796408,160.954168
4024,-1000.0,1000.0,-562.972413,380.701343
4025,0.0,0.0,-inf,inf
4026,0.0,0.0,-368.691892,184.718382
4029,0.0,0.0,10.256027,187.864127
4030,0.0,0.0,10.256026,187.878973
4031,0.0,0.0,71.708663,320.861425
4032,0.0,0.0,9.372236,186.872774
4033,0.0,0.0,-1.455458,189.345107
4034,0.0,0.0,5.229363,183.871379
4035,0.0,0.0,-13.540963,191.279144
4036,0.0,0.0,-278.546952,13.015527
4037,0.0,0.0,-278.669124,12.156175
4038,0.0,0.0,4.946247,190.195129
4039,0.0,0.0,6.548682,188.589201
4040,-1000.0,1000.0,-inf,inf
4041,-500.0,500.0,-inf,inf
4042,-1000.0,1000.0,-inf,inf
4043,0.0,0.0,-inf,inf
4044,0.0,0.0,-inf,inf
4046,0.0,0.0,-inf,inf
4048,0.0,0.0,-inf,inf
4050,0.0,0.0,-inf,inf
4052,0.0,0.0,-inf,inf
4054,0.0,0.0,-inf,inf
4056,0.0,0.0,-inf,inf
4058,0.0,0.0,-inf,inf
4060,0.0,0.0,-inf,inf
4062,-1000.0,1000.0,-inf,inf
4063,-1000.0,1000.0,-inf,inf
4064,0.0,0.0,-inf,inf
4065,-1000.0,1000.0,-184.735082,1.596374
4066,-1000.0,1000.0,-0.0001,52.159271
4067,-1000.0,1000.0,-92.073093,111.328151
4068,0.0,0.0,-52.87845,52.87845
4069,0.0,0.0,-196.852978,149.051075
4070,0.0,0.0,-501.670232,383.61321
4071,0.0,0.0,-249.483403,334.908392
4072,0.0,0.0,-inf,inf
4073,0.0,0.0,-106.079978,98.531542
4074,-1000.0,1000.0,-157.606992,43.212895
4075,0.0,0.0,-164.260881,51.789492
4076,0.0,0.0,-126.941176,145.418415
4077,-1000.0,1000.0,-inf,inf
4078,0.0,0.0,-198.395899,88.218222
4079,0.0,0.0,-245.202328,-0.0001
4080,0.0,0.0,-166.026502,111.953041
4081,0.0,0.0,-296.105444,211.364983
4082,-1000.0,582.142754,-108.419429,65.834845
4083,-1000.0,1000.0,-139.543884,86.38642
4084,0.0,0.0,-116.836785,132.201932
4085,0.0,0.0,-196.813652,77.086682
4086,0.0,0.0,-247.984127,-61.336329
4087,0.0,0.0,-123.340208,123.339452
4088,0.0,0.0,-109.144654,109.144395
4089,0.0,0.0,-126.702519,126.70164
4090,0.0,0.0,-135.922577,135.921992
4091,0.0,0.0,-132.752474,132.751709
4092,-1000.0,1000.0,-135.215143,135.214982
4093,0.0,0.0,-inf,inf
4094,0.0,0.0,-66.215726,109.29359
4095,0.0,0.0,-125.741075,125.740055
4096,0.0,64.770956,-inf,inf
4098,1.3e-05,189.938387,-336.343823,-0.0001
4099,1.3e-05,189.938387,-441.106733,-0.0001
4100,-1000.0,1000.0,-inf,inf
4101,-1000.0,1000.0,-inf,inf
