rxn num,lv,uv,ldGr,udGr
0,-1000.0,1000.0,-inf,inf
1,-1000.0,1000.0,-inf,inf
2,-789.275977,0.0,-153.192601,100.543092
3,-1000.0,1000.0,-inf,inf
4,8.122629,66.244122,-inf,inf
6,0.918344,385.270427,-123.61508,-0.0001
7,-1000.0,998.023892,-251.002228,7.214249
8,0.0,1000.0,-765.654805,-468.283884
9,0.010989,167.863505,-278.765865,-0.0001
10,0.010989,167.863505,-150.209552,-0.0001
11,2.917552,637.672919,-77.121908,-0.0001
12,-999.999303,1000.0,-209.404263,68.799248
14,0.002088,352.643958,-109.630007,-0.0001
15,-996.323807,1000.0,-171.630701,10.004157
16,0.0,0.0,-390.905504,138.716796
17,0.0,0.0,-501.756652,-75.239808
18,-638.739243,-3.983876,0.0001,48.870695
19,-996.016124,996.542717,-209.89324,53.886509
20,-992.558841,1000.0,-228.670992,36.793904
21,-669.530851,1000.0,-116.60603,114.881225
22,3.619871,532.582676,-41.320232,-0.0001
23,-0.0,1000.0,-236.191437,28.013389
25,0.0,0.0,-66.683863,104.025497
26,-199.180041,1000.0,-131.258919,13.17944
27,0.0,1000.0,-145.291869,-29.31588
28,0.0,0.0,-146.527889,-17.430997
29,0.0,0.0,-145.585586,-29.026956
30,-0.0,1000.0,-176.820856,2.208528
31,0.0,0.0,-165.455206,-9.156677
32,0.021979,335.727011,-237.626401,-85.277946
33,3.676193,1000.0,-53.725046,-0.0001
34,3.676193,1000.0,-168.687581,-20.246087
35,-90.001891,90.001891,-130.207912,208.68938
36,-996.323807,1000.0,-171.807333,9.827513
37,0.0,0.0,-355.059517,32.879457
38,0.0,0.0,-182.756926,259.24068
39,0.066705,451.170342,-225.33319,-23.282565
40,-1000.0,1000.0,-168.910688,122.730111
41,0.066705,451.170342,-390.198756,-202.650674
42,0.0,0.0,-185.797398,169.694177
44,3.983876,638.739243,-146.733609,-0.0001
45,0.0,793.444209,-84.461,-0.0001
46,0.002088,352.643958,-158.365815,-0.0001
47,0.0,634.755367,-83.690123,-0.0001
48,3.676193,1000.0,-127.166957,-0.0001
49,0.000697,424.344488,-136.72632,-0.0001
50,0.000697,424.344488,-291.222668,-149.256297
51,-1000.0,1000.0,-92.703405,94.21936
52,0.0,0.0,-171.985877,82.516598
53,0.0,0.0,-247.77435,0.757969
54,0.0,634.755367,-86.019814,74.158315
55,0.0,0.0,-217.941765,16.22445
56,0.0,1000.0,-99.49624,136.935769
57,0.0,1000.0,-103.422107,122.677424
58,-1000.0,1000.0,-137.34903,44.839308
59,-1000.0,1000.0,-117.075704,24.566623
60,-1000.0,1000.0,-136.081062,43.57154
61,1.125351,296.180035,-251.397602,-0.0001
62,-442.063261,1000.0,-158.400719,157.775104
63,8.8e-05,634.755455,-120.967289,-0.0001
64,0.0,1000.0,-217.941766,16.224451
65,-0.0,1000.0,-133.138363,102.046099
66,-1000.0,996.830968,-213.604968,92.388406
67,0.0,0.0,-167.633015,137.609608
68,0.0,1000.0,-127.34191,28.490356
69,0.0,1000.0,-77.622142,70.047464
70,-1000.0,0.0,17.415435,253.621004
71,-1000.0,0.0,17.415035,262.819891
72,0.0,1000.0,-143.021033,32.716529
73,0.0,1000.0,-127.377134,-17.607002
74,-1000.0,0.0,-217.941766,16.224451
75,0.0,1000.0,-99.496241,136.93577
76,0.0,0.0,-140.505098,164.408607
77,-1000.0,1000.0,-64.980899,83.767622
78,7.443247,800.887456,-104.334061,-0.0001
79,7.443247,800.887456,-79.990756,-0.0001
80,0.0,0.0,-194.488096,190.479196
81,-1000.0,1000.0,-169.67436,116.679847
82,-1000.0,1000.0,-171.282326,118.287809
83,-1000.0,1000.0,-169.42993,116.435784
84,-996.323807,793.444209,-127.793563,182.221989
86,-1000.0,1000.0,-169.250871,116.256358
87,0.0,373.202185,-169.089738,116.095103
88,-1000.0,1000.0,-169.137205,116.142814
89,0.0,0.0,-228.684665,114.308547
90,-1000.0,1000.0,-211.005873,101.228475
91,0.0,1000.0,-234.198092,-12.157826
92,-1000.0,1000.0,-171.217695,90.320943
93,-1000.0,1000.0,-171.277193,159.530887
94,0.0,0.0,-171.217569,159.590472
95,-997.864821,1000.0,-79.29369,110.321834
96,-160.392404,0.0,-196.512625,103.34015
97,-1000.0,1000.0,-54.441641,53.092346
98,-997.864821,1000.0,-99.083212,93.942242
99,0.0,1000.0,-298.677089,-67.2094
100,0.0,1000.0,-211.770665,43.036417
101,-998.636251,374.227205,-211.899731,43.165482
102,-1000.0,1000.0,-215.18344,46.449192
103,-1000.0,1000.0,-212.423067,43.688819
104,-1000.0,1000.0,-212.814059,44.079872
105,-1000.0,1000.0,-212.11763,43.383503
106,-1000.0,1000.0,-226.995795,220.067914
107,-1000.0,1000.0,-226.623997,217.281077
108,-1000.0,1000.0,-225.187306,218.259913
109,-1000.0,1000.0,-255.638961,246.54604
110,-0.0,1000.0,-220.31214,213.384503
111,-1000.0,1000.0,-226.604051,219.676841
112,-999.594743,1000.0,-226.240275,216.89705
113,-1000.0,1000.0,-224.809478,217.88178
114,-1000.0,1000.0,-255.339428,246.246203
115,-1000.0,1000.0,-219.957904,213.030694
116,0.0,0.0,-inf,inf
117,-1000.0,1000.0,-281.203793,200.898553
118,-1000.0,1000.0,-110.058996,42.852229
119,-1000.0,1000.0,-281.184118,200.887934
120,-1000.0,1000.0,-152.103764,11.547099
121,-1000.0,1000.0,-281.192211,200.89115
122,-1000.0,1000.0,-79.23779,79.106965
123,0.0,1000.0,-203.983326,191.607941
124,0.0,0.0,-197.64382,228.014615
125,0.0,1000.0,-96.96091,-19.674319
126,-1000.0,1000.0,-94.470579,62.387827
127,-1000.0,1000.0,-93.67142,92.521761
128,-1000.0,1000.0,-124.324132,123.174633
129,1.125338,296.180022,-116.279914,-0.0001
130,-1000.0,1000.0,-85.989146,56.60963
131,-1000.0,1000.0,-256.489603,91.517264
132,1.310465,1000.0,-103.364368,-0.0001
133,0.0,0.0,-149.894053,-24.905668
134,-1000.0,1000.0,-106.502304,57.834221
135,3.821381,31.165284,-inf,inf
136,0.0,453.396691,-137.274853,115.404649
137,-1000.0,1000.0,-135.335988,116.062861
138,-0.0,1000.0,-136.966296,115.58236
139,-0.0,1000.0,-137.790411,115.7028
140,0.0,317.377683,-136.760145,117.866749
141,-1000.0,1000.0,-147.966547,104.751994
142,-1000.0,1000.0,-113.907152,129.947482
144,-1000.0,1000.0,-106.292882,148.851063
145,-1000.0,1000.0,-97.104014,159.464028
146,-1000.0,1000.0,-108.776624,137.806178
147,-1000.0,1000.0,-104.494837,152.534829
148,-1000.0,1000.0,-95.305968,163.147794
149,-1000.0,1000.0,-106.921611,141.432977
150,-583.908238,1000.0,-263.648663,1.567471
151,0.0,1000.0,-253.656828,-2.863132
152,0.0,1000.0,-296.908982,-31.283037
153,0.0,1000.0,-299.476136,-28.723365
154,-0.0,1000.0,-295.460339,-24.397251
155,-1000.0,1000.0,-85.02172,1.452896
156,0.0,1000.0,-297.859755,-21.998023
157,-1000.0,1000.0,-103.043655,151.109404
158,-1000.0,1000.0,-93.854788,161.72237
159,-1000.0,1000.0,-105.558382,140.095505
160,-1000.0,1000.0,-106.711127,149.154347
161,-1000.0,1000.0,-97.522258,159.767312
162,-1000.0,1000.0,-109.172767,138.087362
163,0.0,0.0,-266.500376,1.447126
164,-1000.0,1000.0,-102.742728,153.894842
165,-1000.0,1000.0,-93.55386,164.507808
166,0.0,120.295,-413.585618,-83.117209
167,-343.767457,0.0,-119.764876,54.697319
168,-329.01574,0.0,-142.974133,14.393081
169,-1000.0,1000.0,-504.378391,420.311766
170,0.0,0.0,-173.68966,228.214609
171,-1000.0,1000.0,-120.467139,20.775868
172,-1000.0,1000.0,-120.467459,20.775563
173,-998.499411,1000.0,-167.855082,64.09362
174,-264.481403,0.0,-119.185553,21.458272
175,0.0,0.0,-314.641939,175.994441
176,-1000.0,1000.0,-442.802214,132.014184
177,-1000.0,1000.0,-320.992104,20.07669
178,0.49056,1000.0,-134.32533,-0.0001
180,0.0,1000.0,-236.438004,-66.818984
181,-634.755367,0.0,-109.044759,134.82149
182,-1000.0,996.686018,-149.631658,16.769608
183,-997.864821,998.821196,-172.318051,147.569392
184,-997.864821,998.821196,-281.314006,121.801652
185,2.135179,17.413455,-inf,inf
186,0.0,0.0,-inf,inf
187,0.0,1000.0,-268.902642,-21.244948
188,2.1041,17.159989,-inf,inf
189,0.0,0.0,-inf,inf
190,1.178804,516.725817,-123.725197,-0.0001
191,-1000.0,1000.0,-76.174015,77.513196
192,-1000.0,1000.0,-86.512286,93.790858
193,-1000.0,1000.0,-81.47653,53.793029
194,-1000.0,1000.0,-86.512903,93.790242
195,-1000.0,1000.0,-135.932861,148.447525
196,2.641387,21.541837,-inf,inf
197,0.0,0.0,-inf,inf
198,0.0,1000.0,-48.862,109.323591
199,0.0,0.0,-inf,inf
200,0.0,0.0,-106.917363,206.696772
201,0.918344,385.270427,-153.013398,-0.0001
202,-1000.0,1000.0,-inf,inf
203,-1000.0,1000.0,-inf,inf
204,0.0,0.0,-252.192938,146.475441
205,0.0,0.0,-inf,inf
206,0.0,0.0,0.0001,108.81206
207,0.0,116.049212,-239.191547,212.299837
209,0.0,112.07819,-inf,inf
210,0.0,112.07819,-277.780666,206.899787
211,0.0,112.07819,-191.128829,242.171689
212,0.0,112.07819,-184.473764,235.274681
213,0.0,112.07819,-562.346212,-90.765374
214,0.0,112.07819,-594.089269,-121.629658
215,0.0,112.07819,-inf,inf
216,0.0,112.07819,-inf,inf
217,0.0,107.877739,-577.055063,-104.232956
218,0.0,109.118383,-161.960377,182.468189
219,-42.029186,109.301676,-233.201329,211.720533
220,0.0,0.0,-324.254538,208.818589
221,0.0,1000.0,-337.283884,-0.0001
222,-1000.0,1000.0,-205.735577,205.120976
223,-1000.0,1000.0,-206.012922,204.843641
224,-1000.0,1000.0,-189.71126,221.145312
225,0.0,1000.0,-223.59882,-52.661977
226,0.0,1000.0,-223.598681,-52.661838
227,0.0,1000.0,-481.45387,-159.766764
228,0.0,1000.0,-471.903987,-148.203229
229,0.0,1000.0,-482.561236,-158.65891
230,0.0,1000.0,-473.02457,-147.053489
231,-1000.0,1000.0,-222.693146,56.401517
232,-1000.0,1000.0,-223.61507,57.324212
233,-1000.0,1000.0,-188.737924,55.748578
234,-1000.0,1000.0,-222.846398,56.652807
235,0.0,1000.0,-470.979937,-149.097147
236,0.0,1000.0,-472.060165,-150.367592
237,0.0,1000.0,-482.679419,-160.266819
238,0.0,1000.0,-483.73877,-159.206003
239,0.0,0.0,-inf,inf
240,0.259457,2.116005,-inf,inf
241,-1000.0,1000.0,-257.655653,113.55608
242,-1000.0,1000.0,-164.899227,207.214445
243,3.184936,999.508743,-128.385907,-0.0001
244,3.676193,1000.0,-147.821955,-0.0001
246,0.0,0.0,-229.660638,93.649377
247,0.0,0.0,-250.857333,114.84595
248,0.0,0.0,-272.334923,136.323876
249,0.0,0.0,-293.965795,157.954198
250,0.0,0.0,-315.687911,179.677169
251,0.0,0.0,-337.470508,201.458545
252,0.0,0.0,-359.292618,223.281631
253,0.0,0.0,-381.144358,245.132884
254,0.0,0.0,-2474.894283,-1904.581914
255,0.0,0.0,1741.822304,2365.630943
256,0.0,0.0,-446.80846,310.797473
257,0.0,0.0,-468.720004,332.709506
258,0.0,0.0,-490.640436,354.628473
259,0.0,0.0,-512.566954,376.554991
260,0.0,0.0,-534.498455,398.487469
261,0.0,0.0,-556.434371,420.424362
262,0.0,0.0,-578.375626,442.363663
263,0.0,0.0,-600.319489,464.30655
264,0.0,0.0,-622.264949,486.253963
265,-1000.0,1000.0,-234.586543,27.621605
266,-1000.0,1000.0,-218.912294,43.29585
267,-1000.0,1000.0,-32.325593,68.44345
268,-1000.0,1000.0,-32.24362,68.525421
269,1.1e-05,64.770967,-679.194786,-0.0001
270,-1000.0,1000.0,-313.837852,20.871259
271,-1000.0,1000.0,-370.187991,216.089427
272,-1000.0,1000.0,-333.646109,179.161834
273,-999.585149,1000.0,-76.94794,78.844382
274,-1000.0,1000.0,-335.37726,177.108635
276,-1000.0,1000.0,-141.691632,45.327575
277,0.412753,3.366204,-inf,inf
278,-1000.0,1000.0,-282.300704,203.33742
279,-0.0,1000.0,-191.995116,80.769089
280,0.0,116.049212,-1554.433819,-700.055693
281,-1000.0,1000.0,-164.171092,203.049739
282,0.0,0.0,-301.60664,-72.385539
284,-1000.0,1000.0,-166.28562,77.690411
285,-1000.0,1000.0,-72.936142,64.196698
286,0.0,0.0,-149.537701,102.560283
287,-1000.0,999.973626,-282.88859,203.928405
288,-1000.0,1000.0,-283.030457,204.062716
289,0.0,240.588606,-281.500629,201.204094
291,-222.39455,1000.0,-125.946615,93.862691
293,0.0,0.0,-156.319316,15.761083
294,-999.997912,1000.0,-190.068304,69.727516
295,0.0,0.0,-311.97093,-11.601888
296,-1000.0,1000.0,-72.592245,113.617163
297,-1000.0,1000.0,-74.2123,115.238439
298,-1000.0,1000.0,-112.423333,71.301635
299,-1000.0,1000.0,-114.060531,72.937124
300,41.41199,315.973771,-144.67691,-0.0001
303,0.000697,120.295,-127.790834,-0.0001
304,0.0,120.295,-161.148676,68.45723
305,-516.725817,-1.178804,0.0001,9.985918
306,-999.999303,1000.0,-105.846779,130.201999
307,-999.999303,1000.0,-183.00323,89.861241
308,7.443247,800.887456,-78.217842,-0.0001
310,-1000.0,1000.0,-149.850696,13.006449
311,1.1e-05,233.419294,-190.450355,-0.0001
312,0.0,0.0,-123.96366,-15.549895
313,0.0,1000.0,-466.306105,-137.739394
314,-1000.0,0.0,21.082497,340.428649
315,0.0,0.0,-inf,inf
316,0.0,0.0,-inf,inf
317,7.714926,62.9191,-inf,inf
318,7.714926,62.9191,-inf,inf
319,0.0,1000.0,-122.488672,90.397301
320,0.0,1000.0,-209.954122,-41.432998
322,-1000.0,1000.0,-42.52208,55.157606
323,-1000.0,0.0,-238.25523,95.022336
324,0.0,1000.0,-173.548226,-17.613001
325,-528.962806,0.0,-inf,inf
326,0.0,0.0,0.0001,63.942686
327,-1000.0,1000.0,-174.175934,157.646286
328,-1000.0,1000.0,-174.367838,157.838129
329,-1000.0,1000.0,-175.023044,158.493335
330,-1000.0,1000.0,-174.086191,157.537038
331,-1000.0,1000.0,-174.650867,158.121036
332,1.1e-05,64.770967,-201.414322,-0.0001
333,-1000.0,0.0,-inf,inf
334,-1000.0,1000.0,-inf,inf
336,-999.99989,1000.0,-137.472319,133.760432
337,-1000.0,1000.0,-118.527426,254.714674
338,-1000.0,1000.0,-119.575717,238.905733
339,0.0,0.0,0.0001,127.957662
340,-1000.0,1000.0,-135.19067,107.59489
341,-1000.0,1000.0,-198.067822,147.877602
342,-1000.0,1000.0,-197.579619,177.700607
343,-0.0,1000.0,-138.311523,15.545403
344,-414.203604,1000.0,-115.157522,23.564582
345,-1000.0,1000.0,-72.223673,65.073965
346,-1000.0,1000.0,-62.145988,35.422747
347,-1000.0,1000.0,-62.154213,35.414523
348,1.178804,516.725817,-124.910891,-0.0001
349,0.0,1000.0,-285.015526,65.886007
350,-999.99989,1000.0,-268.204526,81.272926
351,0.0,0.0,-101.268383,98.528778
352,-528.962806,0.0,-144.185989,17.51127
353,-1000.0,999.700981,-78.098535,114.501253
354,1.1e-05,1000.0,-211.105419,-0.0001
355,0.0,0.0,-251.229282,85.139248
356,1.1e-05,233.419294,-209.436387,-0.0001
358,-1000.0,1000.0,-inf,inf
359,-1000.0,999.740543,-286.544221,185.715118
360,0.0,1000.0,-166.567464,77.369888
361,-1000.0,400.269754,-10.995018,47.970288
362,-1000.0,1000.0,-135.967061,132.133007
363,-1000.0,1000.0,-85.71178,70.920177
364,0.0,1000.0,-349.659588,-61.22735
365,-1000.0,1000.0,-220.072284,336.683695
366,-1000.0,1000.0,-171.037791,162.309798
367,-1000.0,1000.0,-168.75314,186.596028
368,-1000.0,1000.0,-305.613529,166.484456
369,-1000.0,1000.0,-333.187454,239.245904
370,-999.740543,1000.0,-112.739728,74.439758
371,1.551253,12.651246,-inf,inf
373,0.0,0.0,-inf,inf
374,-144.353164,1000.0,-154.340945,147.736878
375,0.0,1000.0,-146.800864,170.229612
376,0.0,1000.0,-352.775304,-122.17204
377,0.0,1000.0,-351.126274,-120.523002
378,1.1e-05,1000.0,-211.741545,-0.0001
380,-1000.0,1000.0,-107.742004,136.298993
382,-1000.0,1000.0,-116.168884,23.455104
383,-1000.0,1000.0,-110.556124,97.505057
384,-1000.0,1000.0,-106.803352,145.376372
385,-1000.0,1000.0,-97.505357,156.098464
386,-1000.0,1000.0,-279.553367,82.151952
387,1.125351,296.180035,-196.106419,-0.0001
389,-1000.0,1000.0,-372.854236,288.148055
391,-999.998912,1000.0,-144.812414,151.087447
392,-1000.0,1000.0,-64.641017,196.813069
393,-1000.0,1000.0,-183.807774,89.436639
394,-999.997824,1000.0,-199.277632,221.670152
395,-1000.0,1000.0,-337.977206,325.249702
396,-1000.0,1000.0,-266.004765,171.633568
397,-1000.0,1000.0,-352.438627,229.93153
398,-1000.0,1000.0,-inf,inf
399,-1000.0,1000.0,-inf,inf
400,3.118202,25.430503,-inf,inf
401,-0.0,1000.0,-330.943048,-32.799268
402,0.0,0.0,-354.974696,225.456069
403,0.0,0.0,-inf,inf
405,0.0,0.0,-inf,inf
406,0.0,0.0,-inf,inf
407,0.0,0.0,-inf,inf
408,0.000697,120.295,-241.631342,-12.210306
409,0.010989,167.863505,-340.521882,-99.70508
410,-252.548123,999.472533,-278.615977,207.944691
411,-999.472533,1000.0,-142.981654,75.783815
412,-1000.0,1000.0,-125.280414,93.200897
413,-999.96194,1000.0,-126.729968,123.98549
414,1.1e-05,64.770967,-inf,inf
415,1.1e-05,64.770967,-548.379812,-0.0001
416,0.0,0.0,-inf,inf
417,-1000.0,0.0,-151.111163,10.548086
418,-1000.0,1000.0,-151.074388,10.511804
419,-528.962806,0.0,-151.074388,10.511804
420,0.918344,385.270427,-368.343405,-0.0001
421,0.918344,385.270427,-146.555139,-0.0001
422,0.918344,385.270427,-110.995476,-0.0001
423,0.918344,7.489553,-inf,inf
424,0.0,0.0,-inf,inf
426,3.619871,532.582676,-58.535626,-0.0001
427,0.0,0.0,-212.168108,50.554058
428,0.0,1000.0,-280.665241,-121.775172
429,3.619871,532.582676,-151.912133,-0.0001
430,-1000.0,1000.0,-103.356813,149.605888
431,-1000.0,1000.0,-105.909767,138.630216
432,-1000.0,1000.0,-211.698954,67.189979
433,-1000.0,1000.0,-136.258329,115.372682
434,-1000.0,1000.0,-641.704661,173.68832
435,0.0,1000.0,-625.097233,209.970145
436,-1000.0,1000.0,-640.650188,194.417207
437,0.0,1000.0,-190.264207,-16.155035
439,0.0,0.0,-288.539336,145.899619
440,-1000.0,999.999987,-286.332691,147.225313
441,1.1e-05,64.770967,-1165.982242,-0.0001
442,3.3e-05,700.257883,-195.545143,-0.0001
443,3.3e-05,700.257883,-250.24395,-0.0001
444,-999.999987,1000.0,-197.01074,61.66081
445,-1000.0,1000.0,-110.598734,43.396145
446,0.918344,385.270427,-301.924814,-0.0001
447,0.918344,385.270427,-121.48956,-0.0001
448,0.527467,295.582151,-185.035273,-0.0001
449,0.49056,1000.0,-155.977567,-0.0001
450,0.0,315.933513,-86.452701,80.113388
451,0.0,1000.0,-126.22696,-16.853399
452,0.0,1000.0,-182.940001,-32.821758
453,2.043681,386.395765,-79.149127,-0.0001
454,0.0,1000.0,-175.4399,92.634295
455,-0.0,0.0,-168.031511,-0.0001
456,0.0,0.0,-167.958185,85.148792
457,-0.0,0.0,-162.879763,75.690987
459,-1000.0,1000.0,-161.212354,40.166119
460,-1000.0,1000.0,-162.721668,41.75964
461,-1000.0,1000.0,-162.456161,41.439821
462,-1000.0,1000.0,-164.038347,42.992606
463,-1000.0,1000.0,-159.95234,38.989578
464,-1000.0,1000.0,-161.510364,40.548578
465,-1000.0,1000.0,-161.157909,40.111802
466,-1000.0,1000.0,-162.652187,41.635603
467,-1000.0,1000.0,-160.064691,39.102186
468,-1000.0,1000.0,-161.57815,40.616865
469,-1000.0,1000.0,-168.653348,47.636283
471,-1000.0,1000.0,-169.327201,48.281226
472,-1000.0,1000.0,-170.652254,49.606523
473,-1000.0,1000.0,-167.7488,46.7016
474,0.0,1000.0,-169.038749,47.992892
475,-1000.0,1000.0,-168.161297,47.199193
477,-1000.0,1000.0,-167.182384,46.13571
478,-1000.0,1000.0,-168.456036,47.410796
480,0.0,0.0,-285.081332,-58.610254
482,0.0,0.0,-286.254604,-57.436465
483,0.0,0.0,-282.263252,-61.430399
484,0.0,0.0,-283.839955,-59.851621
485,0.0,0.0,-283.320453,-60.372084
486,0.0,0.0,-284.864992,-58.827057
487,0.0,0.0,-273.621107,-61.419618
488,0.0,0.0,-283.80992,-59.881869
489,0.0,0.0,-162.776227,38.517663
490,0.0,0.0,-164.454085,40.111169
491,0.0,0.0,-164.134252,39.791357
492,0.0,0.0,-165.686799,41.344149
493,0.0,0.0,-161.68475,37.341097
494,0.0,0.0,-163.242778,38.900102
495,0.0,0.0,-162.806533,38.463149
496,0.0,0.0,-164.330313,39.987174
497,0.0,0.0,-161.797103,37.453739
498,0.0,0.0,-163.310574,38.968431
499,0.0,0.0,-170.331464,-0.0001
500,0.0,0.0,-171.580386,47.32234
501,0.0,0.0,-170.975665,46.632789
502,0.0,0.0,-172.300695,47.958063
503,0.0,0.0,-169.397263,45.053152
504,0.0,0.0,-170.687191,46.344422
505,0.0,0.0,-169.893979,45.550523
506,0.0,0.0,-171.180419,46.837207
507,0.0,0.0,-168.830818,44.487251
508,0.0,0.0,-170.104568,45.762312
510,0.0,1000.0,-253.572816,-27.101773
511,0.0,1000.0,-253.174832,-27.500236
512,0.0,1000.0,-254.746106,-25.927985
513,0.0,1000.0,-250.754746,-29.921915
514,0.0,1000.0,-252.331473,-28.343112
515,0.0,1000.0,-251.811701,-28.863368
516,0.0,1000.0,-253.356497,-27.318572
517,0.0,1000.0,-250.76516,-29.911125
518,0.0,1000.0,-252.301434,-28.373387
519,0.0,1000.0,-175.024154,-14.026264
520,0.0,1000.0,-176.388092,-11.958652
521,-1000.0,1000.0,-152.90997,130.136933
522,-1000.0,1000.0,-159.323753,125.277417
523,-1000.0,1000.0,-162.917919,125.226042
524,0.0,1000.0,-80.433824,62.617936
525,-1000.0,997.082448,-97.819525,94.481542
526,-1000.0,997.082448,-97.819815,94.481253
527,2.917552,23.794103,-inf,inf
528,0.0,0.0,-inf,inf
529,1.1e-05,233.419294,-70.104805,-0.0001
530,0.0,0.0,-159.782479,175.903038
531,2.917552,637.672919,-104.021978,-0.0001
532,0.0,999.50944,-213.296897,-32.928465
533,0.066705,451.170342,-485.759565,-178.669123
534,0.0,0.0,-249.898385,10.576406
535,0.0,0.0,-293.511524,-27.401382
536,-1000.0,1000.0,-87.255009,93.036451
537,-1000.0,1000.0,-92.258713,50.760584
538,-1000.0,1000.0,-143.337966,103.390993
539,3.619871,532.582676,-170.157918,-0.0001
540,-1000.0,1000.0,-306.189654,165.877065
541,-1000.0,1000.0,-306.218371,165.848348
542,-1000.0,1000.0,-92.227069,92.259452
543,-1000.0,1000.0,-92.210959,92.275562
544,-1000.0,1000.0,-92.217464,92.269059
545,-1000.0,1000.0,-inf,inf
546,0.0,1000.0,-93.232671,152.845386
547,-1000.0,1000.0,-312.166379,159.578546
548,0.0,0.0,-132.425458,114.779489
549,0.0,0.0,-148.615366,103.539093
550,-1000.0,1000.0,-304.390651,167.492096
551,-997.082448,1000.0,-319.35533,152.527416
552,0.066705,999.576145,-421.049053,-247.28358
554,0.0,1000.0,-264.239874,-1.762669
556,0.0,116.596321,-290.130527,79.781405
557,-532.946682,-3.983876,0.0001,95.008531
558,0.0,0.0,-92.786345,95.010055
559,3.983876,32.490512,-inf,inf
560,0.0,0.0,-inf,inf
561,0.0,0.0,-111.77436,77.361232
562,0.0,0.0,-111.774419,77.361169
565,0.0,0.0,-124.319164,66.920619
566,0.0,0.0,-124.319166,66.920621
567,3.619871,29.521863,-inf,inf
568,0.0,0.0,-inf,inf
569,-1000.0,1000.0,-149.428825,104.140944
570,-1000.0,1000.0,-23.029459,113.340009
571,-1000.0,1000.0,-141.378152,112.191592
572,-1000.0,1000.0,-226.888997,33.728018
573,-1000.0,1000.0,-229.984511,32.317649
575,-1000.0,1000.0,-140.193664,139.953408
576,0.0,0.0,-146.351638,252.120723
577,-196.367954,211.22948,-90.687061,127.080588
578,-512.09176,196.367954,-47.444313,47.970284
579,-1000.0,1000.0,-172.523462,54.132729
580,-996.830968,1000.0,-169.229684,55.741393
581,-442.95886,1000.0,-258.575775,68.280419
582,-442.063261,1000.0,-168.018351,137.994799
583,0.0,0.0,-352.619061,231.830132
584,0.8956,7.304067,-inf,inf
585,0.0,0.0,-inf,inf
586,-1000.0,1000.0,-153.382973,161.113073
587,-1000.0,1000.0,-162.437624,151.164715
588,-1000.0,1000.0,-154.86184,162.28326
589,-1000.0,1000.0,-90.836072,53.401462
590,-1000.0,1000.0,-164.8814,25.379732
591,-999.973626,1000.0,-177.800876,67.63456
592,-1000.0,1000.0,-37.260351,77.943712
593,-1000.0,1000.0,-176.795738,66.629142
594,3.3e-05,700.257883,-229.585683,-0.0001
595,-1000.0,1000.0,-195.981048,90.876482
596,-1000.0,1000.0,-197.180567,91.967689
597,-1000.0,1000.0,-196.644231,91.430851
598,-1000.0,1000.0,-197.732108,92.519461
599,-1000.0,1000.0,-195.22727,90.122078
600,-1000.0,1000.0,-196.383326,91.170188
601,-1000.0,1000.0,-195.766858,90.553479
602,-1000.0,1000.0,-196.814485,91.601351
603,-1000.0,1000.0,-194.903883,89.689774
604,-1000.0,1000.0,-195.932717,90.718852
605,-417.029448,1000.0,-135.955525,17.82676
606,-417.029448,494.548929,-57.752223,49.982701
607,-997.864821,1000.0,-126.946012,173.570276
608,0.259457,2.116005,-212.766461,-0.0001
609,0.0,453.396691,-216.803075,45.75234
610,0.066705,999.576145,-191.129578,-0.0001
611,0.0,158.688842,-243.427483,-0.0001
612,0.0,0.0,-267.416382,-41.796107
613,-999.964065,1000.0,-174.583698,51.264763
614,-1000.0,1000.0,-192.800987,50.911369
615,0.0,0.0,-215.368996,-2.118523
616,-999.933282,1000.0,-268.399975,31.024707
617,-1000.0,1000.0,-270.085088,100.294113
618,-1000.0,1000.0,-inf,inf
619,-999.964065,1000.0,-174.583898,51.093654
620,-1000.0,1000.0,-192.629949,63.806464
621,-1000.0,1000.0,-294.13447,247.356859
622,-999.933282,1000.0,-232.895925,47.875113
623,-1000.0,999.933295,-248.021293,102.019171
624,-999.999987,999.933295,-95.539733,143.933466
625,0.0,0.0,-188.039497,190.153897
626,-999.933282,1000.0,-86.385536,86.981942
627,-1000.0,1000.0,-86.385534,167.661242
628,-999.933282,1000.0,-82.725474,79.171829
629,-999.933295,1000.0,-84.953108,164.323855
630,-999.933295,1000.0,-67.249532,224.196205
631,0.0,1000.0,-175.432531,-25.294297
633,-0.0,1000.0,-195.303902,-5.41736
634,0.0,1000.0,-192.323815,-0.752152
635,0.0,1000.0,-196.576038,-4.15408
636,0.0,1000.0,-176.23518,-24.480925
637,-1000.0,1000.0,-111.930218,82.594866
638,-1000.0,1000.0,-97.734764,68.399726
640,-1000.0,1000.0,-124.51266,95.177332
641,0.0,1000.0,-121.342585,92.007022
642,-0.0,1000.0,-123.805212,94.470338
643,-1000.0,1000.0,-92.571766,63.236959
644,-999.960439,1000.0,-97.883979,68.549162
645,-1000.0,1000.0,-114.331201,84.995391
646,-1000.0,1000.0,-210.321864,6.847158
647,0.0,1000.0,-197.090255,-6.384252
648,0.0,1000.0,-198.33711,-5.137118
649,-0.0,1000.0,-177.973588,-25.501184
650,-1000.0,1000.0,-206.060276,13.000916
651,-1000.0,1000.0,-110.700253,81.365181
652,0.0,0.0,-212.006667,29.287263
653,-999.1044,1000.0,-142.687274,52.049614
654,-1000.0,1000.0,-243.110029,69.332572
655,-997.864821,998.821196,-172.367868,15.301267
656,0.0,635.935137,-203.435933,191.490988
657,-997.864821,1000.0,-97.989444,98.163438
658,-1000.0,997.864821,-92.189519,97.173115
659,-516.725817,-1.178804,0.0001,104.90845
660,1.178804,516.725817,-84.351459,-0.0001
661,-1000.0,1000.0,-134.437444,135.984049
662,-1000.0,1000.0,-100.266183,141.071805
663,-999.997912,1000.0,-90.251429,86.212615
664,0.002088,0.01607,-175.657658,-0.0001
665,0.002088,352.643958,-242.975859,-0.0001
666,0.0,1000.0,-216.60252,6.459778
667,-1000.0,1000.0,-216.79583,6.65315
668,-1000.0,1000.0,-217.455945,7.313265
669,-1000.0,1000.0,-217.080876,6.938318
670,-1000.0,1000.0,-217.918379,7.775821
671,-1000.0,1000.0,-216.492505,6.369268
672,-1000.0,1000.0,-98.898774,91.195269
673,1.83297,14.948794,-inf,inf
674,0.0,0.0,-inf,inf
675,0.0,396.722104,-86.736285,80.397093
676,1.125351,296.180035,-222.527902,-0.0001
677,0.259457,2.116005,-56.185094,-0.0001
678,1.310465,1000.0,-555.846598,-0.0001
679,-1000.0,1000.0,-125.328827,70.506452
680,-1000.0,0.0,-122.086401,158.65734
681,-1000.0,1000.0,-58.424648,10.608365
682,-1000.0,1000.0,-28.770719,54.718565
683,-528.962806,1000.0,-158.709407,125.765219
685,-1000.0,1000.0,-136.362542,116.009766
686,-1000.0,1000.0,-81.162604,71.623736
687,-1000.0,1000.0,-43.719235,24.402164
688,-512.09176,196.367954,-54.718567,40.830701
689,-999.999987,1000.0,-141.168254,108.591678
690,3.3e-05,700.257883,-106.292557,-0.0001
692,0.002088,0.016102,-116.685767,-0.0001
693,-1000.0,1000.0,-54.86985,40.98233
694,1.125338,296.180022,-263.54337,-0.0001
695,0.918344,385.270427,-148.476572,-0.0001
696,0.918344,385.270427,-252.583852,-0.0001
697,1.125338,296.180022,-124.569621,-0.0001
698,2.043681,386.395765,-160.715773,-0.0001
699,0.49056,1000.0,-86.941926,-0.0001
700,1.125351,296.180035,-221.136069,-0.0001
701,1.125351,296.180035,-195.178803,-0.0001
702,-1000.0,1000.0,-144.788397,18.149266
703,-1000.0,1000.0,-115.601383,24.107021
704,-1000.0,1000.0,-101.036218,81.083251
705,-1000.0,1000.0,-71.301635,112.423333
706,-1000.0,1000.0,-72.937124,114.060531
708,0.0,1000.0,-473.026578,-168.290836
709,0.0,0.0,-388.168555,92.65497
710,4.4e-05,259.083867,-173.200231,-0.0001
711,-583.908238,1000.0,-457.220913,161.166454
712,-583.908238,1000.0,-539.780058,243.793645
713,1.83297,398.555075,-258.33457,-47.284326
714,1.351966,997.675773,-307.504147,-0.0001
715,-999.99989,998.023892,-137.409783,204.304003
716,1.976108,16.116154,-inf,inf
717,5e-06,32.385483,-1625.836199,-395.645099
718,-1000.0,999.933282,-178.44235,71.325819
719,-1000.0,1000.0,-114.16159,133.402994
720,0.0,0.0,-114.546735,133.017842
721,-1000.0,1000.0,-81.273108,100.519111
722,-1000.0,0.0,63.939216,677.452086
723,-1000.0,0.0,-459.949424,133.756585
724,-1000.0,1000.0,-263.409872,23.817268
725,-1000.0,1000.0,-260.603147,21.080748
726,-998.023892,1000.0,-102.779523,152.718123
727,-1000.0,1000.0,-183.258544,60.460516
728,-1000.0,1000.0,-82.901998,69.661558
729,-1000.0,1000.0,-95.916112,101.462396
730,-1000.0,1000.0,-209.200298,128.974412
731,-1000.0,1000.0,-52.282465,109.721512
732,0.0,0.0,-595.300885,-59.083087
733,-1000.0,1000.0,-inf,inf
734,-999.99989,1000.0,-230.359084,90.043308
735,-1000.0,1000.0,-248.195027,102.966233
736,0.021979,335.727011,-279.763992,-0.0001
737,0.010989,167.863505,-254.051293,-0.0001
738,-1000.0,1000.0,-151.05496,10.492723
739,-999.96194,1000.0,-448.299968,385.644699
740,-1000.0,1000.0,-449.323961,425.757055
741,-1000.0,1000.0,-450.373627,426.764228
742,-1000.0,1000.0,-449.275746,425.671097
743,-999.960439,1000.0,-448.300168,424.691753
744,-999.960439,1000.0,-448.300179,426.376859
745,-999.934064,1000.0,-449.324361,425.715639
746,-1000.0,1000.0,-449.324373,427.400745
747,-999.960439,1000.0,-450.370189,426.761244
748,-1000.0,1000.0,-450.3702,428.44635
749,-207.8472,1000.0,-52.862389,43.163753
750,-999.933282,1000.0,-182.232527,40.066086
751,-1000.0,874.491888,-48.408942,48.408942
752,0.0,0.0,-347.979203,178.339877
753,0.0,109.118383,-335.156247,151.496879
754,0.0,0.0,-201.765801,-20.33885
755,3.619871,532.582676,-191.206495,-0.0001
756,3.619871,532.582676,-109.296003,-0.0001
757,-1000.0,1000.0,-78.072333,62.030481
758,-1000.0,1000.0,-136.434845,114.581883
759,-90.001891,90.001891,-180.112752,199.99879
760,3.05201,24.890673,-inf,inf
761,3.676193,1000.0,-98.046203,-0.0001
762,3.676193,1000.0,-153.532208,-0.0001
763,0.0,0.0,-433.618268,171.080062
764,0.0,0.0,-31.124824,602.576101
765,-1000.0,1000.0,-267.84411,80.899289
766,0.0,400.303586,-398.293047,253.068569
767,0.0,1000.0,-463.531512,318.239384
768,0.0,0.0,-154.837149,106.812548
769,-1000.0,1000.0,-124.550841,32.538362
770,-1000.0,1000.0,-126.189355,34.188192
771,-1000.0,1000.0,-161.349806,48.202378
772,-1000.0,1000.0,-162.927905,49.76916
773,0.0,0.0,-50.290413,50.186277
774,0.0,0.0,-50.266284,50.210405
775,0.0,0.0,-550.710434,-66.865874
776,0.0,116.709642,-551.445374,-66.130728
777,0.0,116.704701,-423.967367,74.970864
778,-1000.0,1000.0,-269.401226,253.509324
779,-1000.0,1000.0,-167.655085,164.771345
780,-1000.0,1000.0,-246.728426,4.441326
781,-264.481403,0.0,-128.873042,11.346441
782,1.310465,1000.0,-10.599931,-0.0001
783,0.0,998.689535,-110.436253,-0.437162
784,1.310465,1000.0,-228.979513,-0.0001
785,0.0,0.0,-inf,inf
786,0.0,0.0,-729.817751,-227.935315
787,-1000.0,1000.0,-171.655926,55.153402
790,-180.441455,0.0,-inf,inf
791,-999.999987,1000.0,-inf,inf
792,0.0,0.0,-255.087545,226.594546
793,-999.999987,1000.0,-220.441386,241.51378
794,-1000.0,1000.0,-641.704672,193.362706
795,-1000.0,1000.0,-442.66414,420.864564
796,0.0,1000.0,-450.082455,416.989017
797,-1000.0,1000.0,-92.258714,50.760585
798,-1000.0,1000.0,-179.799827,78.518115
799,2.584386,21.076969,-inf,inf
800,0.0,0.0,-inf,inf
801,0.039561,315.973074,-189.452054,-0.0001
802,0.0,0.0,-189.631015,165.456494
803,0.0,0.0,-273.350096,135.308691
804,-1000.0,1000.0,-91.623078,87.446495
805,-672.108656,665.399415,-83.101098,95.493152
806,-1000.0,329.615286,-97.460362,81.342752
807,-998.499411,1000.0,-117.888162,25.379768
808,-1000.0,1000.0,-41.993938,52.466001
809,0.49056,1000.0,-113.738039,-0.0001
810,-1000.0,1000.0,-99.693926,88.879755
811,0.423855,3.456752,-inf,inf
812,0.0,0.0,-inf,inf
813,-1000.0,1000.0,-92.542148,100.23933
814,-1000.0,1000.0,-92.549433,100.232043
815,1.351966,11.025958,-inf,inf
816,0.0,0.0,-inf,inf
818,0.259457,2.116005,-81.981871,-0.0001
819,0.0,528.962806,-71.162697,71.162697
820,-1000.0,1000.0,-111.26247,111.26247
821,-999.458489,1000.0,-111.673152,79.584834
822,-999.458489,1000.0,-111.67321,108.919561
823,-1000.0,1000.0,-118.163418,73.527862
824,-1000.0,1000.0,-207.164533,60.796173
825,-1000.0,1000.0,-530.619524,383.486256
826,-1000.0,1000.0,-170.651699,22.312694
827,-1000.0,1000.0,-191.29696,80.070733
828,-1000.0,1000.0,-115.298925,83.207829
829,-1000.0,1000.0,-115.298919,112.542613
830,1.1e-05,64.770967,-399.9158,-0.0001
831,0.0,0.0,-461.025519,393.27474
832,1.1e-05,64.770967,-369.098411,-0.0001
833,-1000.0,1000.0,-78.098635,114.501249
834,-1000.0,1000.0,-inf,inf
835,-1000.0,1000.0,-inf,inf
837,-1000.0,992.558841,-96.941998,94.643962
838,3.457283,28.195879,-inf,inf
840,-295.582151,999.472533,-110.468858,47.224441
842,-634.755367,0.0,-103.555165,140.277855
843,-634.755367,0.0,-147.964363,14.673087
844,0.0,0.0,-61.845593,125.554558
845,-528.962806,0.0,-inf,inf
846,0.0,789.275977,-inf,inf
847,0.0,453.396691,-inf,inf
848,3.619871,532.582676,-inf,inf
849,0.0,0.0,-inf,inf
850,-793.444209,0.0,-inf,inf
851,-634.755367,0.0,-inf,inf
852,-120.294303,0.0,-inf,inf
853,0.0,0.0,-inf,inf
854,0.0,1000.0,-inf,inf
855,0.0,793.444209,-inf,inf
856,-252.020656,0.0,-inf,inf
857,-222.368176,0.0,-inf,inf
858,-1000.0,1000.0,-inf,inf
860,-1000.0,1000.0,-inf,inf
861,-343.767457,0.0,-inf,inf
862,-329.01574,0.0,-inf,inf
863,-1000.0,1000.0,-inf,inf
864,-1000.0,1000.0,-inf,inf
865,-1000.0,1000.0,-inf,inf
866,0.0,0.0,-inf,inf
867,-1000.0,1000.0,-inf,inf
868,-1000.0,1000.0,-inf,inf
869,-1000.0,1000.0,-inf,inf
872,-1000.0,1000.0,-inf,inf
873,-1000.0,1000.0,-inf,inf
874,-1000.0,996.323807,-inf,inf
875,-1000.0,1000.0,-110.273098,110.350072
876,-1000.0,1000.0,-inf,inf
877,-1000.0,1000.0,-inf,inf
878,-0.0,1000.0,-inf,inf
879,-313.811226,0.0,-inf,inf
880,-70.721319,0.0,-inf,inf
881,-528.962806,0.0,-inf,inf
882,-528.962806,0.0,-inf,inf
883,-1000.0,0.0,-inf,inf
884,0.0,1000.0,-inf,inf
885,-1000.0,1000.0,-inf,inf
886,-528.962806,0.0,-inf,inf
887,-103.006469,0.0,-inf,inf
888,-136.467017,0.0,-inf,inf
889,0.0,0.0,-inf,inf
890,-1000.0,0.0,-inf,inf
891,-999.99989,1000.0,-inf,inf
892,-103.006469,0.0,-inf,inf
893,0.0,0.0,-inf,inf
894,0.0,0.0,-inf,inf
895,-1000.0,1000.0,-inf,inf
896,0.0,1.0,-inf,inf
897,-300.46092,0.0,-inf,inf
898,-1000.0,1000.0,-inf,inf
899,-352.64187,0.0,-inf,inf
900,-91.787205,0.0,-inf,inf
901,-1000.0,1000.0,-inf,inf
902,-1000.0,1000.0,-inf,inf
903,-1000.0,0.0,-inf,inf
904,-1000.0,1000.0,-inf,inf
905,-1000.0,1000.0,-inf,inf
906,-252.020656,0.0,-inf,inf
907,-528.962806,0.0,-inf,inf
908,0.000345,64.771301,-inf,inf
909,1.1e-05,64.770967,-inf,inf
910,0.0,453.396691,-inf,inf
911,0.0,528.962806,-inf,inf
912,0.0,0.0,-inf,inf
913,-1000.0,0.0,-inf,inf
914,-340.698714,0.0,-inf,inf
915,-1000.0,1000.0,-inf,inf
916,-1000.0,1000.0,-inf,inf
917,-1000.0,1000.0,-inf,inf
918,-1000.0,1000.0,-inf,inf
919,-196.965904,0.0,-inf,inf
920,-1000.0,1000.0,-inf,inf
921,0.0,0.0,-inf,inf
922,-983.850086,0.0,-inf,inf
923,0.0,0.0,-inf,inf
924,-1000.0,1000.0,-inf,inf
925,-453.396691,0.0,-inf,inf
926,-634.755367,0.0,-inf,inf
927,-1000.0,1000.0,-inf,inf
928,-1000.0,1000.0,-inf,inf
929,-583.544747,0.0,-inf,inf
930,-1000.0,1000.0,-inf,inf
931,-384.352083,0.0,-inf,inf
932,-1000.0,1000.0,-inf,inf
933,-1000.0,1000.0,-inf,inf
934,-1000.0,1000.0,-inf,inf
935,-528.962806,0.0,-inf,inf
937,-1000.0,0.0,-inf,inf
938,-1000.0,1000.0,-inf,inf
939,-1000.0,1000.0,-inf,inf
940,-1000.0,1000.0,-inf,inf
941,-528.962806,0.0,-inf,inf
942,-1000.0,1000.0,-inf,inf
943,-528.962806,0.0,-inf,inf
944,-619.111643,0.0,-inf,inf
945,-352.64187,0.0,-inf,inf
946,-634.755367,0.0,-inf,inf
947,-1000.0,0.0,-inf,inf
948,-793.444209,0.0,-inf,inf
949,-267.271092,0.0,-inf,inf
950,-1000.0,1000.0,-inf,inf
951,-1000.0,1000.0,-inf,inf
952,-1000.0,1000.0,-inf,inf
953,-352.64187,0.0,-inf,inf
954,-634.755367,0.0,-inf,inf
955,-104.244404,0.0,-inf,inf
956,-1000.0,1000.0,-inf,inf
957,-264.481403,0.0,-inf,inf
958,0.0,158.688842,-inf,inf
959,-999.997802,1000.0,-inf,inf
960,0.0,0.0,-inf,inf
961,-999.999303,1000.0,-inf,inf
962,0.0,0.0,-inf,inf
963,-451.103637,0.0,-inf,inf
964,-1000.0,1000.0,-inf,inf
965,-997.864821,1000.0,-inf,inf
966,-583.908238,0.0,-inf,inf
967,-1000.0,1000.0,-inf,inf
968,-352.64187,0.0,-inf,inf
969,0.0,0.0,-inf,inf
970,0.0,317.377683,-inf,inf
971,-1000.0,1000.0,-inf,inf
972,-1000.0,1000.0,-inf,inf
973,0.039891,0.324678,-inf,inf
974,-1000.0,1000.0,-inf,inf
975,-0.0,1000.0,-inf,inf
976,0.0,0.0,-inf,inf
977,-396.722104,0.0,-inf,inf
978,-1000.0,0.0,-inf,inf
979,-167.852516,0.0,-inf,inf
980,0.0,0.0,-inf,inf
981,0.0,0.0,-inf,inf
982,-1000.0,999.956372,-inf,inf
983,-1000.0,1000.0,-inf,inf
984,-1000.0,1000.0,-inf,inf
986,-291.954119,0.0,-inf,inf
987,0.0,0.0,-inf,inf
989,-1000.0,1000.0,-inf,inf
990,1.53025,1000.0,-inf,inf
991,0.0,998.46975,-inf,inf
992,0.0,0.0,-inf,inf
993,0.0,0.0,-inf,inf
995,0.0,0.0,-inf,inf
997,-740.522317,0.0,-inf,inf
998,-340.108149,0.0,-inf,inf
999,-1000.0,1000.0,-inf,inf
1000,0.0,1000.0,-inf,inf
1001,-1000.0,1000.0,-inf,inf
1002,-106.295832,0.0,-inf,inf
1003,-1000.0,1000.0,-inf,inf
1004,-1000.0,1000.0,-inf,inf
1005,-1000.0,1000.0,-inf,inf
1006,-1000.0,1000.0,-inf,inf
1007,-1000.0,1000.0,-inf,inf
1008,381.870897,1000.0,-inf,inf
1009,-1000.0,1000.0,-inf,inf
1010,-1000.0,1000.0,-inf,inf
1011,-1000.0,1000.0,-inf,inf
1012,-1000.0,1000.0,-inf,inf
1013,-1000.0,1000.0,-inf,inf
1014,-1000.0,1000.0,-inf,inf
1015,-1000.0,1000.0,-inf,inf
1016,-1000.0,1000.0,-inf,inf
1017,-1000.0,1000.0,-inf,inf
1018,-1000.0,1000.0,-inf,inf
1019,-1000.0,1000.0,-inf,inf
1020,-1000.0,1000.0,-inf,inf
1021,-1000.0,1000.0,-inf,inf
1022,-1000.0,1000.0,-inf,inf
1023,-1000.0,1000.0,-inf,inf
1024,-1000.0,1000.0,-inf,inf
1025,-1000.0,1000.0,-inf,inf
1026,-1000.0,1000.0,-inf,inf
1027,-1000.0,1000.0,-inf,inf
1028,-1000.0,1000.0,-inf,inf
1029,-1000.0,1000.0,-inf,inf
1030,-1000.0,1000.0,-inf,inf
1031,-1000.0,1000.0,-inf,inf
1032,-1000.0,1000.0,-inf,inf
1034,0.0,0.0,-inf,inf
1045,1000.0,1000.0,-inf,inf
1046,0.0,1000.0,-inf,inf
1051,-1000.0,996.323807,-inf,inf
1052,-352.643958,-0.002088,-inf,inf
1054,0.0,453.396691,-inf,inf
1055,-1000.0,992.558841,-inf,inf
1056,0.0,619.111643,-inf,inf
1059,0.0,634.755367,-inf,inf
1060,-1000.0,1000.0,-inf,inf
1063,0.0,793.444209,-inf,inf
1064,-1000.0,1000.0,-inf,inf
1065,-997.082448,1000.0,-inf,inf
1067,0.0,0.0,-inf,inf
1068,-297.846145,1000.0,-inf,inf
1071,-1000.0,1000.0,-inf,inf
1072,0.0,0.0,-inf,inf
1073,-156.015723,997.082448,-inf,inf
1074,-528.962806,0.0,-inf,inf
1076,269.002081,634.755367,-inf,inf
1077,-1000.0,1000.0,-inf,inf
1078,0.0,0.0,-inf,inf
1079,1.3e-05,189.938387,-inf,inf
1081,0.0,424.343791,-inf,inf
1082,0.000697,120.295,-inf,inf
1083,-1000.0,1000.0,-inf,inf
1084,-1000.0,1000.0,-inf,inf
1085,-1000.0,1000.0,-inf,inf
1086,-1000.0,1000.0,-inf,inf
1087,0.0,0.0,-inf,inf
1088,-1000.0,1000.0,-116.274408,23.76045
1089,0.0,240.588606,-122.94177,30.42358
1090,-1000.0,1000.0,-140.752525,48.238446
1091,0.0,222.368176,-150.685315,58.171874
1092,0.0,1000.0,-147.168819,54.655107
1093,-999.973626,1000.0,-139.768506,47.254682
1094,-1000.0,1000.0,-150.028406,57.519174
1095,0.0,240.588606,-119.020031,26.511567
1097,-634.655005,-8.8e-05,-inf,inf
1098,-1000.0,1000.0,-228.166229,107.161932
1099,-996.830968,1000.0,-275.440548,40.735695
1102,0.0,0.0,-inf,inf
1106,-1000.0,1000.0,-inf,inf
1107,-1000.0,0.0,-inf,inf
1109,0.0,0.0,-inf,inf
1111,-1000.0,1000.0,-inf,inf
1115,-999.997802,0.0,-inf,inf
1117,-999.960439,1000.0,-inf,inf
1118,-1000.0,1000.0,-inf,inf
1119,-1000.0,1000.0,-inf,inf
1124,-1000.0,1000.0,-inf,inf
1126,-1000.0,1000.0,-inf,inf
1127,0.0,0.0,-inf,inf
1128,0.0,0.0,-inf,inf
1129,-1000.0,1000.0,-inf,inf
1130,-1000.0,1000.0,-inf,inf
1131,-1000.0,1000.0,-inf,inf
1133,0.0,0.0,-130.534295,-16.947451
1134,0.0,1000.0,-113.950093,-0.363249
1135,-0.0,1000.0,-112.264975,-0.363249
1136,0.0,0.0,-112.903071,0.683773
1137,-999.933282,0.0,-inf,inf
1140,-1000.0,1000.0,-inf,inf
1141,-1000.0,1000.0,-inf,inf
1142,-1000.0,1000.0,-inf,inf
1143,-1000.0,1000.0,-inf,inf
1144,-1000.0,1000.0,-inf,inf
1145,-1000.0,1000.0,-inf,inf
1147,-1000.0,1000.0,-inf,inf
1148,1000.0,1000.0,-inf,inf
1149,0.0,109.93558,-655.978468,-127.924074
1152,0.0,0.0,-298.67651,-122.193741
1153,-528.962806,0.0,-inf,inf
1156,-1000.0,1000.0,-inf,inf
1157,-1000.0,1000.0,-146.326985,37.636494
1158,-90.001891,90.001891,-inf,inf
1159,-999.933282,0.0,-inf,inf
1160,-1000.0,1000.0,-inf,inf
1161,0.0,1000.0,-inf,inf
1162,0.0,1000.0,-inf,inf
1164,0.0,0.0,-inf,inf
1165,-1000.0,1000.0,-inf,inf
1167,-1000.0,1000.0,-112.918441,80.83898
1168,-1000.0,1000.0,-116.271012,84.187258
1171,-634.755367,0.0,-inf,inf
1172,-996.323807,1000.0,-inf,inf
1177,-136.474281,0.0,-inf,inf
1181,-528.962806,0.0,-inf,inf
1183,-634.755367,0.0,-inf,inf
1184,-1000.0,1000.0,-inf,inf
1185,-1000.0,1000.0,-inf,inf
1186,0.0,1000.0,-281.223207,161.590799
1187,-1000.0,999.96194,-281.558339,201.246812
1189,-1000.0,1000.0,-281.527054,201.215306
1190,-1000.0,1000.0,-inf,inf
1192,-222.368176,0.0,-inf,inf
1193,-240.628168,999.960439,-98.810794,66.723783
1195,-313.770615,0.0,-inf,inf
1196,-222.368176,0.0,-inf,inf
1197,-240.588606,0.0,-inf,inf
1198,-1000.0,1000.0,-174.285954,33.729154
1199,-340.108149,0.0,-inf,inf
1200,-999.997912,1000.0,-172.04496,56.991945
1201,-1000.0,1000.0,-inf,inf
1202,0.000697,120.295,-inf,inf
1204,0.0,0.0,-inf,inf
1205,0.0,120.295,-230.91263,-20.293617
1206,-120.295,-0.000697,-inf,inf
1208,-1000.0,1000.0,-inf,inf
1209,-62.9191,-7.714926,-inf,inf
1211,-257.773507,0.0,-inf,inf
1212,-999.960439,1000.0,-inf,inf
1213,-1000.0,1000.0,-inf,inf
1215,-42.029186,109.301676,-inf,inf
1217,-1000.0,1000.0,-inf,inf
1220,0.0,1000.0,-inf,inf
1221,-1000.0,1000.0,-inf,inf
1224,1.1e-05,64.770967,-inf,inf
1226,-1000.0,1000.0,-inf,inf
1227,-1000.0,1000.0,-inf,inf
1228,-1000.0,1000.0,-inf,inf
1229,-1000.0,1000.0,-inf,inf
1230,-373.202185,0.0,-inf,inf
1233,-999.99989,1000.0,-121.784304,230.215876
1237,-1000.0,1000.0,-inf,inf
1238,-1000.0,0.0,-inf,inf
1240,-1000.0,1000.0,-151.822556,11.343976
1243,-0.0,1000.0,-inf,inf
1244,-1000.0,1000.0,-inf,inf
1245,-1000.0,1000.0,-inf,inf
1246,-1000.0,1000.0,-inf,inf
1250,-1000.0,1000.0,-inf,inf
1252,-1000.0,1000.0,-inf,inf
1253,-120.295,-0.000697,-inf,inf
1254,-189.939083,-0.00071,-inf,inf
1257,0.0,1000.0,-inf,inf
1258,-1000.0,1000.0,-inf,inf
1260,0.0,0.0,-inf,inf
1262,-1000.0,1000.0,-184.462719,43.901328
1263,0.0,0.0,-inf,inf
1264,-222.368176,0.0,-inf,inf
1265,-1000.0,1000.0,-inf,inf
1266,-1000.0,1000.0,-inf,inf
1267,-1000.0,1000.0,-inf,inf
1268,-1000.0,1000.0,-inf,inf
1269,-1000.0,1000.0,-inf,inf
1270,1000.0,1000.0,-inf,inf
1273,-1000.0,1000.0,-inf,inf
1275,-198.185777,0.0,-inf,inf
1276,-198.361052,0.0,-inf,inf
1277,0.0,0.0,-inf,inf
1278,3.619871,532.582676,-229.199306,-0.0001
1279,-1000.0,1000.0,-inf,inf
1280,-700.257883,-3.3e-05,-inf,inf
1284,-1000.0,1000.0,-inf,inf
1285,0.0,300.46092,-inf,inf
1286,-1000.0,0.0,-inf,inf
1289,-1000.0,0.0,-inf,inf
1290,-1000.0,1000.0,-152.729839,12.168297
1291,0.0,1000.0,-inf,inf
1292,0.0,1000.0,-inf,inf
1293,0.0,1000.0,-inf,inf
1294,0.0,1000.0,-inf,inf
1295,0.0,1000.0,-inf,inf
1296,0.0,1000.0,-inf,inf
1297,0.0,1000.0,-inf,inf
1298,0.0,1000.0,-inf,inf
1299,0.0,1000.0,-inf,inf
1300,0.0,1000.0,-inf,inf
1303,0.0,619.111643,-inf,inf
1304,-1000.0,1000.0,-inf,inf
1308,0.0,773.889554,-inf,inf
1309,-1000.0,1000.0,-inf,inf
1312,-1000.0,1000.0,-141.435099,124.47446
1314,-1000.0,1000.0,-inf,inf
1316,0.0,0.0,-inf,inf
1317,-634.755367,0.0,-inf,inf
1322,-1000.0,1000.0,-inf,inf
1324,-1000.0,1000.0,-inf,inf
1325,-1000.0,1000.0,-inf,inf
1327,-998.023892,1000.0,-81.425127,44.781487
1329,-1000.0,1000.0,-inf,inf
1331,-1000.0,1000.0,-inf,inf
1333,-793.444209,0.0,-inf,inf
1336,-997.082448,1000.0,-inf,inf
1343,-1000.0,998.023892,-inf,inf
1345,-90.001891,90.001891,-inf,inf
1346,0.0,0.0,-inf,inf
1348,0.0,0.0,-inf,inf
1355,0.0,0.0,-inf,inf
1356,-1000.0,1000.0,-inf,inf
1357,-1000.0,1000.0,-inf,inf
1358,-1000.0,1000.0,-inf,inf
1359,-1000.0,1000.0,-inf,inf
1360,-1000.0,1000.0,-inf,inf
1361,-1000.0,1000.0,-inf,inf
1362,-1000.0,1000.0,-inf,inf
1363,-1000.0,1000.0,-inf,inf
1364,-1000.0,1000.0,-inf,inf
1365,-1000.0,1000.0,-inf,inf
1366,-1000.0,1000.0,-inf,inf
1368,-62.9191,-7.714926,-inf,inf
1369,0.0,0.0,-inf,inf
1370,0.0,1000.0,-168.684365,-19.504347
1371,-1000.0,1000.0,-inf,inf
1372,-1000.0,1000.0,-inf,inf
1373,-1000.0,1000.0,-inf,inf
1374,-1000.0,1000.0,-inf,inf
1375,-1000.0,1000.0,-inf,inf
1376,-1000.0,1000.0,-inf,inf
1377,-1000.0,1000.0,-inf,inf
1378,-1000.0,1000.0,-inf,inf
1379,-1000.0,1000.0,-inf,inf
1380,-1000.0,1000.0,-inf,inf
1383,-1000.0,132.031077,-inf,inf
1384,-132.031077,1000.0,-inf,inf
1385,-1000.0,1000.0,-inf,inf
1386,0.0,0.0,-inf,inf
1389,-1000.0,1000.0,-inf,inf
1390,0.0,0.0,-inf,inf
1391,-267.271092,0.0,-inf,inf
1392,-999.973626,1000.0,-209.719002,8.993347
1393,-1000.0,1000.0,-211.033278,7.559027
1394,-1000.0,1000.0,-inf,inf
1395,0.0,1000.0,-inf,inf
1396,-249.999973,411.927417,-inf,inf
1397,-1000.0,1000.0,-inf,inf
1398,-1000.0,1000.0,-inf,inf
1399,-175.689561,0.0,-inf,inf
1404,-144.353164,0.0,-inf,inf
1405,-1000.0,1000.0,-inf,inf
1409,-90.001891,90.001891,-inf,inf
1410,-999.997912,1000.0,-inf,inf
1411,-999.997912,1000.0,-74.619378,182.523992
1412,-200.490505,0.0,-inf,inf
1416,0.0,396.722104,-inf,inf
1417,-1000.0,1000.0,-inf,inf
1420,0.0,1000.0,-inf,inf
1422,1.1e-05,64.770967,-inf,inf
1423,0.0,0.0,-inf,inf
1425,-209.352682,1000.0,-197.151052,61.674246
1426,-1000.0,1000.0,-251.581354,115.297282
1427,0.0,1000.0,-221.581955,-66.819184
1429,0.0,1000.0,-201.537295,-0.0001
1430,0.010989,167.863505,-141.289093,-0.0001
1431,-1000.0,1000.0,-111.894256,108.573666
1432,-1000.0,1000.0,-inf,inf
1434,-1000.0,1000.0,-inf,inf
1435,-999.933295,1000.0,-inf,inf
1436,-1000.0,1000.0,-inf,inf
1438,-1000.0,1000.0,-inf,inf
1439,-167.852516,0.0,-inf,inf
1440,-634.755367,0.0,-inf,inf
1441,0.0,0.0,-inf,inf
1444,-999.998912,1000.0,-inf,inf
1447,-1000.0,583.908238,-377.830063,230.703285
1450,0.0,116.709642,-inf,inf
1451,0.0,116.709642,-inf,inf
1454,-793.444209,0.0,-inf,inf
1459,-1000.0,1000.0,-inf,inf
1460,-1000.0,1000.0,-inf,inf
1461,-1000.0,999.999987,-inf,inf
1465,-999.999987,1000.0,-256.435903,223.987271
1466,-997.082448,1000.0,-inf,inf
1468,-315.933513,1000.0,-181.61813,41.061218
1469,-315.933513,0.0,-inf,inf
1470,0.0,264.481403,-inf,inf
1471,-1000.0,1000.0,-inf,inf
1472,0.0,0.0,-inf,inf
1474,0.0,315.933513,-inf,inf
1475,-1000.0,1000.0,-inf,inf
1476,0.0,0.0,-inf,inf
1477,-1000.0,1000.0,-inf,inf
1478,-999.934064,1000.0,-inf,inf
1482,-1000.0,992.558841,-inf,inf
1484,-1000.0,1000.0,-inf,inf
1485,-1000.0,1000.0,-inf,inf
1486,-1000.0,1000.0,-inf,inf
1487,-1000.0,1000.0,-inf,inf
1488,-1000.0,1000.0,-inf,inf
1490,-295.054684,0.0,-inf,inf
1492,-240.588606,0.0,-inf,inf
1494,-634.755367,0.0,-inf,inf
1496,-1000.0,1000.0,-inf,inf
1497,10.989297,89.62324,-inf,inf
1499,0.0,0.0,-178.836492,62.113649
1500,0.0,0.0,-99.069206,183.342544
1503,0.0,1000.0,-267.94696,-5.430232
1504,-1000.0,1000.0,-101.480437,88.000589
1505,-998.16703,1000.0,-99.005984,95.895319
1506,-1000.0,1000.0,-89.384132,102.857657
1507,-1000.0,1000.0,-inf,inf
1508,-1000.0,1000.0,-118.637024,22.328522
1509,-1000.0,1000.0,-inf,inf
1510,-1000.0,1000.0,-155.458574,132.685349
1511,-1000.0,1000.0,-inf,inf
1513,-107.784648,0.0,-inf,inf
1515,-137.899839,0.0,-inf,inf
1516,-998.202185,1000.0,-1445.067012,1276.141713
1517,-998.202185,1000.0,-1645.428908,1457.050005
1518,0.0,0.0,-261.277257,233.246196
1519,0.0,0.0,-263.037787,232.336696
1520,0.0,0.0,-263.043638,232.342577
1521,0.0,0.0,-165.8011,232.453518
1522,0.0,0.0,-167.51935,230.95817
1524,0.0,0.0,-inf,inf
1525,0.0,0.0,-136.145861,155.725256
1526,0.0,0.0,-inf,inf
1527,0.0,0.0,-inf,inf
1528,0.0,0.0,-199.028945,197.176318
1529,0.0,0.0,-198.60559,197.514132
1531,-1000.0,1000.0,-146.702787,191.272199
1532,-1000.0,1000.0,-146.945189,191.515089
1534,-1000.0,1000.0,-147.62096,192.190739
1535,-1000.0,1000.0,-148.051866,192.621568
1536,-1000.0,1000.0,-148.543064,193.112842
1538,-1000.0,1000.0,-125.776854,169.675021
1539,-1000.0,1000.0,-126.024398,169.922077
1540,-1000.0,1000.0,-126.336827,170.234567
1541,-1000.0,1000.0,-126.713345,170.611146
1542,-1000.0,1000.0,-127.152794,171.050626
1543,-1000.0,1000.0,-127.653856,171.551627
1544,-1000.0,1000.0,-76.013134,96.965852
1545,-1000.0,1000.0,-76.282243,97.23496
1546,-1000.0,1000.0,-76.640564,97.593342
1548,-1000.0,1000.0,-inf,inf
1549,-1000.0,1000.0,-78.226216,99.179017
1551,-1000.0,1000.0,-157.99775,136.393785
1552,-1000.0,1000.0,-158.229361,136.625396
1553,8.384262,1000.0,-158.526932,136.923028
1554,-1000.0,1000.0,-inf,inf
1555,-1000.0,1000.0,-inf,inf
1556,-1000.0,1000.0,-159.804232,138.200259
1557,-1000.0,1000.0,-160.353579,138.749614
1558,0.0,999.66127,-476.649264,-141.416099
1559,0.33873,176.659665,-476.886164,-141.17926
1560,-373.202185,0.0,-inf,inf
1561,-317.377683,0.0,-inf,inf
1562,-264.481403,0.0,-inf,inf
1566,-793.444209,0.0,-inf,inf
1567,0.0,0.0,-inf,inf
1568,-176.320935,0.0,-inf,inf
1570,0.0,1000.0,-174.317911,157.888034
1571,-1000.0,1000.0,-174.600954,158.170956
1572,-1000.0,1000.0,-174.973169,158.543171
1573,-1000.0,1000.0,-177.374589,160.943193
1574,-1000.0,1000.0,-175.432326,159.002328
1575,-1000.0,1000.0,-177.600116,161.169024
1576,-1000.0,1000.0,-174.276021,157.929952
1577,-1000.0,1000.0,-174.559072,158.212881
1578,-1000.0,1000.0,-174.931235,158.585165
1579,-1000.0,1000.0,-177.331996,160.985804
1580,-1000.0,1000.0,-175.390433,159.044242
1581,-1000.0,1000.0,-177.557535,161.211648
1582,-1000.0,1000.0,-177.424953,160.892837
1583,-1000.0,1000.0,-175.482251,158.95242
1584,-1000.0,1000.0,-177.650474,161.118663
1585,0.0,0.0,-175.933522,159.587728
1586,0.0,0.0,-176.557815,160.211898
1587,-1000.0,1000.0,-177.108749,160.913635
1588,-1000.0,1000.0,-177.884243,161.689579
1589,0.0,0.0,-176.599828,160.16989
1590,-1000.0,1000.0,-177.301638,160.871609
1591,-1000.0,1000.0,-176.226625,161.647542
1592,0.0,0.0,-176.55794,160.21181
1593,-1000.0,1000.0,-177.259762,160.913509
1594,0.0,1000.0,-178.035245,161.689481
1595,-1000.0,1000.0,-inf,inf
1596,-1000.0,1000.0,-inf,inf
1597,-0.0,1000.0,-inf,inf
1598,-1000.0,1000.0,-inf,inf
1599,-1000.0,1000.0,-inf,inf
1600,-1000.0,1000.0,-inf,inf
1601,-0.0,1000.0,-inf,inf
1602,0.0,1000.0,-inf,inf
1603,-1000.0,1000.0,-inf,inf
1604,-1000.0,1000.0,-inf,inf
1605,-793.444209,0.0,-inf,inf
1606,0.0,0.0,-inf,inf
1607,1000.0,1000.0,-inf,inf
1608,0.0,793.444209,-216.589346,6.443877
1610,-1000.0,1000.0,-219.872183,9.73191
1611,-1000.0,1000.0,-220.099489,9.95891
1612,-793.444209,0.0,-inf,inf
1613,0.0,0.0,-211.390955,43.417937
1615,0.0,1000.0,-inf,inf
1616,-999.31423,1000.0,-inf,inf
1617,-1000.0,1000.0,-214.476129,45.742003
1618,-199.386072,998.636251,-78.831687,229.574528
1619,-199.386072,998.636251,-inf,inf
1620,-199.386072,998.636251,-inf,inf
1622,0.0,0.0,-178.0802,47.511151
1623,0.0,0.0,-inf,inf
1624,0.0,373.202185,-96.701781,75.749064
1626,-1000.0,1000.0,-96.965859,76.013142
1627,-1000.0,1000.0,-97.234967,76.28225
1628,-1000.0,1000.0,-97.593336,76.640558
1629,-1000.0,1000.0,-99.867695,78.914902
1630,-793.444209,0.0,-inf,inf
1631,0.0,0.0,-97.178183,75.464723
1632,0.0,0.0,40.210318,238.449718
1634,-500.0,1000.0,-inf,inf
1635,-1000.0,1000.0,-99.179005,78.226181
1636,-199.386072,998.636251,-inf,inf
1637,-199.386072,998.636251,-inf,inf
1638,-1000.0,1000.0,-inf,inf
1639,0.0,0.0,21.194875,252.739409
1640,0.0,0.0,-101.3574,79.072407
1641,0.0,0.0,-inf,inf
1642,0.0,373.202185,-168.743393,122.563061
1643,-1000.0,1000.0,-168.79237,122.612038
1644,-1000.0,1000.0,-169.097737,122.916916
1645,-1000.0,1000.0,-169.35241,123.172078
1646,-1000.0,1000.0,-171.030578,124.850173
1647,-793.444209,0.0,-170.081044,121.448166
1648,0.0,0.0,-168.465397,123.045808
1649,0.0,0.0,-168.763867,122.58329
1650,-1000.0,1000.0,-169.674416,123.494083
1651,-1000.0,1000.0,-170.062382,123.881928
1652,-1000.0,1000.0,-165.474182,124.33445
1653,-199.386072,998.636251,-inf,inf
1654,-199.386072,998.636251,-inf,inf
1655,-1000.0,1000.0,-inf,inf
1656,0.0,0.0,-inf,inf
1657,0.0,0.0,-170.887535,126.039996
1658,0.0,0.0,-165.157862,130.560293
1659,-792.788983,0.0,-181.944491,128.071103
1660,0.0,0.0,-351.747179,-20.724181
1661,0.0,0.0,-169.108188,116.113797
1662,-1000.0,1000.0,-169.982829,116.988255
1663,-1000.0,1000.0,-170.354407,117.359894
1664,-1000.0,1000.0,-170.787979,117.793543
1665,-199.386072,998.636251,-inf,inf
1666,-199.386072,998.636251,-inf,inf
1667,-1000.0,1000.0,-inf,inf
1668,0.0,0.0,-inf,inf
1669,0.0,0.0,-171.594411,118.599259
1670,0.0,0.0,-167.902531,120.978819
1671,-1000.0,1000.0,-inf,inf
1672,-1000.0,1000.0,-inf,inf
1674,0.0,0.0,-243.670356,-67.443769
1675,0.0,0.0,-inf,inf
1676,0.0,0.0,-287.240077,-67.320143
1677,-1000.0,1000.0,-83.209132,103.345729
1678,0.0,0.0,-101.726882,78.98616
1679,-1000.0,1000.0,-inf,inf
1680,0.0,0.0,-149.285699,148.251218
1681,-1000.0,1000.0,-60.813043,40.105915
1682,-1000.0,1000.0,-69.125631,208.444566
1683,1000.0,1000.0,-71.372856,210.691746
1684,-1000.0,1000.0,-69.620862,208.939759
1685,-1000.0,1000.0,-71.636607,210.955504
1686,-1000.0,1000.0,-77.016548,201.289777
1687,-1000.0,1000.0,-inf,inf
1688,-1000.0,1000.0,-77.452571,201.725693
1690,-1000.0,1000.0,-inf,inf
1691,0.0,1000.0,-inf,inf
1692,-1000.0,1000.0,-inf,inf
1693,-1000.0,1000.0,-inf,inf
1694,-1000.0,1000.0,-76.823428,201.482947
1695,-1000.0,1000.0,-inf,inf
1696,-1000.0,1000.0,-77.25937,201.918905
1697,-1000.0,1000.0,-79.718656,204.378221
1698,-1000.0,1000.0,-105.180979,160.223741
1699,-1000.0,1000.0,-inf,inf
1700,-1000.0,1000.0,-105.695395,160.738226
1701,-1000.0,1000.0,-107.672781,162.715581
1702,-1000.0,1000.0,-106.431834,158.972844
1703,-1000.0,1000.0,-inf,inf
1704,-1000.0,1000.0,-106.946246,159.487332
1705,-1000.0,1000.0,-108.923637,161.464693
1706,-1000.0,1000.0,-140.254206,125.703517
1707,-1000.0,1000.0,-140.697945,126.146829
1709,-1000.0,1000.0,-144.516125,129.965421
1710,-1000.0,1000.0,-140.856018,126.304879
1711,-1000.0,1000.0,-141.332785,126.781952
1712,-1000.0,1000.0,-144.573782,130.02307
1713,-1000.0,1000.0,-144.929191,130.377808
1714,-1000.0,1000.0,-140.432828,126.411985
1715,-1000.0,1000.0,-144.25102,130.230558
1716,-1000.0,1000.0,-141.067675,127.047106
1717,-1000.0,1000.0,-144.664062,130.642944
1718,0.0,1000.0,-231.500927,-22.362253
1719,0.0,1000.0,-232.6907,-21.172235
1720,0.0,1000.0,-241.150905,-12.712275
1721,0.0,1000.0,-241.803012,-12.060412
1722,0.0,1000.0,-232.690644,-21.172292
1724,0.0,1000.0,-241.803038,-12.060385
1725,0.0,1000.0,-242.541278,-11.32117
1726,0.0,0.0,-233.246118,-24.107434
1727,0.0,0.0,-234.435775,-22.91729
1728,0.0,0.0,-242.89597,-14.457339
1729,0.0,0.0,-243.548071,-13.805482
1730,0.0,0.0,-234.43564,-22.917303
1731,0.0,0.0,-235.704578,-21.648975
1732,0.0,0.0,-243.548096,-13.805457
1733,0.0,0.0,-244.286334,-13.066242
1734,0.0,1000.0,-233.000893,-23.862186
1735,0.0,1000.0,-234.190529,-22.672062
1736,0.0,1000.0,-242.650725,-14.21211
1737,0.0,1000.0,-243.302849,-13.56023
1738,0.0,1000.0,-234.190342,-22.672005
1739,0.0,1000.0,-235.459331,-21.403748
1740,0.0,1000.0,-243.302849,-13.56023
1741,0.0,1000.0,-244.041088,-12.821014
1742,-0.0,1000.0,-150.120256,126.262992
1743,-1000.0,1000.0,-150.973666,127.116891
1744,-1000.0,1000.0,-inf,inf
1745,-1000.0,1000.0,-inf,inf
1746,-1000.0,1000.0,-inf,inf
1748,-1000.0,1000.0,-inf,inf
1750,-1000.0,1000.0,-153.596615,129.739717
1751,-1000.0,1000.0,-inf,inf
1752,-1000.0,1000.0,-160.475767,136.619846
1753,-1000.0,1000.0,-inf,inf
1754,-1000.0,1000.0,-154.318194,121.963834
1755,-1000.0,1000.0,-inf,inf
1756,-1000.0,1000.0,-inf,inf
1757,-1000.0,1000.0,-inf,inf
1759,0.0,1000.0,-151.702148,127.845128
1760,-1000.0,1000.0,-inf,inf
1761,-1000.0,1000.0,-inf,inf
1762,-0.0,1000.0,-151.702135,127.845115
1763,-1000.0,1000.0,-inf,inf
1764,-1000.0,1000.0,-inf,inf
1765,-1000.0,1000.0,-inf,inf
1766,-1000.0,1000.0,-inf,inf
1767,-1000.0,1000.0,-inf,inf
1768,-0.0,1000.0,-160.849214,136.992134
1769,-1000.0,1000.0,-161.374747,137.517667
1770,-1000.0,1000.0,-inf,inf
1771,-1000.0,1000.0,-inf,inf
1772,-1000.0,1000.0,-161.375201,137.517144
1773,0.0,1000.0,-161.95466,138.09758
1774,-1000.0,1000.0,-149.927611,126.455687
1776,-1000.0,1000.0,-inf,inf
1777,-1000.0,1000.0,-inf,inf
1778,-1000.0,1000.0,-inf,inf
1779,-1000.0,1000.0,-151.690865,128.219429
1780,-1000.0,1000.0,-inf,inf
1781,-1000.0,1000.0,-156.393624,132.922677
1782,-1000.0,1000.0,-153.403892,129.932457
1783,-1000.0,1000.0,-inf,inf
1784,-1000.0,1000.0,-160.283046,136.812587
1785,-1000.0,1000.0,-inf,inf
1786,-1000.0,1000.0,-154.125464,130.653052
1787,-1000.0,1000.0,-inf,inf
1788,-1000.0,1000.0,-inf,inf
1789,-1000.0,1000.0,-inf,inf
1790,-1000.0,1000.0,-150.63189,127.160333
1791,-1000.0,1000.0,-151.50945,128.037892
1792,-1000.0,1000.0,-inf,inf
1793,-1000.0,1000.0,-inf,inf
1794,-1000.0,1000.0,-151.509379,128.037822
1795,-1000.0,1000.0,-inf,inf
1797,-1000.0,1000.0,-inf,inf
1798,-1000.0,1000.0,-inf,inf
1799,-1000.0,1000.0,-inf,inf
1800,-1000.0,1000.0,-160.656512,137.184893
1801,-1000.0,1000.0,-161.182049,137.71043
1802,0.0,1000.0,-inf,inf
1803,-1000.0,1000.0,-inf,inf
1804,-1000.0,1000.0,-161.182495,137.7099
1805,-1000.0,1000.0,-161.761936,138.290317
1806,-1000.0,1000.0,-inf,inf
1807,-1000.0,1000.0,-98.766881,175.83025
1808,-1000.0,1000.0,-inf,inf
1809,-1000.0,1000.0,-inf,inf
1810,-1000.0,1000.0,-92.794964,169.85876
1811,-1000.0,1000.0,-inf,inf
1812,-1000.0,1000.0,-inf,inf
1814,-1000.0,1000.0,-inf,inf
1815,1000.0,1000.0,-82.895848,191.701283
1816,-1000.0,1000.0,-inf,inf
1817,-1000.0,1000.0,-inf,inf
1818,-1000.0,1000.0,-76.923892,185.729815
1819,-1000.0,1000.0,-inf,inf
1820,-1000.0,1000.0,-inf,inf
1821,-1000.0,1000.0,-233.370685,53.432362
1822,-1000.0,1000.0,-inf,inf
1823,-1000.0,1000.0,-inf,inf
1824,-1000.0,1000.0,-187.166298,47.549601
1825,-1000.0,1000.0,-inf,inf
1826,-1000.0,1000.0,-inf,inf
1828,-1000.0,1000.0,-inf,inf
1830,-1000.0,1000.0,-inf,inf
1831,-1000.0,1000.0,-inf,inf
1832,-1000.0,1000.0,-215.464845,62.36756
1833,-1000.0,1000.0,-inf,inf
1834,-1000.0,1000.0,-inf,inf
1835,-1000.0,1000.0,-222.449985,69.352639
1836,-1000.0,1000.0,-148.000478,123.449656
1837,-952.661538,952.661538,-inf,inf
1838,-1000.0,1000.0,-inf,inf
1839,-1000.0,1000.0,-146.059375,64.717303
1840,-1000.0,1000.0,-inf,inf
1841,-1000.0,1000.0,-209.172989,132.136337
1842,-1000.0,1000.0,-inf,inf
1843,-1000.0,1000.0,-inf,inf
1844,-1000.0,1000.0,-inf,inf
1845,-1000.0,1000.0,-inf,inf
1846,-1000.0,1000.0,-inf,inf
1847,-1000.0,1000.0,-152.643184,58.133493
1848,-1000.0,1000.0,-inf,inf
1849,-1000.0,1000.0,-215.756875,125.552482
1850,-1000.0,1000.0,-inf,inf
1852,-1000.0,1000.0,-inf,inf
1853,-1000.0,1000.0,-inf,inf
1854,-1000.0,1000.0,-inf,inf
1855,-1000.0,1000.0,-153.499352,57.277311
1856,0.0,1000.0,-inf,inf
1857,-1000.0,1000.0,-216.613038,124.696294
1858,-1000.0,1000.0,-inf,inf
1859,-1000.0,1000.0,-inf,inf
1860,-1000.0,1000.0,-inf,inf
1861,-1000.0,1000.0,-inf,inf
1862,-0.0,1000.0,-inf,inf
1863,-1000.0,1000.0,-inf,inf
1864,-1000.0,1000.0,-inf,inf
1865,-1000.0,1000.0,-inf,inf
1866,-1000.0,1000.0,-inf,inf
1867,-1000.0,1000.0,-inf,inf
1869,-1000.0,1000.0,-inf,inf
1870,0.0,1000.0,-inf,inf
1871,-1000.0,1000.0,-inf,inf
1872,-1000.0,1000.0,-inf,inf
1873,-1000.0,1000.0,-inf,inf
1874,-1000.0,1000.0,-inf,inf
1875,-1000.0,1000.0,-inf,inf
1876,-1000.0,1000.0,-inf,inf
1877,-1000.0,1000.0,-270.896874,148.968375
1878,-1000.0,1000.0,-inf,inf
1879,-1000.0,1000.0,-inf,inf
1880,-1000.0,1000.0,-inf,inf
1881,-1000.0,1000.0,-inf,inf
1882,-1000.0,1000.0,-inf,inf
1883,-1000.0,1000.0,-inf,inf
1884,-1000.0,1000.0,-inf,inf
1885,-1000.0,1000.0,-238.579561,208.561097
1886,0.0,1000.0,-104.8525,153.556334
1887,-1000.0,1000.0,-112.355409,161.059242
1888,-1000.0,1000.0,-105.727374,154.430963
1889,-1000.0,1000.0,-112.890699,161.594777
1890,-1000.0,1000.0,-105.727416,154.431005
1891,-1000.0,1000.0,-112.890677,161.594755
1892,-1000.0,1000.0,-106.677514,155.381592
1893,-1000.0,1000.0,-113.501346,162.204448
1894,-1000.0,1000.0,-inf,inf
1895,-1000.0,1000.0,-186.960408,89.639899
1896,-1000.0,1000.0,-inf,inf
1897,-1000.0,1000.0,-223.476584,125.710397
1898,-1000.0,1000.0,-inf,inf
1899,-1000.0,1000.0,-inf,inf
1900,-0.0,1000.0,-inf,inf
1901,-1000.0,1000.0,-inf,inf
1903,-1000.0,1000.0,-264.286026,160.230035
1904,-1000.0,1000.0,-263.010398,158.954408
1905,-1000.0,1000.0,-264.37807,160.515552
1906,-1000.0,1000.0,-inf,inf
1907,-1000.0,1000.0,-264.571438,160.515692
1908,-1000.0,1000.0,-263.407894,159.351904
1909,-1000.0,1000.0,-257.285206,160.831667
1910,0.0,1000.0,-inf,inf
1911,-1000.0,1000.0,-inf,inf
1912,-1000.0,1000.0,-inf,inf
1913,-1000.0,1000.0,-inf,inf
1914,-1000.0,1000.0,-inf,inf
1915,-1000.0,1000.0,-inf,inf
1916,-1000.0,1000.0,-inf,inf
1917,-1000.0,1000.0,-inf,inf
1918,-1000.0,1000.0,-inf,inf
1919,-1000.0,1000.0,-inf,inf
1920,-1000.0,1000.0,-inf,inf
1921,-1000.0,1000.0,-inf,inf
1923,-1000.0,1000.0,-inf,inf
1924,-1000.0,1000.0,-inf,inf
1925,-1000.0,1000.0,-inf,inf
1926,-1000.0,1000.0,-inf,inf
1927,-1000.0,1000.0,-inf,inf
1928,-1000.0,1000.0,-inf,inf
1929,-1000.0,1000.0,-inf,inf
1930,-1000.0,1000.0,-inf,inf
1931,-1000.0,1000.0,-inf,inf
1932,-1000.0,1000.0,-inf,inf
1933,-1000.0,1000.0,-inf,inf
1934,-1000.0,1000.0,-inf,inf
1936,-1000.0,1000.0,-inf,inf
1937,-1000.0,1000.0,-inf,inf
1938,-1000.0,1000.0,-inf,inf
1939,-1000.0,1000.0,-inf,inf
1940,-1000.0,1000.0,-inf,inf
1941,-1000.0,1000.0,-inf,inf
1942,-1000.0,1000.0,-inf,inf
1943,-1000.0,1000.0,-inf,inf
1944,-1000.0,1000.0,-inf,inf
1945,-1000.0,1000.0,-inf,inf
1946,-1000.0,1000.0,-inf,inf
1947,-1000.0,1000.0,-inf,inf
1948,-1000.0,1000.0,-inf,inf
1949,-1000.0,1000.0,-inf,inf
1950,-1000.0,1000.0,-inf,inf
1951,-1000.0,1000.0,-inf,inf
1952,-1000.0,1000.0,-inf,inf
1953,-1000.0,1000.0,-inf,inf
1954,-1000.0,1000.0,-inf,inf
1955,-1000.0,1000.0,-inf,inf
1956,-1000.0,1000.0,-inf,inf
1957,-1000.0,1000.0,-inf,inf
1958,-1000.0,1000.0,-inf,inf
1959,-1000.0,1000.0,-inf,inf
1960,-1000.0,1000.0,-inf,inf
1962,-1000.0,1000.0,-inf,inf
1963,-1000.0,1000.0,-inf,inf
1964,-1000.0,1000.0,-inf,inf
1965,-1000.0,1000.0,-inf,inf
1966,-1000.0,1000.0,-inf,inf
1967,-1000.0,1000.0,-inf,inf
1968,-1000.0,1000.0,-inf,inf
1969,-1000.0,1000.0,-inf,inf
1970,-1000.0,1000.0,-inf,inf
1972,-1000.0,1000.0,-inf,inf
1973,-1000.0,1000.0,-inf,inf
1974,-1000.0,1000.0,-inf,inf
1975,-1000.0,1000.0,-inf,inf
1976,-1000.0,1000.0,-inf,inf
1977,-1000.0,1000.0,-inf,inf
1978,-1000.0,1000.0,-inf,inf
1979,-1000.0,1000.0,-inf,inf
1980,-1000.0,1000.0,-inf,inf
1981,-1000.0,1000.0,-inf,inf
1982,-1000.0,1000.0,-inf,inf
1983,-1000.0,1000.0,-inf,inf
1984,-1000.0,1000.0,-inf,inf
1985,-1000.0,1000.0,-inf,inf
1987,-1000.0,1000.0,-inf,inf
1988,-1000.0,1000.0,-inf,inf
1989,-1000.0,1000.0,-inf,inf
1990,-1000.0,1000.0,-inf,inf
1991,-1000.0,1000.0,-inf,inf
1992,-1000.0,1000.0,-inf,inf
1993,-1000.0,1000.0,-inf,inf
1994,-1000.0,1000.0,-inf,inf
1995,-1000.0,1000.0,-inf,inf
1996,-1000.0,1000.0,-inf,inf
1997,-1000.0,1000.0,-inf,inf
1998,-1000.0,1000.0,-inf,inf
1999,-1000.0,1000.0,-inf,inf
2000,-1000.0,1000.0,-inf,inf
2001,-1000.0,1000.0,-inf,inf
2002,-1000.0,1000.0,-inf,inf
2003,-1000.0,1000.0,-inf,inf
2004,-1000.0,1000.0,-inf,inf
2005,-1000.0,1000.0,-inf,inf
2006,0.0,1000.0,-inf,inf
2007,-1000.0,1000.0,-inf,inf
2008,-1000.0,1000.0,-inf,inf
2009,-1000.0,1000.0,-inf,inf
2010,-1000.0,1000.0,-inf,inf
2011,-0.0,1000.0,-inf,inf
2012,-1000.0,1000.0,-inf,inf
2013,-1000.0,1000.0,-inf,inf
2014,-1000.0,1000.0,-inf,inf
2015,-1000.0,1000.0,-inf,inf
2016,-1000.0,1000.0,-inf,inf
2017,-1000.0,1000.0,-inf,inf
2018,-1000.0,1000.0,-inf,inf
2019,-1000.0,1000.0,-inf,inf
2020,-1000.0,1000.0,-inf,inf
2021,-1000.0,1000.0,-inf,inf
2022,-1000.0,1000.0,-inf,inf
2023,-1000.0,1000.0,-inf,inf
2024,0.0,1000.0,-inf,inf
2025,-1000.0,1000.0,-inf,inf
2026,-1000.0,1000.0,-inf,inf
2027,0.0,1000.0,-inf,inf
2028,-1000.0,1000.0,-inf,inf
2029,-1000.0,1000.0,-inf,inf
2030,-1000.0,1000.0,-inf,inf
2031,-1000.0,1000.0,-inf,inf
2032,-1000.0,1000.0,-inf,inf
2033,-1000.0,1000.0,-inf,inf
2034,0.0,1000.0,-inf,inf
2035,-1000.0,1000.0,-inf,inf
2036,-1000.0,1000.0,-inf,inf
2037,-1000.0,1000.0,-inf,inf
2038,-1000.0,1000.0,-inf,inf
2039,-1000.0,1000.0,-inf,inf
2040,-1000.0,1000.0,-inf,inf
2041,-1000.0,1000.0,-inf,inf
2042,-1000.0,1000.0,-inf,inf
2043,-1000.0,1000.0,-inf,inf
2044,-1000.0,1000.0,-inf,inf
2045,-1000.0,1000.0,-inf,inf
2046,-1000.0,1000.0,-inf,inf
2047,-1000.0,1000.0,-inf,inf
2048,-1000.0,1000.0,-inf,inf
2049,-1000.0,1000.0,-inf,inf
2050,-1000.0,1000.0,-inf,inf
2051,-1000.0,1000.0,-inf,inf
2052,-1000.0,1000.0,-inf,inf
2053,-1000.0,1000.0,-inf,inf
2054,-1000.0,1000.0,-inf,inf
2056,-1000.0,1000.0,-inf,inf
2057,-1000.0,1000.0,-inf,inf
2058,-1000.0,1000.0,-inf,inf
2059,-1000.0,1000.0,-inf,inf
2060,0.0,1000.0,-inf,inf
2061,0.0,1000.0,-inf,inf
2062,-1000.0,1000.0,-inf,inf
2063,-0.0,1000.0,-inf,inf
2064,-1000.0,1000.0,-inf,inf
2065,-1000.0,1000.0,-inf,inf
2066,-1000.0,1000.0,-inf,inf
2067,-1000.0,1000.0,-inf,inf
2068,-1000.0,1000.0,-inf,inf
2069,-1000.0,1000.0,-inf,inf
2070,-1000.0,1000.0,-inf,inf
2071,-1000.0,1000.0,-inf,inf
2072,-1000.0,1000.0,-inf,inf
2073,0.0,1000.0,-inf,inf
2074,-1000.0,1000.0,-inf,inf
2075,-1000.0,1000.0,-inf,inf
2076,-1000.0,1000.0,-inf,inf
2077,-1000.0,1000.0,-inf,inf
2078,-1000.0,1000.0,-inf,inf
2079,-1000.0,1000.0,-inf,inf
2080,0.0,1000.0,-inf,inf
2081,-1000.0,1000.0,-inf,inf
2082,-1000.0,1000.0,-inf,inf
2083,0.0,1000.0,-inf,inf
2084,-1000.0,1000.0,-inf,inf
2085,-1000.0,1000.0,-inf,inf
2086,-1000.0,1000.0,-inf,inf
2087,-1000.0,1000.0,-inf,inf
2088,-1000.0,1000.0,-inf,inf
2089,-1000.0,1000.0,-inf,inf
2090,-1000.0,1000.0,-inf,inf
2091,-1000.0,1000.0,-inf,inf
2092,-1000.0,1000.0,-inf,inf
2093,-1000.0,1000.0,-inf,inf
2094,-1000.0,1000.0,-inf,inf
2095,-1000.0,1000.0,-inf,inf
2096,-1000.0,1000.0,-inf,inf
2097,-1000.0,1000.0,-inf,inf
2098,-1000.0,1000.0,-inf,inf
2099,-1000.0,1000.0,-inf,inf
2100,-1000.0,1000.0,-inf,inf
2101,-1000.0,1000.0,-inf,inf
2102,-1000.0,1000.0,-inf,inf
2103,-1000.0,1000.0,-inf,inf
2104,-0.0,1000.0,-inf,inf
2106,-1000.0,1000.0,-inf,inf
2107,-1000.0,1000.0,-inf,inf
2108,-1000.0,1000.0,-inf,inf
2109,-1000.0,1000.0,-inf,inf
2110,-1000.0,1000.0,-inf,inf
2111,-1000.0,1000.0,-inf,inf
2112,-1000.0,1000.0,-inf,inf
2113,-1000.0,1000.0,-inf,inf
2114,-1000.0,1000.0,-inf,inf
2115,-1000.0,1000.0,-inf,inf
2117,-1000.0,1000.0,-inf,inf
2118,-1000.0,1000.0,-inf,inf
2119,-1000.0,1000.0,-inf,inf
2120,-1000.0,1000.0,-inf,inf
2121,-1000.0,1000.0,-inf,inf
2122,-1000.0,1000.0,-inf,inf
2123,-1000.0,1000.0,-inf,inf
2124,-1000.0,1000.0,-inf,inf
2125,-1000.0,1000.0,-inf,inf
2126,-1000.0,1000.0,-inf,inf
2127,-1000.0,1000.0,-inf,inf
2129,-1000.0,1000.0,-inf,inf
2130,-1000.0,1000.0,-inf,inf
2131,-1000.0,1000.0,-inf,inf
2132,-1000.0,1000.0,-inf,inf
2133,-1000.0,1000.0,-inf,inf
2134,-1000.0,1000.0,-inf,inf
2135,-1000.0,1000.0,-inf,inf
2136,-1000.0,1000.0,-inf,inf
2137,-1000.0,1000.0,-inf,inf
2138,-1000.0,1000.0,-inf,inf
2139,-1000.0,1000.0,-inf,inf
2140,-1000.0,1000.0,-inf,inf
2141,-1000.0,1000.0,-inf,inf
2142,-1000.0,1000.0,-inf,inf
2143,-1000.0,1000.0,-inf,inf
2144,-1000.0,1000.0,-inf,inf
2145,-1000.0,1000.0,-inf,inf
2146,-1000.0,1000.0,-inf,inf
2147,-1000.0,1000.0,-inf,inf
2149,-1000.0,1000.0,-inf,inf
2150,-1000.0,1000.0,-inf,inf
2151,-1000.0,1000.0,-inf,inf
2152,-1000.0,1000.0,-inf,inf
2153,-1000.0,1000.0,-inf,inf
2154,-1000.0,1000.0,-inf,inf
2155,-1000.0,1000.0,-inf,inf
2157,-1000.0,1000.0,-inf,inf
2158,-1000.0,1000.0,-inf,inf
2159,-1000.0,1000.0,-inf,inf
2160,-1000.0,1000.0,-inf,inf
2161,-1000.0,1000.0,-inf,inf
2162,-0.0,1000.0,-inf,inf
2163,-1000.0,1000.0,-inf,inf
2164,-1000.0,1000.0,-inf,inf
2165,-1000.0,1000.0,-inf,inf
2166,-1000.0,1000.0,-inf,inf
2167,-1000.0,1000.0,-inf,inf
2168,-1000.0,1000.0,-inf,inf
2169,-1000.0,1000.0,-inf,inf
2170,-1000.0,1000.0,-inf,inf
2171,-1000.0,1000.0,-inf,inf
2172,-1000.0,1000.0,-inf,inf
2173,-1000.0,1000.0,-inf,inf
2174,-1000.0,1000.0,-inf,inf
2175,-1000.0,1000.0,-inf,inf
2176,-1000.0,1000.0,-inf,inf
2177,-1000.0,1000.0,-inf,inf
2178,-1000.0,1000.0,-inf,inf
2179,-1000.0,1000.0,-inf,inf
2180,-1000.0,1000.0,-inf,inf
2181,-1000.0,1000.0,-inf,inf
2182,-1000.0,1000.0,-inf,inf
2183,-1000.0,1000.0,-inf,inf
2184,-1000.0,1000.0,-inf,inf
2185,-1000.0,1000.0,-inf,inf
2186,-1000.0,1000.0,-inf,inf
2187,-1000.0,1000.0,-inf,inf
2188,-1000.0,1000.0,-214.616051,199.301443
2189,-1000.0,1000.0,-214.834712,199.519982
2190,-1000.0,1000.0,-215.355823,200.040971
2191,-1000.0,1000.0,-215.626579,200.311605
2192,-1000.0,1000.0,-207.651976,206.47577
2193,-1000.0,1000.0,-207.885812,206.709973
2194,-1000.0,1000.0,-inf,inf
2195,-1000.0,1000.0,-inf,inf
2196,-1000.0,1000.0,-inf,inf
2197,-1000.0,1000.0,-inf,inf
2198,-1000.0,1000.0,-inf,inf
2199,-1000.0,1000.0,-inf,inf
2200,-1000.0,1000.0,-88.752275,163.485286
2201,-1000.0,1000.0,-inf,inf
2202,0.0,0.0,-inf,inf
2203,0.0,0.0,-inf,inf
2204,0.0,0.0,-inf,inf
2205,0.0,0.0,-inf,inf
2206,0.0,0.0,-inf,inf
2207,0.0,0.0,-inf,inf
2208,0.0,0.0,-85.52919,166.70827
2209,0.0,0.0,-inf,inf
2210,-1000.0,1000.0,-inf,inf
2211,-1000.0,1000.0,-inf,inf
2212,-1000.0,1000.0,-inf,inf
2213,-1000.0,1000.0,-inf,inf
2214,-1000.0,1000.0,-inf,inf
2215,-1000.0,1000.0,-inf,inf
2216,0.0,1000.0,-85.997278,166.240213
2217,-1000.0,1000.0,-inf,inf
2218,-1000.0,1000.0,-inf,inf
2219,-1000.0,1000.0,-inf,inf
2221,-0.0,1000.0,-inf,inf
2222,-1000.0,1000.0,-inf,inf
2223,-0.0,1000.0,-inf,inf
2224,-1000.0,1000.0,-89.765112,162.472357
2225,-1000.0,1000.0,-inf,inf
2226,-1000.0,1000.0,-inf,inf
2227,-1000.0,1000.0,-inf,inf
2228,-0.0,1000.0,-inf,inf
2230,-1000.0,1000.0,-inf,inf
2231,-1000.0,1000.0,-inf,inf
2232,0.0,1000.0,-85.522543,166.71495
2233,0.0,1000.0,-88.894788,177.409705
2234,-1000.0,1000.0,-inf,inf
2236,-1000.0,1000.0,-inf,inf
2237,-1000.0,1000.0,-inf,inf
2238,-1000.0,1000.0,-inf,inf
2239,-1000.0,1000.0,-inf,inf
2240,-1000.0,1000.0,-92.189742,164.823383
2241,-1000.0,1000.0,-inf,inf
2242,-1000.0,1000.0,-inf,inf
2243,-1000.0,1000.0,-inf,inf
2244,-1000.0,1000.0,-inf,inf
2245,-1000.0,1000.0,-inf,inf
2246,-1000.0,1000.0,-inf,inf
2247,-1000.0,1000.0,-inf,inf
2249,-1000.0,1000.0,-inf,inf
2250,-1000.0,1000.0,-inf,inf
2251,-1000.0,1000.0,-inf,inf
2252,-1000.0,1000.0,-inf,inf
2253,-1000.0,1000.0,-inf,inf
2254,-0.0,1000.0,-inf,inf
2255,-1000.0,1000.0,-inf,inf
2256,-1000.0,1000.0,-inf,inf
2257,-1000.0,1000.0,-inf,inf
2258,-1000.0,1000.0,-inf,inf
2259,-1000.0,1000.0,-220.466355,210.123219
2260,-1000.0,1000.0,-inf,inf
2261,0.0,1000.0,-892.145856,-500.178964
2262,-1000.0,1000.0,-inf,inf
2263,-1000.0,1000.0,-inf,inf
2264,-1000.0,1000.0,-inf,inf
2265,-1000.0,1000.0,-inf,inf
2266,-1000.0,1000.0,-inf,inf
2267,-1000.0,1000.0,-220.466155,213.26337
2268,-1000.0,1000.0,-inf,inf
2269,0.0,1000.0,-895.814473,-496.50937
2270,-1000.0,1000.0,-inf,inf
2271,-1000.0,1000.0,-inf,inf
2272,-1000.0,1000.0,-inf,inf
2273,-1000.0,1000.0,-inf,inf
2274,-1000.0,1000.0,-inf,inf
2275,-1000.0,1000.0,-220.782482,210.43837
2276,-1000.0,1000.0,-inf,inf
2277,0.0,1000.0,-892.516672,-500.179164
2278,-1000.0,1000.0,-inf,inf
2279,-1000.0,1000.0,-inf,inf
2280,-1000.0,1000.0,-inf,inf
2281,-1000.0,1000.0,-inf,inf
2282,-1000.0,1000.0,-inf,inf
2283,-1000.0,1000.0,-inf,inf
2284,-1000.0,1000.0,-inf,inf
2285,-1000.0,1000.0,-inf,inf
2286,-1000.0,1000.0,-inf,inf
2287,-1000.0,1000.0,-inf,inf
2288,-1000.0,1000.0,-inf,inf
2289,-1000.0,1000.0,-inf,inf
2290,-1000.0,1000.0,-inf,inf
2291,-1000.0,1000.0,-inf,inf
2292,-1000.0,1000.0,-inf,inf
2293,-1000.0,1000.0,-inf,inf
2294,-1000.0,1000.0,-inf,inf
2295,-1000.0,1000.0,-inf,inf
2296,-1000.0,1000.0,-inf,inf
2297,-1000.0,1000.0,-inf,inf
2298,-1000.0,1000.0,-inf,inf
2299,-1000.0,1000.0,-inf,inf
2300,-1000.0,1000.0,-inf,inf
2301,-1000.0,1000.0,-inf,inf
2302,-1000.0,1000.0,-inf,inf
2303,-1000.0,1000.0,-inf,inf
2304,0.0,1000.0,-inf,inf
2305,-1000.0,1000.0,-inf,inf
2306,-1000.0,1000.0,-inf,inf
2307,-1000.0,1000.0,-inf,inf
2308,-1000.0,1000.0,-inf,inf
2309,-1000.0,1000.0,-inf,inf
2310,-1000.0,1000.0,-inf,inf
2311,-1000.0,1000.0,-inf,inf
2312,-1000.0,1000.0,-inf,inf
2313,-1000.0,1000.0,-inf,inf
2314,-1000.0,1000.0,-inf,inf
2315,-1000.0,1000.0,-inf,inf
2316,-1000.0,1000.0,-inf,inf
2317,-1000.0,1000.0,-inf,inf
2318,-1000.0,1000.0,-inf,inf
2319,-1000.0,1000.0,-inf,inf
2320,-1000.0,1000.0,-inf,inf
2321,-1000.0,1000.0,-inf,inf
2322,-1000.0,1000.0,-inf,inf
2323,-1000.0,1000.0,-210.155112,200.704189
2324,-1000.0,1000.0,-210.904065,201.453142
2325,-1000.0,1000.0,-209.853166,201.219016
2326,0.0,1000.0,-inf,inf
2327,-1000.0,1000.0,-inf,inf
2328,-1000.0,1000.0,-inf,inf
2329,-1000.0,1000.0,-inf,inf
2331,-1000.0,1000.0,-213.544423,204.094476
2332,-1000.0,1000.0,-214.273015,204.823068
2333,-0.0,1000.0,-213.239568,204.606394
2334,-1000.0,1000.0,-inf,inf
2335,-1000.0,1000.0,-213.881073,204.429906
2336,-1000.0,1000.0,-214.660179,205.209256
2339,-1000.0,1000.0,-210.496997,201.045097
2340,-1000.0,1000.0,-211.243848,201.791949
2341,-1000.0,1000.0,-210.19475,201.559623
2342,-1000.0,1000.0,-inf,inf
2343,-1000.0,1000.0,-inf,inf
2344,-1000.0,1000.0,-inf,inf
2345,-1000.0,1000.0,-inf,inf
2346,-1000.0,1000.0,-inf,inf
2347,-1000.0,1000.0,-inf,inf
2348,-1000.0,1000.0,-inf,inf
2349,-1000.0,1000.0,-inf,inf
2350,-1000.0,1000.0,-inf,inf
2351,-1000.0,1000.0,-214.153193,204.70105
2352,-1000.0,1000.0,-214.930611,205.478711
2353,-1000.0,1000.0,-213.863287,205.227672
2354,-1000.0,1000.0,-inf,inf
2355,-1000.0,1000.0,-inf,inf
2356,-1000.0,1000.0,-inf,inf
2357,-1000.0,1000.0,-inf,inf
2358,-1000.0,1000.0,-inf,inf
2359,-1000.0,1000.0,-inf,inf
2360,-1000.0,1000.0,-inf,inf
2361,-1000.0,1000.0,-inf,inf
2362,-1000.0,1000.0,-inf,inf
2363,0.0,1000.0,-inf,inf
2364,-1000.0,1000.0,-inf,inf
2365,-1000.0,1000.0,-inf,inf
2366,-1000.0,1000.0,-inf,inf
2367,-1000.0,1000.0,-214.152723,204.701556
2368,-1000.0,1000.0,-214.93014,205.479217
2369,-1000.0,1000.0,-213.862816,205.228177
2370,-1000.0,1000.0,-inf,inf
2371,-1000.0,1000.0,-inf,inf
2372,-1000.0,1000.0,-inf,inf
2373,-1000.0,1000.0,-inf,inf
2374,-1000.0,1000.0,-inf,inf
2375,-1000.0,1000.0,-inf,inf
2376,-1000.0,1000.0,-inf,inf
2377,-1000.0,1000.0,-inf,inf
2378,-1000.0,1000.0,-inf,inf
2379,-1000.0,1000.0,-inf,inf
2380,0.0,1000.0,-inf,inf
2381,-1000.0,1000.0,-inf,inf
2382,-1000.0,1000.0,-inf,inf
2383,-1000.0,1000.0,-214.454363,205.003196
2384,-1000.0,1000.0,-215.229913,205.778991
2386,-1000.0,1000.0,-inf,inf
2387,-1000.0,1000.0,-282.302446,89.393004
2388,-1000.0,1000.0,-283.086625,90.177183
2389,0.0,1000.0,-282.005535,89.912865
2390,-1000.0,1000.0,-inf,inf
2391,-1000.0,1000.0,-282.545019,89.635211
2392,-1000.0,1000.0,-283.384053,90.474489
2393,-1000.0,1000.0,-282.264547,90.171268
2394,-1000.0,1000.0,-276.443504,90.360845
2395,-1000.0,1000.0,-275.978513,90.714208
2396,-1000.0,1000.0,-276.611861,91.34628
2397,-1000.0,1000.0,-276.35289,90.27169
2398,-1000.0,1000.0,-inf,inf
2400,-1000.0,1000.0,-281.954732,91.309134
2401,-1000.0,1000.0,-280.873387,91.04505
2402,0.0,1000.0,-inf,inf
2403,-1000.0,1000.0,-281.412736,90.767504
2404,-1000.0,1000.0,-282.251889,91.606657
2405,-1000.0,1000.0,-281.132383,91.303436
2406,-1000.0,1000.0,-275.310648,91.493724
2407,-1000.0,1000.0,-274.846341,91.846373
2408,-1000.0,1000.0,-275.47901,92.479164
2409,-1000.0,1000.0,-275.22074,91.403877
2410,-1000.0,1000.0,-inf,inf
2411,-1000.0,1000.0,-291.910956,100.373756
2412,-1000.0,1000.0,-inf,inf
2413,0.0,1000.0,-943.275863,-591.449569
2414,-1000.0,1000.0,-inf,inf
2415,-1000.0,1000.0,-inf,inf
2416,-1000.0,1000.0,-inf,inf
2417,-1000.0,0.0,-inf,inf
2418,-1000.0,0.0,301.093313,689.176171
2419,0.0,1000.0,-285.018017,101.276594
2420,-1000.0,0.0,443.702918,724.749227
2422,-1000.0,1000.0,-297.521051,97.374552
2423,-1000.0,1000.0,-153.770739,9.377552
2424,-1000.0,1000.0,-242.034484,46.638733
2425,-1000.0,1000.0,-268.363564,77.718591
2426,-1000.0,1000.0,-297.701363,97.55401
2427,-1000.0,1000.0,-125.476656,9.907473
2428,-1000.0,1000.0,-267.216761,76.571376
2429,-1000.0,1000.0,-268.667147,78.02132
2431,-1000.0,1000.0,-234.221443,44.836938
2432,-1000.0,1000.0,-259.042088,74.408361
2433,-1000.0,1000.0,-259.325654,74.691637
2434,-1000.0,1000.0,-119.933149,5.353505
2435,-1000.0,1000.0,-inf,inf
2436,-1000.0,1000.0,-152.430705,6.304352
2437,-0.0,1000.0,-202.899599,12.254222
2438,-1000.0,1000.0,-196.74308,6.097299
2439,-1000.0,1000.0,-197.991981,17.491479
2441,-1000.0,1000.0,-203.433226,12.787727
2442,0.0,352.64187,-228.665286,-35.837652
2443,0.0,352.64187,-238.027137,-36.620958
2444,0.0,352.64187,-229.751721,-34.751171
2445,0.0,352.64187,-233.166865,-31.336356
2446,-1000.0,1000.0,-inf,inf
2447,-1000.0,1000.0,-inf,inf
2448,-1000.0,1000.0,-inf,inf
2449,-1000.0,1000.0,-inf,inf
2450,-1000.0,1000.0,-inf,inf
2451,-1000.0,1000.0,-inf,inf
2452,0.0,1000.0,-430.978122,-163.028148
2453,1000.0,1000.0,-inf,inf
2454,-1000.0,1000.0,-inf,inf
2455,-1000.0,1000.0,-inf,inf
2456,-1000.0,1000.0,-inf,inf
2457,-1000.0,1000.0,-inf,inf
2458,-1000.0,1000.0,-inf,inf
2459,-1000.0,1000.0,-inf,inf
2460,0.0,1000.0,-439.783607,-163.028152
2461,-1000.0,1000.0,-inf,inf
2462,-1000.0,1000.0,-inf,inf
2463,-1000.0,1000.0,-inf,inf
2464,0.0,1000.0,-280.237522,-65.762931
2465,0.0,1000.0,-288.913102,-57.087839
2467,0.0,1000.0,-288.913089,-57.087852
2469,-1000.0,1000.0,-205.263699,169.343156
2470,-1000.0,1000.0,-203.913983,167.992709
2471,-1000.0,1000.0,-205.560551,169.640253
2472,-1000.0,1000.0,-inf,inf
2473,-1000.0,1000.0,-205.560593,169.640295
2474,-1000.0,1000.0,-204.327744,168.407446
2475,-1000.0,1000.0,-205.889886,169.968611
2476,-1000.0,1000.0,-inf,inf
2477,-1000.0,1000.0,-inf,inf
2478,-1000.0,1000.0,-inf,inf
2479,-1000.0,1000.0,-inf,inf
2480,-1000.0,1000.0,-inf,inf
2481,-1000.0,1000.0,-inf,inf
2482,0.0,1000.0,-250.997547,-27.563558
2483,0.0,1000.0,-249.363098,-24.146499
2485,-1000.0,1000.0,-inf,inf
2486,-1000.0,1000.0,-inf,inf
2487,-1000.0,1000.0,-inf,inf
2488,-1000.0,1000.0,-inf,inf
2489,-1000.0,1000.0,-inf,inf
2490,0.0,1000.0,-247.540531,-27.215758
2491,0.0,1000.0,-258.280136,-23.798662
2492,-1000.0,1000.0,-inf,inf
2493,-1000.0,1000.0,-inf,inf
2494,-1000.0,1000.0,-inf,inf
2495,-1000.0,1000.0,-inf,inf
2496,-1000.0,1000.0,-inf,inf
2497,-1000.0,1000.0,-inf,inf
2498,0.0,1000.0,-250.64971,-27.215771
2499,0.0,1000.0,-261.389251,-23.798618
2500,-1000.0,1000.0,-inf,inf
2501,-1000.0,1000.0,-inf,inf
2502,-1000.0,1000.0,-inf,inf
2503,-1000.0,1000.0,-inf,inf
2504,-1000.0,1000.0,-inf,inf
2505,-1000.0,1000.0,-inf,inf
2506,0.0,1000.0,-252.451661,-29.017679
2507,0.0,1000.0,-263.191195,-25.600533
2509,0.0,1000.0,-inf,inf
2510,-1000.0,1000.0,-inf,inf
2511,-1000.0,1000.0,-inf,inf
2512,-1000.0,1000.0,-inf,inf
2513,-1000.0,1000.0,-inf,inf
2514,0.0,1000.0,-250.997565,-27.563539
2515,-1000.0,1000.0,-inf,inf
2516,-1000.0,1000.0,-inf,inf
2517,-1000.0,1000.0,-inf,inf
2518,-1000.0,1000.0,-inf,inf
2519,-1000.0,1000.0,-inf,inf
2520,-1000.0,1000.0,-inf,inf
2521,-1000.0,1000.0,-inf,inf
2522,0.0,1000.0,-247.541385,-27.216575
2523,-0.0,1000.0,-inf,inf
2524,-1000.0,1000.0,-inf,inf
2525,-1000.0,1000.0,-inf,inf
2526,-1000.0,1000.0,-inf,inf
2527,-0.0,1000.0,-inf,inf
2528,-1000.0,1000.0,-inf,inf
2529,-1000.0,1000.0,-inf,inf
2530,0.0,1000.0,-250.65055,-27.216602
2531,-1000.0,1000.0,-inf,inf
2532,-1000.0,1000.0,-inf,inf
2533,-1000.0,1000.0,-inf,inf
2534,-1000.0,1000.0,-inf,inf
2535,0.0,1000.0,-inf,inf
2536,-1000.0,1000.0,-inf,inf
2537,-1000.0,1000.0,-inf,inf
2538,0.0,1000.0,-252.446562,-29.012605
2539,-1000.0,1000.0,-inf,inf
2540,-0.0,1000.0,-inf,inf
2541,-1000.0,1000.0,-inf,inf
2542,-1000.0,1000.0,-inf,inf
2543,-1000.0,1000.0,-inf,inf
2544,-1000.0,1000.0,-inf,inf
2545,-1000.0,1000.0,-inf,inf
2546,0.0,1000.0,-inf,inf
2547,0.0,1000.0,-inf,inf
2549,-1000.0,1000.0,-inf,inf
2550,-1000.0,1000.0,-inf,inf
2551,-1000.0,1000.0,-inf,inf
2552,-1000.0,1000.0,-inf,inf
2553,-1000.0,1000.0,-inf,inf
2554,0.0,1000.0,-inf,inf
2555,0.0,1000.0,-inf,inf
2556,-1000.0,1000.0,-inf,inf
2557,-1000.0,1000.0,-inf,inf
2558,0.0,1000.0,-inf,inf
2559,-1000.0,1000.0,-inf,inf
2560,-1000.0,1000.0,-inf,inf
2562,0.0,1000.0,-253.402497,-25.158669
2563,-1000.0,1000.0,-inf,inf
2564,-1000.0,1000.0,-inf,inf
2565,-1000.0,1000.0,-inf,inf
2566,-1000.0,1000.0,-inf,inf
2567,-1000.0,1000.0,-inf,inf
2568,-1000.0,1000.0,-inf,inf
2569,-1000.0,1000.0,-inf,inf
2570,0.0,1000.0,-249.90951,-24.774846
2571,-1000.0,1000.0,-inf,inf
2572,-1000.0,1000.0,-inf,inf
2573,-1000.0,1000.0,-inf,inf
2574,-1000.0,1000.0,-inf,inf
2575,-1000.0,1000.0,-inf,inf
2576,-1000.0,1000.0,-inf,inf
2577,-1000.0,1000.0,-inf,inf
2579,-1000.0,1000.0,-inf,inf
2580,-1000.0,1000.0,-inf,inf
2581,-1000.0,1000.0,-inf,inf
2582,-1000.0,1000.0,-inf,inf
2583,-1000.0,1000.0,-inf,inf
2584,-1000.0,1000.0,-inf,inf
2586,-1000.0,1000.0,-inf,inf
2587,-1000.0,1000.0,-inf,inf
2588,-1000.0,1000.0,-inf,inf
2589,-1000.0,1000.0,-inf,inf
2590,-1000.0,1000.0,-inf,inf
2591,-1000.0,1000.0,-inf,inf
2592,0.0,1000.0,-242.159034,-30.112853
2593,-1000.0,1000.0,-inf,inf
2594,-1000.0,1000.0,-inf,inf
2595,-1000.0,1000.0,-inf,inf
2596,-1000.0,1000.0,-inf,inf
2597,-1000.0,1000.0,-inf,inf
2598,-1000.0,1000.0,-inf,inf
2599,-1000.0,1000.0,-inf,inf
2600,0.0,1000.0,-242.647039,-30.60086
2601,-1000.0,1000.0,-inf,inf
2602,-1000.0,1000.0,-inf,inf
2603,-1000.0,1000.0,-inf,inf
2608,0.0,0.0,-inf,inf
2609,0.0,0.0,-inf,inf
2610,0.0,0.0,-inf,inf
2611,0.0,0.0,-inf,inf
2612,0.0,0.0,-inf,inf
2613,0.0,0.0,-inf,inf
2614,0.0,0.0,-inf,inf
2615,0.0,0.0,-inf,inf
2616,-1000.0,1000.0,-299.094971,103.387605
2617,-1000.0,1000.0,-299.506882,103.798417
2618,-1000.0,1000.0,-301.948725,103.824855
2619,-1000.0,1000.0,-302.367195,104.243691
2620,-1000.0,1000.0,-300.06938,101.945998
2621,-1000.0,1000.0,-300.474937,102.350945
2622,-1000.0,1000.0,-329.573926,133.616072
2623,-1000.0,1000.0,-329.890919,133.932454
2624,-1000.0,1000.0,-294.977986,96.854117
2625,-1000.0,1000.0,-295.35972,97.236217
2626,-1000.0,1000.0,-294.977972,96.854102
2627,-1000.0,1000.0,-295.35982,97.236073
2628,-1000.0,1000.0,-196.308962,15.115146
2629,-1000.0,1000.0,-200.966002,19.771819
2630,-1000.0,1000.0,-197.407722,16.213662
2631,-1000.0,1000.0,-inf,inf
2632,-1000.0,1000.0,-inf,inf
2633,-1000.0,1000.0,-210.319658,29.124499
2634,-1000.0,1000.0,-inf,inf
2635,-1000.0,1000.0,-210.827611,29.633306
2636,-1000.0,1000.0,-inf,inf
2637,-1000.0,1000.0,-201.992213,20.799008
2638,-1000.0,1000.0,-198.709132,17.515072
2639,-1000.0,1000.0,-inf,inf
2640,-1000.0,1000.0,-inf,inf
2641,-1000.0,1000.0,-inf,inf
2642,-1000.0,1000.0,-inf,inf
2643,-1000.0,1000.0,-211.505335,30.312007
2644,-1000.0,1000.0,-197.597378,16.403074
2645,-1000.0,1000.0,-inf,inf
2646,-1000.0,1000.0,-198.709236,17.515176
2647,-1000.0,1000.0,-inf,inf
2648,-1000.0,1000.0,-inf,inf
2649,-1000.0,1000.0,-inf,inf
2650,-1000.0,1000.0,-inf,inf
2652,-1000.0,1000.0,-198.943118,17.748813
2653,-1000.0,1000.0,-inf,inf
2654,-1000.0,1000.0,-inf,inf
2655,-1000.0,1000.0,-inf,inf
2656,-1000.0,1000.0,-205.546343,24.35155
2657,-1000.0,1000.0,-inf,inf
2658,-1000.0,1000.0,-inf,inf
2659,-1000.0,1000.0,-212.250098,31.055794
2660,-1000.0,1000.0,-inf,inf
2661,-1000.0,1000.0,-inf,inf
2662,-1000.0,1000.0,-inf,inf
2663,-1000.0,1000.0,-inf,inf
2664,-1000.0,1000.0,-inf,inf
2665,-1000.0,1000.0,-inf,inf
2666,-1000.0,1000.0,-inf,inf
2667,-1000.0,1000.0,-inf,inf
2668,0.0,0.0,-inf,inf
2669,0.0,0.0,-inf,inf
2670,0.0,0.0,-inf,inf
2671,0.0,0.0,-inf,inf
2672,-1000.0,1000.0,-inf,inf
2673,-1000.0,1000.0,-inf,inf
2674,-1000.0,1000.0,-inf,inf
2675,-1000.0,1000.0,-inf,inf
2676,-1000.0,1000.0,-inf,inf
2677,-1000.0,1000.0,-inf,inf
2678,-1000.0,1000.0,-inf,inf
2679,-1000.0,1000.0,-inf,inf
2680,-1000.0,1000.0,-inf,inf
2681,-1000.0,1000.0,-280.909228,90.525162
2682,-1000.0,1000.0,-281.954449,91.309339
2683,-1000.0,1000.0,-280.87337,91.045033
2684,-1000.0,1000.0,-inf,inf
2685,-1000.0,1000.0,-281.412724,90.767492
2686,-1000.0,1000.0,-282.251849,91.606617
2687,-1000.0,1000.0,-281.13239,91.303442
2688,-1000.0,1000.0,-inf,inf
2689,-1000.0,1000.0,-291.910955,100.373755
2690,-1000.0,1000.0,-inf,inf
2691,0.0,1000.0,-943.275887,-591.449545
2692,-1000.0,1000.0,-inf,inf
2693,-1000.0,1000.0,-inf,inf
2694,-1000.0,1000.0,-inf,inf
2695,-1000.0,1000.0,-inf,inf
2696,-1000.0,1000.0,-inf,inf
2697,-1000.0,1000.0,-inf,inf
2698,-1000.0,1000.0,-inf,inf
2699,-1000.0,1000.0,-inf,inf
2700,0.0,1000.0,-84.460465,156.492132
2701,-1000.0,1000.0,-inf,inf
2702,-1000.0,1000.0,-inf,inf
2703,-1000.0,1000.0,-inf,inf
2704,-1000.0,1000.0,-inf,inf
2705,-1000.0,1000.0,-inf,inf
2706,-1000.0,1000.0,-inf,inf
2707,-1000.0,1000.0,-inf,inf
2708,0.0,1000.0,-84.798783,156.153817
2709,-1000.0,1000.0,-inf,inf
2710,-1000.0,1000.0,-inf,inf
2711,-1000.0,1000.0,-inf,inf
2712,-1000.0,1000.0,-inf,inf
2713,-1000.0,1000.0,-inf,inf
2714,-1000.0,1000.0,-inf,inf
2715,-1000.0,1000.0,-inf,inf
2716,-1000.0,1000.0,-inf,inf
2717,-1000.0,1000.0,-inf,inf
2718,-1000.0,1000.0,-inf,inf
2719,-1000.0,1000.0,-inf,inf
2720,-1000.0,1000.0,-inf,inf
2721,-1000.0,1000.0,-inf,inf
2722,-1000.0,1000.0,-inf,inf
2723,-1000.0,1000.0,-inf,inf
2724,-1000.0,1000.0,-inf,inf
2725,-1000.0,1000.0,-inf,inf
2726,-1000.0,1000.0,-inf,inf
2727,-1000.0,1000.0,-inf,inf
2728,-1000.0,1000.0,-inf,inf
2729,-1000.0,1000.0,-inf,inf
2730,-1000.0,1000.0,-inf,inf
2731,-1000.0,1000.0,-inf,inf
2732,-1000.0,1000.0,-inf,inf
2733,-1000.0,1000.0,-inf,inf
2734,-1000.0,1000.0,-inf,inf
2735,-1000.0,1000.0,-inf,inf
2736,-1000.0,1000.0,-inf,inf
2737,-1000.0,1000.0,-inf,inf
2738,-1000.0,1000.0,-inf,inf
2739,-1000.0,1000.0,-inf,inf
2740,-1000.0,1000.0,-inf,inf
2741,-1000.0,1000.0,-inf,inf
2742,-1000.0,1000.0,-inf,inf
2743,-1000.0,1000.0,-inf,inf
2744,-1000.0,1000.0,-inf,inf
2745,-1000.0,1000.0,-inf,inf
2746,-1000.0,1000.0,-inf,inf
2747,-1000.0,1000.0,-inf,inf
2748,-1000.0,1000.0,-inf,inf
2749,-1000.0,1000.0,-inf,inf
2750,-1000.0,1000.0,-inf,inf
2751,-1000.0,1000.0,-inf,inf
2752,-1000.0,1000.0,-inf,inf
2753,-0.0,1000.0,-inf,inf
2754,-1000.0,1000.0,-inf,inf
2755,-1000.0,1000.0,-inf,inf
2756,-1000.0,1000.0,-inf,inf
2757,-1000.0,1000.0,-inf,inf
2758,-1000.0,1000.0,-inf,inf
2759,-1000.0,1000.0,-inf,inf
2760,-1000.0,1000.0,-inf,inf
2761,-1000.0,1000.0,-inf,inf
2762,-1000.0,1000.0,-inf,inf
2763,-1000.0,1000.0,-inf,inf
2764,-1000.0,1000.0,-inf,inf
2765,-1000.0,1000.0,-inf,inf
2766,-1000.0,1000.0,-inf,inf
2767,-1000.0,1000.0,-inf,inf
2768,-1000.0,1000.0,-inf,inf
2769,-1000.0,1000.0,-inf,inf
2770,-1000.0,1000.0,-inf,inf
2771,-1000.0,1000.0,-inf,inf
2772,-1000.0,1000.0,-inf,inf
2773,-1000.0,1000.0,-inf,inf
2774,-1000.0,1000.0,-inf,inf
2775,0.0,1000.0,-inf,inf
2776,-1000.0,1000.0,-inf,inf
2777,-1000.0,1000.0,-inf,inf
2778,-1000.0,1000.0,-inf,inf
2779,-1000.0,1000.0,-inf,inf
2780,-1000.0,1000.0,-inf,inf
2781,-1000.0,1000.0,-inf,inf
2782,-1000.0,1000.0,-inf,inf
2783,-1000.0,1000.0,-inf,inf
2784,-1000.0,1000.0,-inf,inf
2785,-1000.0,1000.0,-inf,inf
2786,-1000.0,1000.0,-inf,inf
2787,-1000.0,1000.0,-inf,inf
2788,-1000.0,1000.0,-inf,inf
2789,-1000.0,1000.0,-inf,inf
2790,-1000.0,1000.0,-inf,inf
2791,-1000.0,1000.0,-inf,inf
2792,-1000.0,1000.0,-inf,inf
2793,-1000.0,1000.0,-inf,inf
2794,-1000.0,1000.0,-inf,inf
2795,-1000.0,1000.0,-inf,inf
2796,-1000.0,1000.0,-inf,inf
2797,-1000.0,1000.0,-inf,inf
2798,-1000.0,1000.0,-inf,inf
2799,-1000.0,1000.0,-inf,inf
2800,-1000.0,1000.0,-inf,inf
2801,-1000.0,1000.0,-inf,inf
2802,-1000.0,1000.0,-inf,inf
2803,-1000.0,1000.0,-inf,inf
2804,-1000.0,1000.0,-inf,inf
2805,-1000.0,1000.0,-inf,inf
2806,-1000.0,1000.0,-inf,inf
2807,-1000.0,1000.0,-inf,inf
2808,-1000.0,1000.0,-inf,inf
2809,-1000.0,1000.0,-inf,inf
2810,-1000.0,1000.0,-inf,inf
2811,-1000.0,1000.0,-inf,inf
2812,-1000.0,1000.0,-inf,inf
2813,-1000.0,1000.0,-inf,inf
2814,-1000.0,1000.0,-inf,inf
2815,-1000.0,1000.0,-inf,inf
2816,-1000.0,1000.0,-inf,inf
2817,-1000.0,1000.0,-inf,inf
2818,-1000.0,1000.0,-inf,inf
2819,-1000.0,1000.0,-inf,inf
2820,-1000.0,1000.0,-inf,inf
2821,-1000.0,1000.0,-inf,inf
2822,-1000.0,1000.0,-inf,inf
2823,-1000.0,1000.0,-inf,inf
2824,-1000.0,1000.0,-inf,inf
2825,-1000.0,1000.0,-inf,inf
2826,-1000.0,1000.0,-inf,inf
2827,-1000.0,1000.0,-inf,inf
2828,-1000.0,1000.0,-inf,inf
2829,-1000.0,1000.0,-inf,inf
2830,-1000.0,1000.0,-inf,inf
2832,-1000.0,1000.0,-inf,inf
2833,-1000.0,1000.0,-inf,inf
2834,-1000.0,1000.0,-inf,inf
2835,-1000.0,1000.0,-inf,inf
2836,-1000.0,1000.0,-inf,inf
2837,-1000.0,1000.0,-inf,inf
2838,-1000.0,1000.0,-inf,inf
2839,-1000.0,1000.0,-inf,inf
2840,-1000.0,1000.0,-inf,inf
2841,-1000.0,1000.0,-inf,inf
2842,-1000.0,1000.0,-inf,inf
2843,-1000.0,1000.0,-inf,inf
2844,-1000.0,1000.0,-inf,inf
2845,-1000.0,1000.0,-inf,inf
2846,-1000.0,1000.0,-inf,inf
2847,0.0,1000.0,-inf,inf
2848,-1000.0,1000.0,-inf,inf
2849,-1000.0,1000.0,-inf,inf
2850,-1000.0,1000.0,-inf,inf
2851,-1000.0,1000.0,-inf,inf
2852,-1000.0,1000.0,-inf,inf
2853,-1000.0,1000.0,-inf,inf
2854,-1000.0,1000.0,-inf,inf
2855,-1000.0,1000.0,-inf,inf
2856,-1000.0,1000.0,-inf,inf
2857,-1000.0,1000.0,-inf,inf
2858,-1000.0,1000.0,-inf,inf
2859,-1000.0,1000.0,-inf,inf
2860,-1000.0,1000.0,-inf,inf
2861,-1000.0,1000.0,-inf,inf
2862,0.0,1000.0,-inf,inf
2863,-1000.0,1000.0,-inf,inf
2864,-1000.0,1000.0,-inf,inf
2865,-1000.0,1000.0,-inf,inf
2866,-1000.0,1000.0,-inf,inf
2867,-1000.0,1000.0,-inf,inf
2868,-1000.0,1000.0,-inf,inf
2869,-1000.0,1000.0,-inf,inf
2870,-1000.0,1000.0,-inf,inf
2871,-1000.0,1000.0,-inf,inf
2874,-1000.0,1000.0,-inf,inf
2876,-1000.0,1000.0,-inf,inf
2877,-1000.0,1000.0,-inf,inf
2878,-1000.0,1000.0,-inf,inf
2879,-1000.0,1000.0,-inf,inf
2880,-1000.0,1000.0,-inf,inf
2881,-1000.0,1000.0,-inf,inf
2882,-0.0,1000.0,-inf,inf
2883,-1000.0,1000.0,-inf,inf
2884,-1000.0,1000.0,-inf,inf
2886,-1000.0,1000.0,-inf,inf
2887,-1000.0,1000.0,-inf,inf
2888,-1000.0,1000.0,-inf,inf
2889,-1000.0,1000.0,-inf,inf
2890,-1000.0,1000.0,-inf,inf
2891,-1000.0,1000.0,-inf,inf
2892,-1000.0,1000.0,-inf,inf
2893,-1000.0,1000.0,-inf,inf
2894,-1000.0,1000.0,-inf,inf
2895,0.33873,1000.0,-inf,inf
2897,-61.72779,-0.33873,-inf,inf
2898,-1000.0,1000.0,-inf,inf
2899,-1000.0,1000.0,-inf,inf
2900,-1000.0,1000.0,-inf,inf
2901,0.0,1000.0,-inf,inf
2902,-1000.0,1000.0,-inf,inf
2903,-1000.0,1000.0,-inf,inf
2904,-1000.0,1000.0,-inf,inf
2905,-1000.0,0.0,-inf,inf
2906,-1000.0,1000.0,-inf,inf
2907,-1000.0,1000.0,-inf,inf
2908,-1000.0,1000.0,-inf,inf
2909,-461.914129,1000.0,-inf,inf
2910,-417.029448,1000.0,-inf,inf
2911,-442.95886,999.1044,-inf,inf
2912,-999.1044,442.95886,-inf,inf
2913,0.0,0.0,-inf,inf
2914,0.0,0.0,-inf,inf
2915,0.0,0.0,-inf,inf
2916,-1000.0,1000.0,-inf,inf
2918,-1000.0,1000.0,-inf,inf
2919,-1000.0,1000.0,-inf,inf
2920,-1000.0,1000.0,-inf,inf
2921,-1000.0,1000.0,-inf,inf
2922,-1000.0,1000.0,-inf,inf
2923,-1000.0,1000.0,-inf,inf
2924,-1000.0,1000.0,-inf,inf
2925,-1000.0,1000.0,-inf,inf
2926,-1000.0,1000.0,-inf,inf
2927,-1000.0,1000.0,-inf,inf
2928,-1000.0,1000.0,-inf,inf
2929,-1000.0,1000.0,-inf,inf
2930,-1000.0,1000.0,-inf,inf
2931,-1000.0,1000.0,-inf,inf
2932,-1000.0,1000.0,-inf,inf
2933,-1000.0,1000.0,-inf,inf
2934,-1000.0,1000.0,-inf,inf
2935,-1000.0,1000.0,-inf,inf
2936,-1000.0,1000.0,-inf,inf
2937,-1000.0,1000.0,-inf,inf
2938,-1000.0,1000.0,-inf,inf
2939,-1000.0,1000.0,-inf,inf
2940,-1000.0,1000.0,-inf,inf
2941,-1000.0,1000.0,-inf,inf
2942,-1000.0,1000.0,-inf,inf
2943,-1000.0,1000.0,-inf,inf
2944,-1000.0,1000.0,-inf,inf
2945,-1000.0,1000.0,-inf,inf
2946,-666.666667,666.666667,-inf,inf
2947,-666.666667,666.666667,-inf,inf
2948,-666.666667,666.666667,-inf,inf
2949,-1000.0,1000.0,-inf,inf
2950,0.0,1000.0,-inf,inf
2951,-1000.0,1000.0,-inf,inf
2952,-1000.0,1000.0,-inf,inf
2953,-1000.0,1000.0,-inf,inf
2954,-1000.0,1000.0,-inf,inf
2955,-1000.0,1000.0,-inf,inf
2956,0.0,1000.0,-inf,inf
2957,-1000.0,1000.0,-inf,inf
2958,-1000.0,1000.0,-inf,inf
2959,-1000.0,1000.0,-inf,inf
2960,-1000.0,1000.0,-inf,inf
2961,-1000.0,1000.0,-inf,inf
2962,0.0,0.0,-inf,inf
2963,-1000.0,1000.0,-inf,inf
2964,0.0,1000.0,-inf,inf
2966,-1000.0,1000.0,-inf,inf
2967,-1000.0,1000.0,-inf,inf
2968,-1000.0,1000.0,-inf,inf
2969,-1000.0,1000.0,-inf,inf
2970,-1000.0,1000.0,-inf,inf
2971,0.0,352.64187,-inf,inf
2972,-1000.0,1000.0,-inf,inf
2973,-1000.0,1000.0,-inf,inf
2974,-1000.0,1000.0,-inf,inf
2975,-1000.0,1000.0,-inf,inf
2976,0.0,0.0,-inf,inf
2977,0.0,0.0,-inf,inf
2978,-1000.0,1000.0,-inf,inf
2979,-1000.0,1000.0,-inf,inf
2980,-1000.0,1000.0,-inf,inf
2981,-1000.0,1000.0,-inf,inf
2982,-1000.0,1000.0,-inf,inf
2983,-1000.0,1000.0,-inf,inf
2984,-1000.0,1000.0,-inf,inf
2985,-1000.0,1000.0,-inf,inf
2986,-1000.0,1000.0,-inf,inf
2987,-1000.0,1000.0,-inf,inf
2988,-1000.0,1000.0,-inf,inf
2989,-1000.0,1000.0,-inf,inf
2990,0.0,1000.0,-inf,inf
2991,-1000.0,1000.0,-inf,inf
2992,-1000.0,1000.0,-inf,inf
2993,-1000.0,1000.0,-inf,inf
2994,-1000.0,1000.0,-inf,inf
2995,-1000.0,1000.0,-inf,inf
2996,-1000.0,1000.0,-inf,inf
2997,-1000.0,1000.0,-inf,inf
2998,-1000.0,1000.0,-inf,inf
2999,-1000.0,1000.0,-inf,inf
3000,-1000.0,1000.0,-inf,inf
3001,-1000.0,1000.0,-inf,inf
3002,-1000.0,1000.0,-inf,inf
3003,-1000.0,1000.0,-inf,inf
3004,-1000.0,1000.0,-inf,inf
3005,-1000.0,1000.0,-inf,inf
3006,-1000.0,1000.0,-inf,inf
3007,-1000.0,1000.0,-inf,inf
3008,-1000.0,1000.0,-inf,inf
3009,-1000.0,1000.0,-inf,inf
3010,0.0,1000.0,-inf,inf
3013,-1000.0,1000.0,-inf,inf
3014,-1000.0,1000.0,-inf,inf
3015,-1000.0,1000.0,-inf,inf
3017,-1000.0,1000.0,-inf,inf
3018,-1000.0,1000.0,-inf,inf
3019,-1000.0,1000.0,-inf,inf
3020,-1000.0,1000.0,-inf,inf
3021,-1000.0,1000.0,-inf,inf
3022,-1000.0,1000.0,-inf,inf
3023,-1000.0,1000.0,-inf,inf
3024,0.0,1000.0,-inf,inf
3025,0.0,1000.0,-inf,inf
3026,-1000.0,1000.0,-inf,inf
3027,-1000.0,1000.0,-inf,inf
3028,-1000.0,1000.0,-inf,inf
3029,-1000.0,1000.0,-inf,inf
3030,-1000.0,1000.0,-inf,inf
3031,-1000.0,1000.0,-inf,inf
3032,-1000.0,1000.0,-inf,inf
3033,-1000.0,1000.0,-inf,inf
3034,-1000.0,1000.0,-inf,inf
3035,-1000.0,1000.0,-inf,inf
3036,-1000.0,1000.0,-inf,inf
3037,-1000.0,1000.0,-inf,inf
3038,0.0,1000.0,-inf,inf
3039,0.0,1000.0,-inf,inf
3040,-1000.0,0.0,-inf,inf
3041,0.0,1000.0,-inf,inf
3042,0.0,1000.0,-inf,inf
3043,-1000.0,1000.0,-inf,inf
3044,-1000.0,1000.0,-inf,inf
3045,-1000.0,1000.0,-inf,inf
3046,-1000.0,1000.0,-inf,inf
3047,-1000.0,1000.0,-inf,inf
3048,-1000.0,1000.0,-inf,inf
3049,-1000.0,1000.0,-inf,inf
3050,-1000.0,1000.0,-inf,inf
3051,-1000.0,1000.0,-inf,inf
3052,-1000.0,1000.0,-inf,inf
3053,-1000.0,1000.0,-inf,inf
3054,0.0,1000.0,-inf,inf
3055,-1000.0,1000.0,-inf,inf
3056,-1000.0,1000.0,-inf,inf
3057,-1000.0,1000.0,-inf,inf
3058,-1000.0,1000.0,-inf,inf
3059,-1000.0,1000.0,-inf,inf
3060,0.0,1000.0,-inf,inf
3061,-1000.0,1000.0,-inf,inf
3063,-1000.0,1000.0,-inf,inf
3064,-1000.0,1000.0,-inf,inf
3065,-1000.0,1000.0,-inf,inf
3066,-1000.0,1000.0,-inf,inf
3067,-1000.0,1000.0,-inf,inf
3068,0.0,1000.0,-inf,inf
3069,-1000.0,1000.0,-inf,inf
3070,-1000.0,1000.0,-inf,inf
3071,-1000.0,1000.0,-inf,inf
3072,-1000.0,1000.0,-inf,inf
3073,-1000.0,1000.0,-inf,inf
3074,-1000.0,1000.0,-inf,inf
3075,-1000.0,1000.0,-inf,inf
3076,-1000.0,1000.0,-inf,inf
3077,-1000.0,1000.0,-inf,inf
3078,-1000.0,1000.0,-inf,inf
3079,-1000.0,1000.0,-inf,inf
3080,-1000.0,1000.0,-inf,inf
3081,-1000.0,1000.0,-inf,inf
3082,-1000.0,1000.0,-inf,inf
3083,-1000.0,1000.0,-inf,inf
3084,-1000.0,1000.0,-inf,inf
3085,-1000.0,1000.0,-inf,inf
3086,-999.58973,1000.0,-inf,inf
3087,-1000.0,1000.0,-inf,inf
3088,-1000.0,1000.0,-inf,inf
3089,-1000.0,1000.0,-inf,inf
3090,-1000.0,1000.0,-inf,inf
3091,-1000.0,1000.0,-inf,inf
3092,0.0,1000.0,-inf,inf
3093,-1000.0,1000.0,-inf,inf
3094,-1000.0,1000.0,-inf,inf
3095,-1000.0,1000.0,-inf,inf
3096,-1000.0,1000.0,-inf,inf
3097,-1000.0,1000.0,-inf,inf
3098,-1000.0,1000.0,-inf,inf
3100,-1000.0,1000.0,-inf,inf
3101,-1000.0,1000.0,-inf,inf
3102,-1000.0,1000.0,-inf,inf
3103,-1000.0,1000.0,-inf,inf
3104,-1000.0,1000.0,-inf,inf
3105,-1000.0,1000.0,-inf,inf
3107,-1000.0,1000.0,-inf,inf
3108,-1000.0,1000.0,-inf,inf
3109,-1000.0,1000.0,-inf,inf
3110,-1000.0,1000.0,-inf,inf
3111,-1000.0,1000.0,-inf,inf
3112,-1000.0,1000.0,-inf,inf
3113,-1000.0,1000.0,-inf,inf
3114,-1000.0,1000.0,-inf,inf
3115,-1000.0,1000.0,-inf,inf
3116,-1000.0,1000.0,-inf,inf
3117,-1000.0,1000.0,-inf,inf
3118,-1000.0,1000.0,-inf,inf
3119,-1000.0,1000.0,-inf,inf
3120,-1000.0,1000.0,-inf,inf
3122,-1000.0,1000.0,-inf,inf
3123,-1000.0,1000.0,-inf,inf
3124,-459.979456,1000.0,-inf,inf
3125,-1000.0,1000.0,-inf,inf
3126,-1000.0,1000.0,-inf,inf
3127,-1000.0,1000.0,-inf,inf
3128,-1000.0,1000.0,-inf,inf
3129,0.0,1000.0,-inf,inf
3130,-1000.0,1000.0,-inf,inf
3131,-1000.0,1000.0,-inf,inf
3132,-1000.0,1000.0,-inf,inf
3133,-1000.0,1000.0,-inf,inf
3134,-1000.0,1000.0,-inf,inf
3135,-1000.0,1000.0,-inf,inf
3136,-1000.0,1000.0,-inf,inf
3137,-0.0,1000.0,-inf,inf
3138,-1000.0,1000.0,-inf,inf
3139,-1000.0,1000.0,-inf,inf
3140,-1000.0,1000.0,-inf,inf
3141,-1000.0,1000.0,-inf,inf
3142,-1000.0,1000.0,-inf,inf
3143,-1000.0,1000.0,-inf,inf
3144,-1000.0,1000.0,-inf,inf
3145,-1000.0,1000.0,-inf,inf
3147,-1000.0,1000.0,-inf,inf
3148,-1000.0,1000.0,-inf,inf
3149,-1000.0,1000.0,-inf,inf
3150,-0.0,1000.0,-inf,inf
3151,-0.0,1000.0,-inf,inf
3152,0.0,1000.0,-inf,inf
3154,-1000.0,1000.0,-inf,inf
3155,-1000.0,1000.0,-inf,inf
3156,-1000.0,1000.0,-inf,inf
3157,-1000.0,1000.0,-inf,inf
3159,-1000.0,1000.0,-inf,inf
3160,-0.0,1000.0,-inf,inf
3161,0.0,1000.0,-inf,inf
3162,0.0,1000.0,-inf,inf
3163,0.0,1000.0,-inf,inf
3164,0.0,1000.0,-inf,inf
3166,0.0,1000.0,-inf,inf
3168,0.0,1000.0,-inf,inf
3169,-1000.0,1000.0,-inf,inf
3170,-1000.0,1000.0,-inf,inf
3171,-1000.0,1000.0,-inf,inf
3172,-1000.0,1000.0,-inf,inf
3173,-1000.0,1000.0,-inf,inf
3175,0.0,1000.0,-inf,inf
3176,-1000.0,1000.0,-inf,inf
3177,-1000.0,1000.0,-inf,inf
3178,-1000.0,1000.0,-inf,inf
3179,-1000.0,1000.0,-inf,inf
3180,-1000.0,1000.0,-inf,inf
3181,-1000.0,1000.0,-inf,inf
3182,-1000.0,1000.0,-inf,inf
3183,-1000.0,1000.0,-inf,inf
3184,-1000.0,1000.0,-inf,inf
3185,-1000.0,1000.0,-inf,inf
3186,-1000.0,1000.0,-inf,inf
3187,-1000.0,1000.0,-inf,inf
3188,-1000.0,1000.0,-inf,inf
3189,-1000.0,1000.0,-inf,inf
3190,-1000.0,1000.0,-inf,inf
3191,-1000.0,1000.0,-inf,inf
3192,-1000.0,1000.0,-inf,inf
3193,0.0,0.0,-inf,inf
3194,0.0,0.0,-inf,inf
3195,0.0,0.0,-inf,inf
3196,0.0,0.0,-inf,inf
3197,0.0,0.0,-inf,inf
3198,0.0,0.0,-inf,inf
3199,0.0,0.0,-inf,inf
3200,0.0,0.0,-inf,inf
3201,-1000.0,1000.0,-inf,inf
3202,-1000.0,1000.0,-inf,inf
3203,-1000.0,1000.0,-inf,inf
3204,-1000.0,1000.0,-inf,inf
3205,-1000.0,1000.0,-inf,inf
3206,-1000.0,1000.0,-inf,inf
3207,1000.0,1000.0,-inf,inf
3208,0.0,1000.0,-inf,inf
3209,-1000.0,1000.0,-inf,inf
3210,-1000.0,1000.0,-inf,inf
3211,0.0,1000.0,-inf,inf
3212,-1000.0,1000.0,-inf,inf
3213,0.0,1000.0,-inf,inf
3214,-1000.0,1000.0,-inf,inf
3215,-1000.0,1000.0,-inf,inf
3216,-1000.0,1000.0,-inf,inf
3217,-1000.0,1000.0,-inf,inf
3218,-1000.0,1000.0,-inf,inf
3219,-1000.0,1000.0,-inf,inf
3220,-1000.0,1000.0,-inf,inf
3221,-1000.0,1000.0,-inf,inf
3222,-1000.0,1000.0,-inf,inf
3223,-1000.0,1000.0,-inf,inf
3225,-0.0,1000.0,-inf,inf
3226,-1000.0,1000.0,-inf,inf
3227,-1000.0,1000.0,-inf,inf
3228,-1000.0,1000.0,-inf,inf
3229,-1000.0,1000.0,-inf,inf
3230,-1000.0,1000.0,-inf,inf
3232,0.0,1000.0,-inf,inf
3233,-1000.0,1000.0,-inf,inf
3234,-1000.0,1000.0,-inf,inf
3235,-1000.0,1000.0,-inf,inf
3236,-1000.0,1000.0,-inf,inf
3237,-1000.0,1000.0,-inf,inf
3238,0.0,1000.0,-inf,inf
3239,-1000.0,1000.0,-inf,inf
3240,-1000.0,1000.0,-inf,inf
3241,-1000.0,1000.0,-inf,inf
3242,-1000.0,1000.0,-inf,inf
3243,-1000.0,1000.0,-inf,inf
3244,-1000.0,1000.0,-inf,inf
3245,-1000.0,1000.0,-inf,inf
3246,-1000.0,1000.0,-inf,inf
3247,-1000.0,1000.0,-inf,inf
3248,-1000.0,1000.0,-inf,inf
3249,-1000.0,1000.0,-inf,inf
3250,-1000.0,1000.0,-inf,inf
3251,-1000.0,1000.0,-inf,inf
3252,0.0,1000.0,-inf,inf
3253,-0.0,1000.0,-inf,inf
3254,-1000.0,1000.0,-inf,inf
3255,-1000.0,1000.0,-inf,inf
3256,-1000.0,0.0,-inf,inf
3257,-1000.0,1000.0,-inf,inf
3258,-1000.0,1000.0,-inf,inf
3259,-1000.0,1000.0,-inf,inf
3260,-1000.0,1000.0,-inf,inf
3261,-1000.0,1000.0,-inf,inf
3262,-1000.0,1000.0,-inf,inf
3263,-1000.0,1000.0,-inf,inf
3264,-1000.0,1000.0,-inf,inf
3265,-1000.0,1000.0,-inf,inf
3266,-1000.0,1000.0,-inf,inf
3267,-1000.0,1000.0,-inf,inf
3268,-1000.0,1000.0,-inf,inf
3269,-1000.0,1000.0,-inf,inf
3270,1000.0,1000.0,-inf,inf
3271,-1000.0,1000.0,-inf,inf
3272,-1000.0,1000.0,-inf,inf
3273,-1000.0,1000.0,-inf,inf
3274,-1000.0,1000.0,-inf,inf
3275,-1000.0,1000.0,-inf,inf
3276,-1000.0,1000.0,-inf,inf
3278,-1000.0,1000.0,-inf,inf
3279,-1000.0,1000.0,-inf,inf
3280,-1000.0,1000.0,-inf,inf
3281,-1000.0,1000.0,-inf,inf
3282,-1000.0,1000.0,-inf,inf
3283,-1000.0,1000.0,-inf,inf
3284,-1000.0,1000.0,-inf,inf
3285,-1000.0,1000.0,-inf,inf
3286,-1000.0,1000.0,-inf,inf
3287,-1000.0,1000.0,-inf,inf
3288,-1000.0,1000.0,-inf,inf
3289,0.0,1000.0,-inf,inf
3290,-1000.0,1000.0,-inf,inf
3291,-1000.0,1000.0,-inf,inf
3292,-0.0,1000.0,-inf,inf
3293,-1000.0,1000.0,-inf,inf
3294,-1000.0,1000.0,-inf,inf
3295,-1000.0,1000.0,-inf,inf
3296,-1000.0,1000.0,-inf,inf
3297,-1000.0,1000.0,-inf,inf
3298,-1000.0,1000.0,-inf,inf
3299,-1000.0,1000.0,-inf,inf
3300,-1000.0,1000.0,-inf,inf
3301,-1000.0,1000.0,-inf,inf
3302,-1000.0,1000.0,-inf,inf
3303,-1000.0,1000.0,-inf,inf
3304,-1000.0,1000.0,-inf,inf
3305,-1000.0,1000.0,-inf,inf
3306,-1000.0,1000.0,-inf,inf
3307,-1000.0,1000.0,-inf,inf
3308,-1000.0,1000.0,-inf,inf
3309,-1000.0,1000.0,-inf,inf
3310,-1000.0,1000.0,-inf,inf
3311,0.0,1000.0,-inf,inf
3312,0.0,1000.0,-inf,inf
3313,-1000.0,1000.0,-inf,inf
3314,0.0,1000.0,-inf,inf
3315,-1000.0,1000.0,-inf,inf
3316,-1000.0,1000.0,-inf,inf
3317,-1000.0,1000.0,-inf,inf
3318,-1000.0,1000.0,-inf,inf
3319,0.0,1000.0,-inf,inf
3320,0.0,1000.0,-inf,inf
3321,-1000.0,1000.0,-inf,inf
3322,-245.711571,255.152758,-inf,inf
3323,-934.173013,897.241609,-inf,inf
3324,-897.241609,934.173013,-inf,inf
3325,-770.264507,761.005358,-inf,inf
3326,-934.173013,897.241609,-inf,inf
3327,-1000.0,1000.0,-inf,inf
3328,-1000.0,1000.0,-inf,inf
3329,-1000.0,1000.0,-inf,inf
3330,-1000.0,1000.0,-inf,inf
3333,-1000.0,1000.0,-inf,inf
3334,-1000.0,1000.0,-inf,inf
3335,-1000.0,1000.0,-inf,inf
3336,-957.452427,958.413783,-inf,inf
3338,-1000.0,1000.0,-inf,inf
3339,-1000.0,1000.0,-inf,inf
3340,-1000.0,1000.0,-inf,inf
3341,0.0,1000.0,-inf,inf
3342,-1000.0,1000.0,-inf,inf
3343,-1000.0,1000.0,-inf,inf
3344,-1000.0,1000.0,-inf,inf
3345,-1000.0,1000.0,-inf,inf
3346,-1000.0,1000.0,-inf,inf
3347,-1000.0,1000.0,-inf,inf
3348,-1000.0,1000.0,-inf,inf
3349,-1000.0,1000.0,-inf,inf
3350,0.065395,0.53299,-inf,inf
3351,-1000.0,1000.0,-inf,inf
3352,-1000.0,1000.0,-inf,inf
3353,-1000.0,1000.0,-inf,inf
3354,-1000.0,1000.0,-inf,inf
3355,-1000.0,1000.0,-inf,inf
3356,-1000.0,1000.0,-inf,inf
3357,-1000.0,1000.0,-inf,inf
3358,-1000.0,1000.0,-inf,inf
3359,0.283337,2.310756,-inf,inf
3360,-1000.0,1000.0,-inf,inf
3361,-1000.0,1000.0,-inf,inf
3362,-1000.0,1000.0,-inf,inf
3363,-1000.0,1000.0,-inf,inf
3364,-1000.0,1000.0,-inf,inf
3365,-1000.0,1000.0,-inf,inf
3366,-1000.0,1000.0,-inf,inf
3367,0.0,1000.0,-inf,inf
3368,0.076148,0.62066,-inf,inf
3369,-1000.0,1000.0,-inf,inf
3370,0.0,1000.0,-inf,inf
3371,-1000.0,1000.0,-inf,inf
3372,-1000.0,1000.0,-inf,inf
3373,-1000.0,1000.0,-inf,inf
3374,-1000.0,1000.0,-inf,inf
3375,-1000.0,1000.0,-inf,inf
3376,-1000.0,1000.0,-inf,inf
3377,-1000.0,1000.0,-inf,inf
3378,-1000.0,1000.0,-inf,inf
3379,-1000.0,1000.0,-inf,inf
3380,-1000.0,1000.0,-inf,inf
3381,-1000.0,1000.0,-inf,inf
3382,-1000.0,1000.0,-inf,inf
3383,-1000.0,1000.0,-inf,inf
3384,-1000.0,1000.0,-inf,inf
3385,-1000.0,1000.0,-inf,inf
3386,-1000.0,1000.0,-inf,inf
3387,0.0,1000.0,-inf,inf
3388,-1000.0,1000.0,-inf,inf
3389,-1000.0,1000.0,-inf,inf
3390,-1000.0,1000.0,-inf,inf
3391,-1000.0,1000.0,-inf,inf
3392,-1000.0,1000.0,-inf,inf
3393,-1000.0,1000.0,-inf,inf
3394,-1000.0,1000.0,-inf,inf
3395,-1000.0,1000.0,-inf,inf
3396,-1000.0,1000.0,-inf,inf
3397,-1000.0,1000.0,-inf,inf
3399,-1000.0,1000.0,-inf,inf
3400,-1000.0,1000.0,-inf,inf
3402,-1000.0,1000.0,-123.178712,129.144068
3404,10.989297,89.62324,-inf,inf
3405,0.0,0.0,-131.229939,13.703339
3408,-1000.0,1000.0,-145.215352,35.498857
3409,-0.0,1000.0,-177.210191,-57.225282
3410,10.989297,89.62324,-inf,inf
3411,10.989297,89.62324,-inf,inf
3412,10.989297,89.62324,-inf,inf
3413,10.989297,89.62324,-inf,inf
3414,0.0,0.0,-inf,inf
3415,0.0,0.0,-inf,inf
3416,0.0,0.0,-inf,inf
3417,0.0,0.0,-inf,inf
3418,0.0,0.0,-inf,inf
3419,0.0,0.0,-inf,inf
3420,0.0,0.0,-inf,inf
3421,0.0,0.0,-inf,inf
3422,0.0,0.0,-inf,inf
3423,0.0,0.0,-inf,inf
3424,0.0,0.0,-inf,inf
3426,10.989297,89.62324,-inf,inf
3428,10.989297,89.62324,-inf,inf
3429,-1000.0,1000.0,-inf,inf
3431,-1000.0,1000.0,-inf,inf
3432,-1000.0,1000.0,-inf,inf
3433,-1000.0,1000.0,-inf,inf
3434,-1000.0,1000.0,-inf,inf
3435,-1000.0,1000.0,-inf,inf
3436,-1000.0,1000.0,-inf,inf
3437,-1000.0,1000.0,-inf,inf
3438,-1000.0,1000.0,-inf,inf
3439,-952.784677,952.784677,-inf,inf
3440,-957.213432,957.213432,-inf,inf
3441,-1000.0,1000.0,-inf,inf
3442,-1000.0,1000.0,-inf,inf
3443,-1000.0,1000.0,-inf,inf
3444,0.0,1000.0,-inf,inf
3445,-1000.0,1000.0,-inf,inf
3446,-1000.0,1000.0,-inf,inf
3447,-1000.0,1000.0,-inf,inf
3448,-1000.0,1000.0,-inf,inf
3450,-1000.0,1000.0,-inf,inf
3451,-1000.0,1000.0,-inf,inf
3452,-1000.0,1000.0,-inf,inf
3453,-1000.0,1000.0,-inf,inf
3454,-1000.0,1000.0,-inf,inf
3455,-1000.0,1000.0,-inf,inf
3456,-1000.0,1000.0,-inf,inf
3457,-1000.0,1000.0,-inf,inf
3458,-1000.0,1000.0,-inf,inf
3459,-1000.0,1000.0,-inf,inf
3461,-1000.0,1000.0,-inf,inf
3462,-1000.0,1000.0,-inf,inf
3463,-1000.0,1000.0,-inf,inf
3464,-1000.0,1000.0,-inf,inf
3465,-1000.0,1000.0,-inf,inf
3466,-1000.0,1000.0,-inf,inf
3467,-1000.0,1000.0,-inf,inf
3468,-1000.0,1000.0,-inf,inf
3469,-1000.0,1000.0,-inf,inf
3470,-1000.0,1000.0,-inf,inf
3471,-1000.0,1000.0,-inf,inf
3473,-1000.0,1000.0,-inf,inf
3474,-0.0,1000.0,-inf,inf
3475,-1000.0,1000.0,-inf,inf
3476,-1000.0,1000.0,-inf,inf
3477,-1000.0,1000.0,-inf,inf
3478,-1000.0,1000.0,-inf,inf
3479,-1000.0,1000.0,-inf,inf
3480,-1000.0,1000.0,-inf,inf
3481,-1000.0,1000.0,-inf,inf
3482,-1000.0,1000.0,-inf,inf
3483,-1000.0,1000.0,-inf,inf
3484,-1000.0,1000.0,-inf,inf
3485,-1000.0,1000.0,-inf,inf
3486,-1000.0,1000.0,-inf,inf
3487,-1000.0,1000.0,-inf,inf
3488,-1000.0,1000.0,-inf,inf
3489,-1000.0,1000.0,-inf,inf
3490,-1000.0,1000.0,-inf,inf
3491,-1000.0,1000.0,-inf,inf
3492,-1000.0,1000.0,-inf,inf
3493,-1000.0,1000.0,-inf,inf
3494,-1000.0,1000.0,-inf,inf
3495,-1000.0,1000.0,-inf,inf
3496,-1000.0,1000.0,-inf,inf
3497,-1000.0,1000.0,-inf,inf
3498,-1000.0,1000.0,-inf,inf
3499,-1000.0,1000.0,-inf,inf
3500,-1000.0,1000.0,-inf,inf
3501,-1000.0,1000.0,-inf,inf
3502,-1000.0,1000.0,-inf,inf
3503,-1000.0,1000.0,-inf,inf
3504,-1000.0,1000.0,-inf,inf
3505,-1000.0,1000.0,-inf,inf
3506,-1000.0,1000.0,-inf,inf
3507,-1000.0,1000.0,-inf,inf
3508,-1000.0,1000.0,-inf,inf
3509,-1000.0,1000.0,-inf,inf
3510,-1000.0,1000.0,-inf,inf
3511,-1000.0,1000.0,-inf,inf
3512,-1000.0,1000.0,-inf,inf
3513,-1000.0,1000.0,-inf,inf
3514,-1000.0,1000.0,-inf,inf
3515,0.0,0.0,-588.355819,658.278699
3516,0.0,0.0,-94.910237,161.724654
3518,0.0,0.0,-455.96311,217.886273
3519,-396.722104,0.0,-173.936902,114.144845
3520,0.0,0.0,-126.092786,19.69186
3521,0.0,0.0,-285.715777,161.998399
3522,0.0,0.0,-inf,inf
3523,0.0,0.0,-230.177459,-67.580903
3524,-1000.0,1000.0,-inf,inf
3526,-1000.0,1000.0,-inf,inf
3528,0.0,0.0,-inf,inf
3529,0.0,0.0,-inf,inf
3530,0.0,0.0,-inf,inf
3531,0.0,0.0,-inf,inf
3532,0.0,0.0,-inf,inf
3533,0.0,0.0,-inf,inf
3534,-1000.0,999.999989,-91.927434,45.439277
3535,0.0,0.0,-inf,inf
3536,0.0,0.0,-inf,inf
3537,0.0,0.0,-inf,inf
3538,0.0,0.0,-155.384222,108.640913
3539,0.0,0.0,-159.988797,113.596266
3540,0.0,0.0,-161.688152,115.382657
3541,0.0,0.0,-159.686624,113.381068
3542,0.0,0.0,-154.885253,-0.0001
3543,0.0,0.0,-inf,inf
3544,0.0,0.0,-149.537701,102.560283
3546,-1000.0,1000.0,-40.603956,76.96542
3547,0.0,0.0,-383.406885,512.065244
3548,0.0,0.0,-inf,inf
3549,0.0,1000.0,-106.1481,50.950975
3550,0.0,0.0,-134.019816,146.72829
3551,0.0,0.0,0.450658,347.01739
3552,0.0,0.0,-121.381802,28.873165
3553,0.0,0.0,-377.049465,299.348707
3554,0.0,0.0,-inf,inf
3555,0.0,0.0,-inf,inf
3556,0.0,336.234571,-inf,inf
3557,0.0,0.0,-inf,inf
3558,0.0,0.0,-209.036514,112.761972
3559,0.0,634.755367,-383.406885,512.065244
3560,0.0,0.0,-106.215889,41.129207
3561,-352.64187,0.0,-111.925736,41.884426
3562,-0.0,1000.0,-225.429546,-17.995571
3563,0.0,0.0,-348.313319,200.365454
3564,0.0,0.0,-148.990194,153.089651
3565,0.0,0.0,-149.068396,153.011454
3566,0.0,0.0,-inf,inf
3567,0.0,0.0,-410.820776,-70.372711
3568,0.0,396.722104,-410.83939,-70.385111
3569,-300.460931,999.999989,-106.697136,41.861995
3571,0.0,0.0,-73.29283,405.858619
3572,0.0,0.0,-inf,inf
3573,0.0,0.0,-inf,inf
3574,0.0,0.0,-299.324061,-0.0001
3576,0.0,0.0,-144.185989,17.511271
3578,-1000.0,999.956372,-inf,inf
3579,-0.0,1000.0,-87.257556,93.033898
3580,0.0,0.0,-309.032056,163.986235
3581,0.0,0.0,-309.356364,164.055192
3582,0.0,0.0,-152.106453,321.04767
3583,0.0,0.0,-331.774902,142.517041
3584,-528.961066,1000.0,-151.806438,11.525671
3585,0.0,0.0,-364.241403,258.654938
3586,-1000.0,0.0,36.51407,156.347132
3587,0.0,0.0,-inf,inf
3588,0.0,0.0,-inf,inf
3590,0.0,0.0,-inf,inf
3591,0.0,0.0,-inf,inf
3592,0.0,0.0,-inf,inf
3593,0.0,0.0,-119.364694,25.283529
3594,0.0,0.0,-71.80986,111.169741
3595,-1000.0,0.0,-312.166379,159.578546
3596,-1000.0,1000.0,-142.166596,44.852612
3597,0.0,0.0,-inf,inf
3599,0.0,0.0,-684.995279,-261.085114
3600,-0.0,0.0,-687.227545,-262.395657
3602,0.0,0.0,-111.576253,45.609622
3603,-1000.0,1000.0,-41.9144,57.412099
3604,0.0,0.0,-inf,inf
3605,-1000.0,1000.0,-142.406679,111.520969
3606,0.0,1000.0,-193.035933,-58.356044
3607,0.0,1000.0,-220.445423,-30.949351
3608,0.0,1000.0,-217.093977,-34.293117
3609,0.0,0.0,-273.12807,-0.0001
3610,0.0,0.0,-32.786625,310.931958
3611,0.0,0.0,-inf,inf
3612,0.0,0.0,-inf,inf
3613,0.0,0.0,-719.648603,-196.185188
3614,-1000.0,1000.0,-438.939056,107.154018
3615,0.0,0.0,-inf,inf
3616,0.0,0.0,-inf,inf
3617,0.0,0.0,-223.528062,-3.028793
3618,-528.962806,1000.0,-143.021033,32.716529
3619,-528.962806,1000.0,-151.111163,10.548086
3620,0.0,0.0,-151.074388,10.511804
3621,0.0,0.0,-151.074391,10.511807
3622,-528.962806,0.0,-156.392181,15.829535
3623,0.0,0.0,-151.111163,10.548086
3624,0.0,0.0,-47.662401,47.662401
3625,0.0,0.0,-265.847806,-3.573626
3626,-1000.0,1000.0,-205.405719,39.741969
3627,-1000.0,1000.0,-299.511514,38.448076
3628,-1000.0,1000.0,-266.500775,1.453096
3629,0.0,0.0,-inf,inf
3630,0.0,0.0,-341.529146,-67.326174
3631,0.0,0.0,-342.147205,81.788291
3632,0.0,0.0,-268.844486,-2.628765
3633,0.0,0.0,-279.146489,13.07366
3634,0.0,0.0,-365.32299,101.914767
3635,0.0,0.0,-269.075163,4.019127
3636,0.0,0.0,-264.396935,-0.0001
3637,0.0,0.0,-256.389034,9.565481
3638,0.0,0.0,-256.389096,9.565419
3639,0.0,0.0,-270.214037,5.460051
3640,0.0,0.0,-264.404711,26.323658
3641,0.0,0.0,-288.992215,44.236882
3642,0.0,0.0,-181.777427,-3.435793
3643,0.0,0.0,-inf,inf
3644,0.0,0.0,-377.783858,158.830037
3645,0.0,0.0,-249.339449,131.022629
3646,0.0,0.0,-inf,inf
3647,0.0,0.0,-inf,inf
3649,0.0,0.0,-inf,inf
3651,0.0,0.0,-112.436028,27.444349
3652,0.0,0.0,-inf,inf
3653,0.0,0.0,-inf,inf
3654,0.0,0.0,-inf,inf
3655,0.0,0.0,-inf,inf
3656,0.0,0.0,-318.001902,66.231197
3657,0.0,0.0,-inf,inf
3658,0.0,0.0,-inf,inf
3659,0.0,0.0,-inf,inf
3661,0.0,0.0,-inf,inf
3662,-0.0,1000.0,-inf,inf
3663,-1000.0,1000.0,-inf,inf
3664,0.0,0.0,-inf,inf
3665,0.0,1000.0,-183.731805,-19.742737
3666,0.0,0.0,-305.925616,166.174714
3667,0.0,0.0,-inf,inf
3668,0.0,0.0,-inf,inf
3669,0.0,0.0,-inf,inf
3670,-1000.0,0.0,-inf,inf
3671,-1000.0,0.0,-127.037028,18.217591
3672,-793.444209,0.0,-inf,inf
3673,-793.444209,0.0,-181.946261,76.710237
3674,0.0,0.0,-158.624689,49.049549
3675,-212.284064,0.0,-inf,inf
3676,-212.284064,0.0,0.0001,45.094908
3677,-212.284064,0.0,-inf,inf
3678,-1000.0,0.0,-inf,inf
3679,-1000.0,0.0,-121.957219,24.975735
3681,0.0,0.0,-inf,inf
3682,0.0,0.0,-535.84033,-221.481689
3683,0.0,0.0,-267.329467,119.660705
3684,0.0,793.444209,-91.414047,91.376323
3685,-793.444209,0.0,-inf,inf
3686,0.0,0.0,-145.958089,36.374806
3687,-313.811226,0.0,-inf,inf
3688,-313.811226,0.0,-150.170228,32.156818
3689,0.0,0.0,-inf,inf
3690,-453.396691,0.0,-inf,inf
3691,-453.396691,0.0,-176.625205,104.040704
3692,0.0,0.0,-210.740669,110.450914
3693,0.0,0.0,-inf,inf
3695,-328.942272,0.0,-133.804138,240.680916
3696,-328.942272,0.0,-inf,inf
3697,0.0,0.0,-134.845042,26.215548
3698,0.0,0.0,-inf,inf
3699,-288.706328,0.0,-147.164366,37.581443
3700,-146.56218,0.0,-inf,inf
3701,0.0,0.0,-167.09695,-7.699525
3702,0.0,0.0,-inf,inf
3703,-309.96799,0.0,-211.761338,43.53557
3704,-998.46975,0.0,-inf,inf
3705,-212.284064,0.0,-131.030298,13.014412
3706,-212.284064,0.0,-inf,inf
3707,0.0,0.0,-112.485879,27.49408
3708,0.0,0.0,-inf,inf
3709,-631.867026,0.0,-63.278257,198.596929
3710,-631.867026,0.0,-inf,inf
3711,0.0,0.0,-inf,inf
3712,0.0,0.0,-inf,inf
3713,-528.962806,0.0,-110.597301,133.654342
3714,-528.962806,0.0,-inf,inf
3715,-453.396691,0.0,-160.250331,103.279811
3717,0.0,0.0,-168.295663,-6.501197
3719,0.0,0.0,-115.360959,40.735386
3722,-528.962806,0.0,-152.240286,9.776125
3723,-528.962806,0.0,-47.751487,47.751487
3724,-528.962806,0.0,-inf,inf
3725,-793.444209,996.323807,-165.656016,97.667616
3726,-453.396691,0.0,-133.888448,59.569833
3727,-376.547506,0.0,-inf,inf
3728,-396.722104,0.0,-inf,inf
3729,-176.320935,0.0,-122.061463,24.334179
3730,-216.886128,0.0,-inf,inf
3731,-453.396691,0.0,-inf,inf
3732,0.0,0.0,-132.005994,-22.544266
3733,-406.676001,0.0,-inf,inf
3734,-1000.0,0.0,-inf,inf
3735,-1000.0,0.0,-inf,inf
3736,-1000.0,0.0,-171.404949,84.661319
3737,-396.722104,0.0,-inf,inf
3738,-396.722104,0.0,-161.781782,102.485583
3739,-528.962806,0.0,-75.396463,80.181203
3740,-998.46975,0.0,-366.891671,231.06856
3741,-200.490505,0.0,-177.367975,2.56324
3743,-376.547506,0.0,-109.570196,41.439314
3744,-281.736666,0.0,-inf,inf
3745,-453.396691,0.0,-110.002415,45.573804
3746,-406.658041,0.0,-107.704528,40.388766
3747,-392.031801,0.0,-108.046527,38.966627
3748,-998.46975,0.0,-inf,inf
3749,-264.481403,0.0,-124.431811,20.705015
3750,0.0,0.0,-inf,inf
3751,0.0,0.0,-inf,inf
3752,-453.396691,0.0,-inf,inf
3753,-392.031801,0.0,-inf,inf
3754,-392.031801,0.0,-inf,inf
3755,-376.547506,0.0,-inf,inf
3756,-453.396691,0.0,-inf,inf
3757,-340.108149,0.0,-inf,inf
3758,-281.736666,0.0,-inf,inf
3759,-281.736666,0.0,-inf,inf
3760,-453.396691,0.0,-inf,inf
3762,-300.46092,0.0,-inf,inf
3763,-300.46092,0.0,-inf,inf
3764,-1000.0,0.0,-116.168886,23.455106
3765,-300.46092,0.0,-inf,inf
3766,-453.396691,0.0,-inf,inf
3767,-453.396691,0.0,-inf,inf
3768,-453.396691,0.0,-222.201035,144.27443
3769,0.0,453.396691,-inf,inf
3770,0.0,453.396691,-inf,inf
3772,-200.490505,0.0,-inf,inf
3773,-1000.0,0.0,-inf,inf
3774,-1000.0,0.0,-inf,inf
3775,-528.962806,0.0,-inf,inf
3777,-396.722104,0.0,-inf,inf
3779,-1000.0,0.0,-inf,inf
3780,-212.284064,0.0,-inf,inf
3781,0.0,0.0,-inf,inf
3782,-528.962806,0.0,-inf,inf
3783,-313.811226,0.0,-inf,inf
3784,-1000.0,0.0,-inf,inf
3785,-528.962806,0.0,-inf,inf
3786,-1000.0,0.0,-inf,inf
3787,-528.962806,0.0,-inf,inf
3788,-528.962806,0.0,-inf,inf
3789,-1000.0,0.0,-inf,inf
3790,-479.878097,0.0,-inf,inf
3791,0.0,0.0,-inf,inf
3792,-212.284064,0.0,-inf,inf
3793,0.0,0.0,-inf,inf
3794,-212.284064,0.0,-inf,inf
3795,-154.651682,0.0,-inf,inf
3796,-528.962806,0.0,-inf,inf
3797,0.0,0.0,-inf,inf
3798,-422.758937,0.0,-inf,inf
3799,-1000.0,0.0,-inf,inf
3800,-352.64187,0.0,-inf,inf
3801,-172.771786,0.0,-inf,inf
3803,-583.544747,0.0,-inf,inf
3804,-453.396691,0.0,-inf,inf
3805,-453.396691,0.0,-inf,inf
3807,-634.755367,0.0,-inf,inf
3808,-406.676001,0.0,-inf,inf
3809,0.0,0.0,-inf,inf
3811,0.0,583.544747,-inf,inf
3812,0.0,583.544747,-inf,inf
3813,-1000.0,1000.0,-192.971274,109.775754
3814,0.0,996.323807,-573.933439,-360.003381
3815,0.0,996.323807,-480.236037,-294.558902
3816,0.0,996.323807,-61.203647,61.203969
3817,-0.0,996.323807,-203.132087,-37.886397
3818,-634.755367,0.0,-148.650815,103.574547
3819,-634.755367,0.0,-106.151749,137.69939
3821,-634.755367,0.0,-148.650815,103.574547
3822,-793.444209,0.0,-inf,inf
3824,-212.284064,0.0,-127.456928,17.876827
3895,0.0,1000.0,-116.198318,23.408462
3896,0.0,0.0,-47.490607,134.977229
3897,-1000.0,1000.0,-145.982604,106.601283
3898,-1000.0,1000.0,-33.983715,228.101625
3899,-583.910326,999.997912,-90.200052,99.03352
3900,-1000.0,1000.0,-209.202521,149.385774
3901,-1000.0,1000.0,-207.407169,151.133231
3902,-1000.0,1000.0,-76.599592,79.725683
3903,-1000.0,1000.0,-160.24899,123.247212
3904,-1000.0,1000.0,-226.324444,35.844403
3905,0.0,1000.0,-222.237904,16.607362
3907,0.0,0.0,-117.940022,32.948446
3908,0.0,0.0,-99.707225,99.707456
3909,0.002385,0.017989,-inf,inf
3910,0.014176,0.114575,-inf,inf
3911,0.007242,0.058635,-inf,inf
3912,0.030001,0.244374,-inf,inf
3913,0.00822,0.065764,-inf,inf
3914,0.013655,0.11109,-inf,inf
3920,10.989297,89.62324,-inf,inf
3923,-1000.0,1000.0,-inf,inf
3924,0.0,0.0,-inf,inf
3925,0.0,0.0,-inf,inf
3926,0.0,0.0,-inf,inf
3927,-1000.0,999.933295,-inf,inf
3928,0.0,0.0,-inf,inf
3929,-1000.0,1000.0,-inf,inf
3930,-1000.0,1000.0,-inf,inf
3931,0.0,1000.0,-inf,inf
3932,-1000.0,999.458489,-inf,inf
3933,-999.458489,0.0,-inf,inf
3934,0.0,0.0,-inf,inf
3935,0.0,0.0,-inf,inf
3936,0.0,0.0,-inf,inf
3937,0.0,0.0,-inf,inf
3938,0.0,0.0,-inf,inf
3939,0.0,0.0,-inf,inf
3940,0.0,0.0,-inf,inf
3941,0.0,0.0,-inf,inf
3942,0.0,0.0,-inf,inf
3943,-1000.0,1000.0,-inf,inf
3944,0.0,0.0,-inf,inf
3945,0.0,0.0,-inf,inf
3946,0.0,0.0,-inf,inf
3947,0.0,0.0,-inf,inf
3948,0.0,0.0,-inf,inf
3949,0.0,0.0,-inf,inf
3950,0.0,0.0,-inf,inf
3951,0.0,0.0,-inf,inf
3952,0.0,317.377683,-134.940691,117.322312
3953,0.0,528.962806,-135.064189,-0.0001
3954,0.0,0.0,-136.153715,114.948734
3955,0.0,264.481403,-135.022742,117.404363
3956,0.0,0.0,-inf,inf
3957,0.0,317.377683,-inf,inf
3958,0.0,528.962806,-inf,inf
3960,0.0,264.481403,-inf,inf
3961,0.0,0.0,-inf,inf
3962,0.0,317.377683,-inf,inf
3963,0.0,528.962806,-inf,inf
3965,0.0,264.481403,-inf,inf
3971,-1000.0,1000.0,-135.790288,115.608592
3972,-1000.0,1000.0,-inf,inf
3973,-1000.0,1000.0,-82.672964,57.81458
3974,-1000.0,1000.0,-102.603897,0.0001
3975,0.0,0.0,-93.41503,160.968601
3976,-1000.0,1000.0,-105.156954,139.380066
3977,0.0,0.0,-inf,inf
3978,0.0,1000.0,-inf,inf
3979,0.0,1000.0,-inf,inf
3982,0.0,669.530851,-106.382981,96.282183
3983,-1000.0,1000.0,-115.18024,72.829796
3984,0.0,0.0,-105.991369,171.844822
3985,-1000.0,1000.0,-117.141657,149.66465
3986,0.0,0.0,-inf,inf
3988,0.0,624.895461,-inf,inf
3991,0.0,396.722104,-88.123088,-46.061991
3992,-1000.0,1000.0,-104.957016,153.001821
3993,0.0,0.0,-95.761649,163.621284
3994,-1000.0,1000.0,-107.356643,141.872822
3995,0.0,0.0,-inf,inf
3996,0.0,396.722104,-inf,inf
3997,0.0,396.722104,-inf,inf
4000,-1000.0,1000.0,-218.743454,34.438669
4001,-1000.0,1000.0,-inf,inf
4003,-1000.0,1000.0,-inf,inf
4004,0.0,528.962806,-inf,inf
4005,0.0,0.0,-inf,inf
4006,0.0,317.377683,-inf,inf
4007,0.0,264.481403,-inf,inf
4008,-1000.0,1000.0,-inf,inf
4009,0.0,317.377683,-inf,inf
4010,0.0,317.377683,-inf,inf
4012,0.0,493.338522,-inf,inf
4013,0.0,493.338522,-inf,inf
4015,0.0,634.755367,-135.730584,115.641905
4016,0.0,634.755367,-inf,inf
4018,0.0,634.755367,-inf,inf
4019,0.0,634.755367,-inf,inf
4021,0.0,998.46975,-inf,inf
4022,-1000.0,1000.0,-410.473337,107.41977
4023,-1000.0,1000.0,-69.386517,148.120203
4025,0.0,0.0,-inf,inf
4026,0.0,0.0,-351.577053,179.013436
4029,0.0,0.0,15.960972,174.783963
4031,0.0,0.0,77.413607,300.376345
4032,0.0,0.0,15.077181,173.777765
4033,0.0,0.0,4.249487,176.250099
4034,0.0,0.0,10.934308,170.77637
4035,0.0,0.0,-7.836016,178.184133
4036,0.0,0.0,-264.027931,-0.0001
4037,0.0,0.0,-264.150104,0.746226
4038,0.0,0.0,10.651194,177.100119
4039,0.0,0.0,12.253629,175.494191
4040,-1000.0,1000.0,-inf,inf
4041,-500.0,500.0,-inf,inf
4042,-1000.0,1000.0,-inf,inf
4043,0.0,0.0,-inf,inf
4044,0.0,0.0,-inf,inf
4046,0.0,0.0,-inf,inf
4048,0.0,0.0,-inf,inf
4050,0.0,0.0,-inf,inf
4052,0.0,0.0,-inf,inf
4054,0.0,0.0,-inf,inf
4056,0.0,0.0,-inf,inf
4058,0.0,0.0,-inf,inf
4060,0.0,0.0,-inf,inf
4062,-1000.0,1000.0,-inf,inf
4063,-1000.0,1000.0,-inf,inf
4064,0.0,0.0,-inf,inf
4065,-1000.0,1000.0,-171.901119,31.340219
4066,-1000.0,1000.0,-150.303418,11.414575
4067,-1000.0,1000.0,-80.663201,99.91826
4068,0.0,0.0,-47.173504,47.173504
4069,0.0,0.0,-185.442969,-0.0001
4071,0.0,0.0,-232.368566,282.204265
4072,0.0,0.0,-inf,inf
4073,0.0,0.0,-94.670087,87.121651
4074,-1000.0,1000.0,-146.197102,37.507948
4075,0.0,0.0,-151.426916,11.044812
4076,0.0,0.0,-115.531348,134.008465
4077,-1000.0,1000.0,-inf,inf
4078,0.0,0.0,-186.986004,76.808327
4079,0.0,0.0,-233.79248,-4.265768
4080,0.0,0.0,-153.192601,100.543093
4081,0.0,0.0,-284.695553,204.235964
4082,-1000.0,1000.0,-97.009537,60.129899
4083,-1000.0,1000.0,-128.133993,51.346685
4084,0.0,0.0,-105.426893,120.792041
4085,0.0,0.0,-185.403766,42.046953
4086,0.0,0.0,-233.46504,-67.041278
4087,0.0,0.0,-111.930297,111.929541
4088,0.0,0.0,-97.734774,97.734515
4089,0.0,0.0,-115.292636,115.291757
4090,0.0,0.0,-124.512685,124.5121
4091,0.0,0.0,-121.34258,121.341816
4092,-1000.0,1000.0,-123.805241,123.80508
4093,0.0,0.0,-inf,inf
4094,0.0,0.0,-97.88426,97.883703
4096,0.0,64.770956,-inf,inf
4098,1.3e-05,189.938387,-367.517554,-0.0001
4099,1.3e-05,189.938387,-369.808878,-30.346867
4100,-1000.0,1000.0,-inf,inf
4101,-1000.0,1000.0,-inf,inf
