,dGr_prime,SD of dGr_prime
r_0001,,
r_0002,,
r_0003,14.03881871254589,12.335231995447613
r_0004,,
r_0005,,
r_0006,,
r_0007,-7.562202832151343,23.70608557139749
r_0012,-59.46078804352419,12.757668965559088
r_0013,-500.87741044066615,11.28769692839144
r_0014,-38.48988195386535,58.37296113211216
r_0015,-43.21339038986525,19.165861404846165
r_0016,-13.919735829021135,5.138359515469148
r_0017,-27.515413982611225,16.17585592752955
r_0018,-1.4727393802195365,2.2636833285314646
r_0019,-12.560110993981652,15.857106123991475
r_0020,-70.99021827830506,1.9392217865200965
r_0021,-83.43247229665872,58.120724852502036
r_0022,-324.1240620909887,49.45216364258652
r_0023,0.220420892077982,4.469394907408277
r_0024,-27.947260407510136,14.009241303400293
r_0025,-43.32839628964223,14.009246243492276
r_0026,-0.8624021368094077,10.29146184742366
r_0027,1.4448081787936928,2.5076504330425315
r_0028,-51.478876492122595,13.799234427484615
r_0029,-13.398493738295144,4.915934458334591
r_0030,1.5559798914713383,4.915934274209344
r_0032,-23.54442933733594,2.3955752254423377
r_0033,-37.24776976834821,2.6868215862978544
r_0034,-31.923338002130585,4.873638719111496
r_0035,-37.250165831441905,2.783928409753282
r_0036,-37.250059112926216,13.195720679859281
r_0037,-37.24983650294039,9.407244978998126
r_0038,-95.41634401360531,2.0931290742387803
r_0039,-6.078479501212797,4.134825855434396
r_0040,-68.79457785674867,3.1062718079790477
r_0041,-1.8348761313509385,26.29148618336905
r_0042,-71.16685597225455,1.939219805503726
r_0043,-173.92615853234793,46.35040358807605
r_0044,21.12703949569459,50.13064200377448
r_0045,-48.57951644269291,10.376824142607758
r_0057,19.12631092198899,18.415403898626426
r_0058,-322.09697113189173,9.62403645402815
r_0059,-8.051610502125413,30.95884868187188
r_0060,-2.1152009935413787,4.3628454661747895
r_0061,22.430809040963823,12.979564702473184
r_0062,-15.105272082981656,4.717401574219314
r_0063,3.062992853842559,22.201996737079448
r_0064,-14.735890245444693,4.583569895681429
r_0065,-22.28449692553113,6.6710726576585255
r_0066,-20.923565821889724,10.311170843297006
r_0067,-177.7623432005307,8.215678395817607
r_0068,0.7579776470323054,2.8640468030122244
r_0069,-9.239329260595468,20.73959478254891
r_0070,-45.22578657505085,17.842920215408885
r_0072,-20.622066133277542,3.398074815105176
r_0073,-25.130296410827214,15.729422345082487
r_0074,-1.9835047928927452,16.00471916857149
r_0075,9.627658527272047,9.393507938599885
r_0076,-10.759551199105545,8.68723854761471
r_0077,-10.759230340806425,1.9295700946689383
r_0078,-10.759450886970285,8.264615788474396
r_0079,4.471526770261562,10.12556193554182
r_0080,-33.912086609193466,24.996685012661526
r_0081,14.47210518922111,14.004244622686752
r_0082,-25.130296410827214,15.729422683954981
r_0083,-0.8787371841699496,15.796794756475508
r_0084,-20.26862957184312,20.94250991886756
r_0085,-15.011703459913427,22.584023072063513
r_0086,-59.248830810437624,10.95033016391394
r_0087,-3.7873391124002183,9.633393900139307
r_0088,24.02552880210638,15.938226366747415
r_0089,24.02552880210638,15.938226366747415
r_0090,-0.1212839741324172,4.224675157959913
r_0091,-22.43596293212247,1.6525121529447724
r_0092,-25.130296410827214,15.729422683954981
r_0093,-1.9835047928927452,16.00471950161505
r_0094,-2.7395618084065063,14.209130463401388
r_0095,-16.278894700767243,3.1574429716307257
r_0096,-14.135503653806836,14.137154393732853
r_0097,-17.960123780980837,4.747846114532194
r_0099,-2.004450153079688,35.87146812828469
r_0100,-26.497256382834337,19.4359538246937
r_0101,-26.497258290183424,19.971941962639775
r_0102,-26.4970732773661,19.354538438635853
r_0103,27.214213097095126,23.379511370602465
r_0104,26.759374875860658,23.379512039304633
r_0105,-26.49725638283428,19.294790907171393
r_0106,-26.4973174179911,19.24105963063183
r_0107,-26.49719534767837,19.2569225977136
r_0108,-14.400965263266926,13.662599110861821
r_0109,0.1422690038239125,13.662599264437038
r_0111,-44.895555090757966,13.427578047751448
r_0112,-5.813670329260731,13.533387236425387
r_0113,-5.87315342385682,13.5333923969309
r_0114,-5.813548258948231,13.533385912680806
r_0115,15.514071963685637,3.3128401833755285
r_0116,-11.090927124023438,28.297978130933018
r_0117,-0.6746473807223765,2.944124311279748
r_0118,-2.570485115233808,3.8811617771024127
r_0119,-61.873746651991496,13.097166524324123
r_0120,-84.36712421694278,14.178099756296003
r_0121,-84.36712421694278,14.221121625191717
r_0122,-84.36712421694273,15.315691400336362
r_0123,-84.36712421694273,14.395566966677277
r_0124,-84.3670936993646,14.525907977883486
r_0125,-84.36706318178653,14.293774935980139
r_0126,-3.4639407135932743,46.22087097530002
r_0127,-4.6714602448410005,45.694431743596525
r_0128,-3.4636965729682743,45.61812245559811
r_0129,-4.546460244849186,55.40775288584946
r_0130,-3.4638186432803195,43.993026567661595
r_0131,-3.4636050202334445,46.090401270459864
r_0132,-4.6716128327316255,45.56647357890268
r_0133,-3.4638491608584445,45.49212899547563
r_0134,-4.546612832740266,55.30785790512313
r_0135,-3.4636050202334445,43.87501919546342
r_0137,,
r_0138,-45.02088282069428,57.00860355936473
r_0139,-18.935988867014203,2.0845885875796233
r_0140,-45.0163549189258,57.003554526087406
r_0142,-15.247364612783691,2.210225330868614
r_0143,-45.01879356033339,57.00543942751343
r_0144,35.42989760009172,4.713308056782163
r_0145,-20.879009235901094,42.633597791845226
r_0146,15.185397388695492,42.65332534205804
r_0147,1.9452835792967562,2.806711025354083
r_0148,-1.373981026330057,2.7424519082001413
r_0149,-0.5748298871321822,2.7424495852385196
r_0150,-0.574749245132125,12.960046840419562
r_0151,25.090027317198405,16.93191786014175
r_0152,10.982498229902149,2.1324854806864373
r_0153,-1.7590234730287193,13.07125109709296
r_0154,-2.4968414242009445,3.3208034239939526
r_0155,-37.34375550306229,4.1888875797318414
r_0156,-15.454309802995226,2.0595841875352767
r_0157,,
r_0158,-10.935101602224677,13.823503078742053
r_0159,-9.63656339376603,13.610060808891827
r_0160,-10.691968057249142,13.801695501059218
r_0161,-11.043805215482905,13.959121198955208
r_0162,-9.446698280031057,14.148068382918552
r_0163,18.756296697571088,12.16570671386854
r_0164,-25.5791137089559,12.94315355280715
r_0165,-11.278900956043344,12.165710709225733
r_0166,-19.084482731491562,12.569940662255012
r_0167,-11.607086986631202,12.5699445011764
r_0168,-19.084501805506306,13.397848173711976
r_0169,-16.343576811416142,12.884227421139377
r_0170,-8.866180639487311,12.884231161299683
r_0171,-16.343595885430886,13.693145864733394
r_0172,-40.62091782536618,12.584335922460454
r_0173,-46.26889888261803,12.990128540727692
r_0174,-68.69876827961423,12.134438981209824
r_0175,-68.69886245627958,12.99012553728157
r_0176,-64.53155344538402,13.040629514743234
r_0177,-42.10414236149768,13.840406072308621
r_0178,-64.53164762204938,13.840403542759242
r_0179,-16.330698552840204,12.40479308027196
r_0180,-8.85330281077404,12.40479698953642
r_0181,-16.33071762685495,13.243029064288445
r_0182,-19.14196258932043,12.690195466382907
r_0183,-11.664566842923932,12.690198977634749
r_0184,-19.141981663335173,13.510736042430503
r_0185,-42.10694673385453,13.039563911944954
r_0186,-14.78751600508076,12.818878134238002
r_0187,-7.310119791836428,12.818882222091894
r_0188,-61.399380561571434,16.760437575248503
r_0189,2.961532004160688,7.3995480797706215
r_0190,-14.23442124300184,9.585359189865988
r_0191,-76.28420907106761,114.13309259042246
r_0192,-8.96393130296542,36.79264897395274
r_0193,-14.350325502286864,1.8630167048280686
r_0194,-14.350637626115144,1.86301929011082
r_0195,-11.517157981755417,8.704066804697172
r_0198,-13.368330294486668,1.7631529137260704
r_0199,-33.82843882248771,60.095245403781085
r_0200,-119.898704541096,60.81370819365496
r_0201,-55.060465425378425,24.708247158571787
r_0202,-28.196458043682128,7.08654340003595
r_0203,-199.61908984380062,7.9704385835273115
r_0204,-35.53655977101876,3.307253601608494
r_0205,-20.710913511166382,12.945089386349668
r_0206,-30.93571476443295,6.056059974388822
r_0207,24.880483152192937,35.54144877112482
r_0208,-4.75789847978465,35.46525441431295
r_0209,,
r_0210,,
r_0211,-34.7107282580003,2.8998235474660867
r_0212,,
r_0213,,
r_0214,-22.088508069450427,3.7818620681759194
r_0215,15.3369851956013,2.213919533032101
r_0216,3.6392860042399207,1.760776873975909
r_0217,-3.638072759574129,1.7607773009230232
r_0218,3.6386696375843712,1.7607767927748257
r_0219,-1.6696906117394974,13.041675291282765
r_0220,,
r_0221,,
r_0222,9.527526176021183,2.9636494824239414
r_0223,,
r_0224,9.526131710919344,22.314972396577947
r_0225,-17.313548125184752,16.943535940917734
r_0226,0.7399331303359133,1.8593175330205565
r_0227,-27.150022763978995,1.8593186615184962
r_0228,-12.495175707048908,36.49067964742138
r_0229,,
r_0230,15.813704197387779,14.009286981386186
r_0231,-47.04513413073437,47.549278512943694
r_0233,-392.200661538707,44.176057629835626
r_0234,,
r_0235,-9.768183585463476,45.83455809866407
r_0236,-8.077848974485732,44.51746745254439
r_0237,-8.198820654178235,42.25878871170744
r_0238,-395.5198600303331,44.241750852520866
r_0239,-436.6465843964338,44.34470557453331
r_0240,,
r_0241,,
r_0242,-419.43113028870835,44.40512147670876
r_0243,10.25390625,42.42655400666672
r_0244,-51.81600815417187,43.96224776958677
r_0249,-43.00651576895552,65.45959344580797
r_0250,-12.831403839400537,4.5563116107285255
r_0252,-0.30730063931730456,40.186344951087605
r_0253,-0.5846402943669204,40.18634652633183
r_0254,15.717025674214028,40.18634801151216
r_0255,-183.44876264111468,6.768482042961411
r_0256,-183.44862318862624,6.768482042961411
r_0259,-397.18123754739304,16.723844284823638
r_0260,-386.60970545510804,17.06439383291642
r_0261,-397.18099340676804,17.09304767631681
r_0262,-386.60994959573304,17.437840193647318
r_0263,-42.07020433688101,16.32438125072307
r_0264,-42.06981905245764,16.631817665841517
r_0265,-42.02181452372677,16.090604897856217
r_0266,-42.021185098678394,16.391804929479168
r_0267,-386.60946213459033,16.756458204296866
r_0268,-386.61019455646533,17.11629022755222
r_0269,-398.04403898398846,16.844760000307954
r_0270,-398.04330656211346,17.198121167540933
r_0271,,
r_0272,,
r_0273,-17.018818141615135,36.80370363627889
r_0274,0.45433965473011995,38.61832957037266
r_0278,-42.8487477616294,13.534179292928242
r_0279,-29.913688822990935,9.111359335550723
r_0280,-0.48702561118182075,1.798112418358216
r_0281,-68.00563049316406,25.595255287060038
r_0282,-68.00569152832031,32.660799942246314
r_0283,-68.00552368164062,39.820052456755505
r_0284,-68.00579833984375,47.03025148764144
r_0285,-68.00537109375,54.27109943433234
r_0286,-68.0059814453125,61.53176143198501
r_0287,-68.0054931640625,68.80596083680328
r_0288,-68.0057373046875,76.08979305752915
r_0289,-2189.7380981445312,66.7623142689523
r_0290,2053.7266235351562,75.67835929135538
r_0291,-68.0054931640625,97.97790821328107
r_0292,-68.0052490234375,105.28183775317683
r_0293,-68.0059814453125,112.58840414698844
r_0294,-68.0059814453125,119.89724369650862
r_0295,-68.0054931640625,127.20790674587934
r_0296,-68.0050048828125,134.5200415344326
r_0297,-68.0059814453125,141.83346758030024
r_0298,-68.0064697265625,149.1479259197456
r_0299,-68.0054931640625,156.4634046867189
r_0300,-50.87232152241029,13.466454793770728
r_0301,-35.76856899098534,13.466454132630403
r_0302,8.235875121054306,1.773126193247826
r_0303,8.317846696793737,1.773125951582162
r_0304,-362.0865717628749,92.24193265669663
r_0306,-15.723967541500087,9.088319891012244
r_0307,18.345259108970367,57.67214125516392
r_0308,-16.074571203613687,57.1347358736389
r_0309,-34.547089022480165,4.287902426650214
r_0310,-17.966745823988802,57.08106112563051
r_0311,-50.24622591111969,3.9008350877784475
r_0312,-48.18202844470841,2.880120528396029
r_0313,,
r_0314,-44.34990461761049,57.59789990140522
r_0315,-15.249440322531406,15.506650723297565
r_0317,-1282.917090667078,62.58832390439821
r_0318,-44.86357516630578,57.67322977738368
r_0319,-146.6325162978392,8.24946663145641
r_0320,-10.698344879326442,12.105802591394935
r_0321,-10.69832580531147,12.963386278864396
r_0322,21.30253452391912,1.2214961272305702
r_0323,16.874864249566826,12.062280403247833
r_0326,-44.3483550208972,57.79437846341762
r_0327,-44.35213355959604,57.84040809213365
r_0328,-45.01653050970607,57.108999773972165
r_0329,-44.34822790763971,57.783397386248936
r_0330,-1.3745670680830244,13.234268581897407
r_0331,-45.91373523949051,118.12022553151238
r_0332,-15.248148730501022,3.615147919158584
r_0334,-17.383300068123052,13.107907431991714
r_0335,-26.028295091618475,8.356442437967537
r_0340,-14.982850897573684,9.357416828534795
r_0341,-14.982240546011184,9.89763876595893
r_0342,14.934461084419581,8.94334347226481
r_0343,14.933606592232309,9.488791446633895
r_0344,-21.481514327005073,24.56560612136965
r_0345,-13.986268935026203,24.565605089902007
r_0346,-1.0425829639843869,19.585581971356127
r_0347,12.689241266142844,16.63529589755695
r_0348,-10.850412839519095,16.59016648769494
r_0349,-3.304405925324204,4.472966215341858
r_0350,-23.317700161483145,17.66397855293686
r_0351,-46.57099469348577,17.18766452966801
r_0352,-27.904423765141672,5.0237764428568985
r_0353,-29.68841813416155,4.741210142390559
r_0354,-13.391155786955757,2.077938915775187
r_0355,-68.37717975562498,12.401311207486222
r_0356,-29.393204291519375,1.426450877960955
r_0357,-74.83766628494323,14.822692347851193
r_0358,48.82863268994453,14.804392472911145
r_0359,,
r_0360,,
r_0361,,
r_0362,,
r_0363,-1.3782901935012433,12.080379897347157
r_0364,-35.29780398215846,9.677705636779063
r_0365,,
r_0366,-3.505290881737892,1.2582333530731595
r_0368,-16.585478889193155,30.48134250942038
r_0369,-19.852252466024744,2.6909240770089533
r_0370,,
r_0373,-68.37756122099609,25.59526517487669
r_0399,-8.26482391808372,13.702415850695656
r_0400,-8.26485443566196,13.766373543934671
r_0402,-8.264854435661562,13.984775481585556
r_0410,-8.27457614410605,13.669250573097273
r_0412,-8.264915470818323,13.860696304099006
r_0436,282.31476295983725,115.8384436007987
r_0437,,
r_0438,,
r_0439,,
r_0440,-2.6359664276149033,28.475300932839442
r_0441,-12.633521865504008,30.58866343354715
r_0442,-12.633540939518753,30.93808749881043
r_0443,-8.833615212718144,13.884377454654503
r_0445,-13.797890171484141,12.174512814015095
r_0446,-10.427715306304435,20.94541480474584
r_0447,-9.939505939423043,20.945416715708124
r_0448,-25.88774962086518,3.9653365030712138
r_0449,-10.301160091284146,1.442866217836332
r_0450,22.097402554370774,1.248962544912086
r_0451,-3.5385667845470152,1.2397416361917324
r_0452,-3.5467910109933882,1.2397417961363364
r_0453,-54.383194290028484,5.202419390172345
r_0454,-66.77766562882641,28.29219308987649
r_0455,-53.10222655733105,28.292191790010122
r_0457,-1.3698026299925914,5.009779481447191
r_0458,-8.30639119530995,1.8846245957916559
r_0459,-2.501962480682323,8.699366301091201
r_0460,-30.4776980928724,3.4891255451275467
r_0461,-68.37762225615234,32.66080610404244
r_0462,-68.37772906767577,18.729805291471894
r_0463,,
r_0464,,
r_0465,-14.919241295065376,57.032405264663815
r_0466,-10.999509066502242,12.956939908466591
r_0467,0.2629857199367507,0.9242269605997467
r_0468,12.750367992946394,21.282729062286084
r_0469,-22.087118022796645,2.8070461272998757
r_0470,10.658342524287264,58.25336952714023
r_0471,-10.658361598302008,58.43760765721655
r_0472,-44.727569174757946,12.29234097028281
r_0473,0.9944214765655488,24.86980566472091
r_0475,-34.06922665047074,57.005513016365434
r_0476,8.060193055473292,57.02910073693221
r_0477,-19.149985355405533,2.9068337547446186
r_0478,,
r_0479,,
r_0480,,
r_0481,-11.22905605941969,15.991248305423047
r_0482,-5.400463371941441,15.991246695271014
r_0483,-308.46429243179574,10.057115395818872
r_0484,-306.8152578757269,10.057116720165334
r_0485,-27.207087452693713,4.791371090317051
r_0486,1.1761994362379937,12.088163017043412
r_0487,-19.320783977480914,12.974214017381515
r_0488,-15.14745386412367,2.1592150641266437
r_0489,-10.861579730874155,1.5931801798468528
r_0490,22.038257045340174,28.26909587084922
r_0491,-21.077062980634082,12.07590365796134
r_0492,-13.490540242747784,12.075907738168747
r_0497,-22.97234636979497,36.985939929204186
r_0499,0.6839723549832684,22.188222601703412
r_0500,-25.482683690793607,13.865997897189178
r_0501,-16.680833975600308,61.9099907724341
r_0502,-6.70532945657385,20.983386339514514
r_0503,-6.685537447819939,20.98338900537655
r_0504,23.298932426102283,13.384285043706743
r_0505,-4.398473922645508,15.349339546482009
r_0506,11.196260325160893,41.868216721050885
r_0507,-23.478589857981092,73.69065199959587
r_0508,-4.398504442779995,42.74832618627868
r_0509,-35.58129247905697,62.11617534403488
r_0510,,
r_0511,,
r_0512,,
r_0514,-31.144518670620812,9.649868142738276
r_0518,11.8116067776159,73.15932773039285
r_0519,,
r_0520,,
r_0521,,
r_0522,,
r_0523,,
r_0524,-51.19246278140779,14.938559175110832
r_0525,-44.16630958383617,13.363404927056738
r_0526,-40.20390549489997,57.75165724905585
r_0527,-18.931524479529912,13.060295903174893
r_0528,-1.3723633057475126,13.012936189077976
r_0529,-1.3722391689645974,13.49616229625719
r_0530,,
r_0531,-54.7617282856836,133.0187701163153
r_0532,,
r_0533,-15.250570625430079,1.878289622769638
r_0534,-15.250324041742694,1.8661135013556855
r_0535,-15.250324041742694,1.8661133353311745
r_0536,-17.801978543945097,26.658528817350177
r_0537,-10.501781099011168,11.841864784797535
r_0538,10.236745940789262,12.12099339156558
r_0539,,
r_0540,,
r_0541,-18.625217624343804,33.04930333719511
r_0542,3.8048207533938694,2.484083165315766
r_0543,-29.908360687377012,13.55212443914503
r_0544,-56.47639054983301,31.32104243622597
r_0545,15.634274532243126,12.345866436701447
r_0546,-17.23903566034096,12.206400064732922
r_0547,-17.239054734355932,13.057378372917638
r_0548,-17.253446290130114,21.42654578517318
r_0549,-10.442823735048222,13.64875455075833
r_0550,-310.5649456872813,115.55525607488406
r_0551,-295.66900187157216,115.55525607488406
r_0552,-310.6514537967402,115.5552587719883
r_0553,-27.481259555845533,5.719915359013557
r_0554,-43.264897395072495,5.7199157482322365
r_0555,-71.31985827687777,44.11674514185433
r_0556,-14.522720888150594,47.19474887704469
r_0557,-224.91206527962447,240.24618348684885
r_0558,-4.974056195057074,30.289661910538776
r_0560,-45.48605695953495,20.481011888820106
r_0561,-12.64399693303924,18.047006549367858
r_0562,-18.933899606653313,2.265197635461822
r_0563,-59.42222928061369,22.212431459925448
r_0564,-48.96323618956362,12.42807822829215
r_0565,-8.41311939883451,12.234632604179176
r_0566,-91.28057271669056,6.39533427870641
r_0567,-17.860972859382287,4.462734830366063
r_0568,-15.341599974613928,1.4405739917445628
r_0569,-29.59847533809352,1.4405739917445628
r_0570,-7.3190132016665075,12.19600835765679
r_0571,-0.32719252298829815,14.48763670309322
r_0572,-0.4024643723732879,11.993083110841239
r_0573,-0.3290861852328817,11.993100326731428
r_0574,-2.5187775978060714,9.570395823693575
r_0575,-2.4453994106652104,9.570374249666065
r_0596,-25.02780746468261,11.885594496362163
r_0597,-25.027685394370337,12.416727267152575
r_0598,-25.027682389562187,12.310120131843613
r_0599,-25.027560319249687,12.827674329817636
r_0600,-25.028052198762452,11.493495672675982
r_0601,-25.027563917512452,12.012999732523161
r_0602,-25.027743488165925,11.867467467722488
r_0603,-25.027804523322175,12.375421438404482
r_0604,-25.027923945915745,11.530988837177597
r_0605,-25.027313594353245,12.035678387620726
r_0606,-25.028045091638887,14.375728209348138
r_0607,-25.027556810388887,14.820396290001622
r_0608,-25.027677373494953,14.590586641665313
r_0609,-25.027555303182453,15.032311671367905
r_0610,-25.028289825630964,14.064248890756362
r_0611,-25.027618438912214,14.494455798015146
r_0612,-25.027723252560463,14.229924363910218
r_0613,-25.02780703996723,14.65877795624979
r_0614,-25.028026938532093,13.875531181047064
r_0615,-25.027309775446156,14.300320873744736
r_0616,-50.7769054834796,11.72739747904415
r_0617,-50.7762951319171,12.264398129147045
r_0618,-50.77652488818263,12.131650261191055
r_0619,-50.77603660693263,12.655574724536011
r_0620,-50.77732769957425,11.324693783584573
r_0621,-50.776290101918,11.850607369783813
r_0622,-50.77677066718912,11.677279668511739
r_0623,-50.77652652656503,12.192207592922648
r_0624,-50.777129417127306,11.32822140619784
r_0625,-50.776396995252306,11.84056011805464
r_0626,-26.67626993127601,11.885596479926612
r_0627,-26.676147860964647,12.416724671421393
r_0628,-26.6761372166236,12.31011692033516
r_0629,-26.67601514631201,12.827673584613512
r_0630,-26.67651626708448,11.493489927189362
r_0631,-26.676027985835617,12.01299558842198
r_0632,-26.676381592338203,11.867462509530062
r_0633,-26.676259522027067,12.375430014399365
r_0634,-26.676371804579503,11.530989145352342
r_0635,-26.675761453017913,12.035682987882613
r_0636,-26.676499145723028,14.375733770515879
r_0637,-26.676010864473028,14.82040242557418
r_0638,-26.67612782687138,14.590591046593527
r_0639,-26.67600575655888,15.032308482419337
r_0640,-26.67674548136938,14.064251456759864
r_0641,-26.676074094651085,14.494451098966394
r_0642,-26.676418124214706,14.229932549080228
r_0643,-26.676295610202487,14.658786474866226
r_0644,-26.67647365219682,13.875527070345482
r_0645,-26.67581752426713,14.300328917425034
r_0646,-22.691496301227247,11.727400961043788
r_0647,-22.690763879352247,12.26439219158227
r_0648,-22.691003710372527,12.131651095903726
r_0649,-22.690515429122073,12.65557184067849
r_0650,-22.69179982282226,11.324690137858994
r_0651,-22.690762225165557,11.850611862476136
r_0652,-22.691004153316,11.677273921964662
r_0653,-22.691004153316456,12.192205823443116
r_0654,-22.691612486608804,11.32822417069036
r_0655,-22.690880064733804,11.840559465319028
r_0656,-18.796847802541606,3.534701666400079
r_0657,-18.44501064430773,4.106626573431523
r_0658,14.285738087923846,12.228966388355424
r_0659,6.8777031905483454,13.078472722832934
r_0661,6.826317428517086,13.078476041340751
r_0662,16.764312171899746,2.207982886677633
r_0663,-1.6689915741933987,3.7604306672184062
r_0664,-1.6692810243218332,3.7604308676093905
r_0665,,
r_0666,,
r_0667,-3.016309020190647,7.384624929435089
r_0668,8.060279323350414,14.346298682645612
r_0669,-13.810592048881972,14.14143082354168
r_0670,-48.57845970382372,7.161171915722847
r_0671,-401.17841133826687,16.826684661280343
r_0672,-57.22778777734641,13.134054508458405
r_0673,-65.05921144080367,12.215138515215532
r_0674,2.8907210790771387,1.758829335856953
r_0675,4.923191660654055,2.202572420995166
r_0676,13.625792328620491,13.422207741097868
r_0678,4.457197556901519,13.180783438222806
r_0679,-34.66098458152209,57.00030204511935
r_0680,-34.689701080322266,57.000302064679666
r_0681,0.016191741971397278,2.4580062771579927
r_0682,0.032301597051855424,2.4580061668637936
r_0683,0.02579709060330515,2.4580065323844864
r_0687,,
r_0688,-3.792921748148501,13.313724012134692
r_0689,-50.621660226093866,56.99017703853514
r_0690,24.77629466715848,13.501539012065818
r_0691,17.825436549001097,12.071693035671414
r_0692,-42.77702091779604,57.013147319321114
r_0693,-57.74170075925083,57.01314729939906
r_0694,-359.83857302302226,7.3269351097183355
r_0695,-0.1387902795202649,21.39110017322397
r_0696,-42.58159331032766,12.1278476901089
r_0697,-18.893236428616035,6.433433014433224
r_0698,-105.17456054688091,46.67378168943369
r_0699,1.1103305444297007,3.0096527211558888
r_0700,1.111854901511208,3.0096526931495005
r_0701,,
r_0702,,
r_0703,-7.383509815163507,16.500884354959656
r_0704,-7.383570850319757,16.500883623776353
r_0705,-18.876218829154595,16.851581154275777
r_0706,-18.876218829154595,16.851587151367998
r_0707,-18.876218829154595,16.851582784116026
r_0708,-18.876218829154595,16.851583565719576
r_0711,,
r_0712,,
r_0713,20.14315343991575,12.070232344243701
r_0714,27.63074682134402,12.070228341473355
r_0715,27.62331903645179,12.070228087232833
r_0716,-46.524384433617776,13.482118926904127
r_0717,-46.79377779953047,13.482123404964247
r_0718,21.71510012756562,12.171446356414977
r_0719,21.71500595090015,13.02470185811244
r_0721,10.097448615669236,36.22066424868932
r_0722,-2.5065055945835866,12.893992634600588
r_0723,0.2629857199367507,0.9242259447243227
r_0724,-6.585219067054826,20.852668961092608
r_0725,-6.688040836556787,20.852669635914555
r_0726,-25.017662221524006,31.03190941085362
r_0727,-15.011776060212469,22.712444287038963
r_0728,-17.607370471255706,67.21680301490845
r_0729,,
r_0730,,
r_0731,3.865050148387354,24.126260416975246
r_0732,-3.8650692224020986,24.567770943676027
r_0733,3.710710150279283,24.567769353485076
r_0734,6.954951493823046,2.4056118157609574
r_0735,-14.719865920984354,6.645270121477301
r_0736,-14.719584971619248,10.951855709345576
r_0737,-14.71982384762348,14.38831927123131
r_0738,-14.719725037398803,10.616763090297274
r_0739,-31.319834425282124,7.3724909112152455
r_0747,-16.38039927071054,17.636366708199446
r_0748,-16.38003305977213,17.999980138875205
r_0749,-16.38028367241418,17.821117785359988
r_0750,-16.37991746147577,18.183865662205083
r_0751,-16.380712171257073,17.385003021113608
r_0752,-16.380162854849914,17.734189859991954
r_0753,-16.380283170463144,17.528660331769036
r_0754,-16.380161100149735,17.87791010602469
r_0755,-16.38064854607694,17.24088030230677
r_0756,-16.380526475763645,17.58386558140054
r_0757,-23.56907199930174,3.9528963432400084
r_0758,-3.884760823703118,2.97761370664176
r_0759,6.197294361733157,13.23888194223963
r_0760,-40.07119887099043,14.15651294298114
r_0761,-42.73827396667883,13.567839967704701
r_0762,-17.25616753087317,9.416736545144804
r_0763,-120.48022850371217,26.384540766548444
r_0764,-34.67773611517225,12.122597482433092
r_0765,-6.714173215910705,12.605049496187826
r_0766,-21.62455471765611,12.605050275376492
r_0767,-32.17283880612945,11.962612433552273
r_0768,-8.324567411536918,11.527654735501491
r_0769,-8.324567411536918,11.527653109492713
r_0770,-70.23032781501342,60.05715814913256
r_0771,-6.714154141895506,12.548006649604737
r_0772,-21.62464889432181,12.548006292633355
r_0773,-66.17589957981909,60.05715895846742
r_0774,-22.380390285668682,10.039509843816836
r_0775,-37.505750969547535,10.039512260315414
r_0781,-59.51941836549567,57.97191384379239
r_0782,1.0572003301168706,34.742485034663304
r_0783,-0.43775563121448613,12.14973418247026
r_0784,-0.43775563121448613,12.149733427557607
r_0785,-2.5127816936242198,10.238038324131004
r_0786,4.290787853226675,9.825471755169081
r_0787,18.571404866816465,9.825474762739475
r_0788,-24.63505256866779,1.7247589668354861
r_0789,-24.63667028925056,12.9310680785974
r_0790,-24.632269967502452,8.349476912384313
r_0791,-24.816267538084276,8.34947740170413
r_0792,-24.636697807504788,8.772046292971329
r_0793,-24.62969146450928,1.9940958210040316
r_0795,-0.00028094936487832456,9.020231758868054
r_0796,-0.00012413678314260324,4.288466037951612
r_0797,-0.0004030375480397197,10.140984355691966
r_0798,-0.0002691459194466006,13.21438305518595
r_0799,-0.00038633135864074575,12.157652219026183
r_0800,-4.2073360873473575e-05,12.978642801011702
r_0801,-8.394418728130404e-06,2.5675052513818777
r_0802,-1.3590885373560013e-05,4.338241143779144
r_0803,-0.000510050159846287,9.82048312715644
r_0804,-26.008991521636744,12.896556995902367
r_0805,-26.008892711412045,8.48605381865862
r_0806,-26.008752645632512,8.901718619232877
r_0807,-26.009025200578662,2.113787266538178
r_0810,-24.807963635433907,12.931065714138898
r_0811,-0.00014088358602748485,8.610290124082063
r_0812,-50.99612917150793,10.261604888924271
r_0813,-45.31883015183348,4.166400811043544
r_0815,-46.52515536093193,22.1197166844911
r_0816,-26.587171637620713,5.1849910369481425
r_0817,-20.663789595442722,42.522873457365456
r_0818,0.08699703740757059,4.402399730967899
r_0819,2.4917981920547163,3.2706916342947907
r_0820,1.8147553490393875,6.07481774635658
r_0821,-6.152339871187678,7.665198705776943
r_0831,0.7733026502362463,16.78050165364096
r_0832,-22.384282779011187,10.031602016537542
r_0841,-2.755365963007307,12.665828464720592
r_0842,-13.819918104521982,10.537338747419458
r_0843,-42.3735119363723,10.147334337933732
r_0844,-27.3594611774301,13.597916585369521
r_0845,-27.35943065985225,13.66236348032127
r_0847,-27.35943065985225,13.882401830649782
r_0848,-27.359369624695546,13.757399367312697
r_0849,-27.359369624695773,14.036566785038257
r_0850,-27.34970895140782,13.564495808816192
r_0851,-3.8517527514069343,3.3925931622032786
r_0852,,
r_0853,,
r_0854,-17.86091298683027,4.557282930038108
r_0855,-12.138096232569296,11.50817192570452
r_0882,5.782744692273354,5.67773932273346
r_0883,-33.3019509069497,115.55978554054575
r_0884,12.928463769485234,2.5828272705481377
r_0885,-2.41779987555924,23.390007798031256
r_0886,-15.70787350371345,2.0508167958810697
r_0888,6.9439328464327446,0.9466705390381812
r_0889,7.42877720661113,13.057382023077773
r_0890,-6.166697571110035,3.423867303106505
r_0891,30.18718507221115,12.108001023664032
r_0892,-19.436829078425944,2.0637743657157763
r_0893,4.504596582433123,1.0964036286298484
r_0902,-6.9439328464327446,0.9466709472186773
r_0903,-1.620893428189902,18.226039683878046
r_0904,-1.4572196463504952,6.655365046566006
r_0905,-38.87496121964102,13.726820509710214
r_0906,-26.482000744856578,11.666747486582238
r_0907,-6.943760089345233,0.9971563199260328
r_0908,-3.8440938856219873,14.727483125873235
r_0909,-21.22210032859357,24.122091780973676
r_0910,-35.26741999926296,23.897743720247465
r_0911,-4.470726181244572,11.837579306632673
r_0912,4.985929084973975,26.944153415074968
r_0913,-17.51930185487538,8.16266773418737
r_0914,-27.530071288227646,7.815217886025043
r_0915,-36.50359365815598,6.070941709154783
r_0916,-8.288597390546329,2.0913586143822234
r_0917,-10.251870816289284,1.607249432005245
r_0918,-9.976483885716561,2.0634975848231045
r_0919,-14.93446108441944,8.94334347226481
r_0920,-14.933606592232394,9.488791446633895
r_0921,10.31694556944558,21.919364316009123
r_0922,-397.2296273605473,13.898617057459024
r_0929,-112.26148201051234,45.148229344954466
r_0935,-68.8508884925129,13.0494164528438
r_0936,-112.53191916423816,68.07553631560805
r_0937,-112.4978961701861,95.60659244743606
r_0938,-177.19329658202207,11.876760628413303
r_0939,-126.15012754133977,16.948403664101757
r_0940,33.447110239615654,28.66255032201162
r_0941,,
r_0942,-1147.4788728182025,156.77479230803536
r_0943,-13.194692164335606,11.673978005746696
r_0949,9.620701715110386,12.971016730300232
r_0950,9.235553718969584,12.971015618239
r_0951,9.623001238299992,2.008955947860294
r_0953,403.1778869711719,63.89172777284528
r_0954,-127.60110962021793,63.96197675017074
r_0955,-119.79630216839462,19.58144265379061
r_0956,-119.76119936225967,18.657568603724396
r_0957,-47.32924858199749,13.774120208850718
r_0958,-6.368045747641645,2.243384527220965
r_0959,-21.31153655203383,2.128979179292113
r_0960,-37.59043125280107,2.94236782720107
r_0961,-30.15964123347021,18.078931227359288
r_0962,-26.3114444858727,1.9357442218189915
r_0963,-405.4743902520804,52.478959557033235
r_0964,-116.16824447583417,5.17984040717273
r_0965,-15.126920212227539,28.335480209575895
r_0966,-29.827302949941558,28.33548080694284
r_0967,-97.97231086207239,23.650340285652465
r_0968,-55.426006930674816,49.70890298256041
r_0969,-15.25015094394189,1.8596953032717796
r_0970,-61.860436633826495,115.54881462232359
r_0971,-61.860588222621274,115.89979584341528
r_0972,-61.86080438976812,116.23559230014844
r_0973,-61.858429078248875,115.87042357005048
r_0974,-61.86031249704358,115.54460319989404
r_0975,-61.86032394113538,115.54460322249439
r_0976,-61.86046613443857,115.885949812453
r_0977,-61.860477578530364,115.88594977699181
r_0978,-61.86057731720932,116.23452183801828
r_0979,-61.860588761301116,116.23452172734034
r_0982,-4.8493178562457615,1.0261500699599095
r_0983,-16.05225274076497,11.984850185479514
r_0984,0.0,1.1581070783583136
r_0985,-42.03256909899687,57.52845083741212
r_0986,-51.4661108531609,51.154804205130894
r_0987,-35.32396442904852,6.939545113235535
r_0988,32.617690888387415,12.755454465474031
r_0989,-34.798675891002404,13.465408929176746
r_0990,17.65133049185124,1.716491816875697
r_0992,-10.926480678276391,13.546374040014557
r_0993,-5.4603350550187315,26.504757573304573
r_0995,,
r_0996,-7.793418992501017,13.584735563824557
r_0997,-8.57251546885707,4.911322997031943
r_0998,-50.541957219784706,69.16470192338346
r_0999,340.7805281158806,80.65423782259792
r_1000,-53.10883717478828,28.169849622961653
r_1001,-32.24866592293074,78.6062190458837
r_1002,-32.282491014542074,100.34109917755494
r_1003,1.659955993312451,21.97430578099201
r_1004,-10.510929475125067,4.504049440266679
r_1005,-10.505271176936049,5.052106611722106
r_1006,-15.498104119872778,4.733968129796796
r_1007,-15.503762418061797,5.258115071940838
r_1008,-0.05206790186230137,1.7679080606151834
r_1009,-0.027939675766219807,1.7679078920277973
r_1010,-385.35907432497004,43.750086577277656
r_1011,-385.35897132867217,43.99510088361945
r_1012,-153.09048398261848,45.26803909537498
r_1021,-7.945950753584839,58.86201101018969
r_1022,-1.4418700983595727,13.803117519437196
r_1023,-39.15246947239211,13.052804595514639
r_1024,-23.267990112304688,1.6924293550136082
r_1025,46.939158792385115,2.680170743340976
r_1026,-57.60659241276858,2.556950828703603
r_1027,-118.42622424597266,38.79168594104233
r_1028,-277.02665704311414,57.41146522532784
r_1029,-412.8407039624029,33.72571200116888
r_1030,-5.641114581338801,20.87819175578904
r_1031,-30.522442821991262,20.816944790862582
r_1032,,
r_1033,,
r_1034,,
r_1035,0.42089563273634667,56.87973285851357
r_1036,-10.167072137027759,53.59191211839322
r_1037,-310.5649571313731,115.55525607488406
r_1038,-9.12840280393425,116.22216509260575
r_1039,-16.54671937609581,116.22216475646121
r_1040,4.923191660654055,2.2025726193330386
r_1041,-15.145545997437921,21.375505875012532
r_1042,,
r_1043,,
r_1045,-33.75783953761015,23.60832430992479
r_1046,-12.087260191692394,30.89150428162054
r_1047,-69.02070214525031,39.82005056269524
r_1048,-2.088291209931185,1.5551815010534085
r_1049,6.196027139030775,1.4759611039429386
r_1050,-8.05880511241412,1.5107716373313393
r_1051,-10.758886601188124,2.2005037880789073
r_1054,5.236031631545075,0.7651160904336757
r_1055,-27.14304255073904,3.8060955103201866
r_1056,-5.407085295874765,3.1391994938841883
r_1057,,
r_1058,,
r_1063,3.848591050791171,3.840498943093908
r_1065,3.8413052076469967,3.8404986358252584
r_1066,,
r_1067,,
r_1068,-13.889039228000229,42.727136745545735
r_1069,-2.5073045054464274,9.991996200194889
r_1070,0.0,8.742692071407202
r_1071,0.0,8.797742838761476
r_1072,-1.3767636274951656,8.475715386805604
r_1073,-1.3768246626514156,8.475714603898663
r_1074,-7.650383151454662,8.54793092487932
r_1075,-18.153212004289173,6.283658722338649
r_1076,-67.4539571068301,114.03333266579507
r_1077,-15.249582708027447,8.392130881891372
r_1078,-15.249540634666573,15.273898559381696
r_1079,-1.3781531830622953,9.683843408998692
r_1080,-1.3781531830622953,9.683841328531413
r_1081,-31.819672987893682,94.0286320840957
r_1082,6.488183251091982,99.11778594008987
r_1083,-65.6842787036677,89.39068117433023
r_1084,-2.501962480682323,8.699365050412442
r_1085,-35.707441531339555,1.8593186615184962
r_1086,-37.41892528481162,1.8593186615184962
r_1087,-1.1484833330396214,3.641246492869477
r_1088,-1.1490177926942806,3.6412460475801445
r_1089,,
r_1090,,
r_1091,-16.954813153531745,2.881600862198994
r_1092,17.82543917179214,12.083510221790432
r_1093,-15.23793394028229,12.939551120352617
r_1094,-11.61466976571112,2.041323104687849
r_1095,-3.640827664041808,9.555873953031469
r_1096,12.553093390799887,6.471892029044812
r_1097,-11.409891599280385,2.6088660677080955
r_1098,-15.973848365739514,3.771296633006917
r_1099,-3.4232585209689432,2.4385108605474
r_1100,90.68926313740121,47.59475014941236
r_1101,11.412072882258151,2.913653615819241
r_1102,11.231502542091782,3.6136723086106044
r_1103,23.958784173442325,20.918255743619742
r_1104,20.431071711084392,4.203762748178909
r_1106,-3.4261531272863692,1.2408772300267084
r_1107,-9.1279133518512,2.8893382559763605
r_1108,6.850508092570884,1.6574275150892126
r_1109,15.97684656596308,1.412407696355025
r_1110,0.0026690689742281393,2.3624242413868477
r_1111,-1.1427501644370535,2.3624239157260147
r_1112,-1.8196961071606665,2.0686537461004018
r_1113,7.986923315839761,8.41525101368988
r_1114,6.703097235631191,10.591247452298322
r_1115,4.544213199018984,80.57981653474536
r_1116,-0.5880546013636161,2.3136633862402984
r_1118,3.4220492928976682,1.7552411431732904
r_1119,18.258140905797937,12.862849633481483
r_1120,-11.532472878558679,53.587240571546566
r_1121,-412.182337772319,11.276783139242365
r_1122,-431.57915364500286,11.836453500844186
r_1123,-412.1825786230379,10.769565204964472
r_1124,-431.5791503550968,11.323580639606012
r_1125,17.114837377227467,36.717786176485454
r_1126,1.809793498490535,1.8112393495395154
r_1127,4.8504879796587375,1.8822803448927443
r_1128,0.038487067217715776,2.2290968165796925
r_1129,54.37730357820192,13.338652149817815
r_1130,-12.448618853125598,12.471447907027153
r_1131,-25.692310099653476,12.471447907027153
r_1132,15.973846992318418,8.609670548360556
r_1133,6.847233354351879,9.186036793941927
r_1134,13.691109315216295,0.7702284935492675
r_1135,14.832782196198444,0.7462932139849766
r_1136,6.846492288025921,1.2836685459981803
r_1137,-4.685797190569364,1.2836680823829152
r_1138,3.423376303692237,1.5534435763108627
r_1139,14.832782196198444,0.7462946048306632
r_1146,52.48550177313791,42.78669566535295
r_1147,50.20352343517379,41.74902137322663
r_1148,50.20352343517379,41.74902137322663
r_1149,9.123352360343006,30.421138551912847
r_1151,-55.2907617502932,27.97800190045085
r_1161,52.48550177313791,42.063326269787474
r_1162,52.48550177313791,42.063326269787474
r_1164,19.400746545406093,21.51000356585887
r_1165,-52.15827811014299,18.22655427665505
r_1166,13.691793027217045,0.746293192911389
r_1167,17.85379067663615,4.834633972604197
r_1168,-90.15921088083672,4.8346334668419715
r_1169,20.537813492562236,4.892851414452817
r_1170,22.819792322239323,37.21686083386928
r_1171,10.268902146133705,1.3717183280124883
r_1172,-9.127912977152306,1.3717183280124883
r_1173,6.837602960669187,1.5757723372247525
r_1174,-239.6074769251893,4.0998595555389
r_1175,-13.246398884141517,18.20190120035169
r_1176,6.839785761352822,13.036476779082612
r_1177,14.832849356136308,3.607227043948921
r_1178,-1.1152247381905056,2.5075850833939795
r_1179,-31.599647467427005,2.5075850833939795
r_1180,-15.973848365739514,3.733683436696647
r_1181,-13.691870027776815,4.3400444142515955
r_1182,16.32936679748059,7.418147109353063
r_1183,9.123080705167794,1.2826914134624199
r_1184,18.244974543416276,6.916493402014834
r_1185,-79.84299840709105,6.916494076364377
r_1186,10.217501741651148,1.7338020721569951
r_1187,-39.8074640980052,1.7338016506884177
r_1188,51.21735578781923,1.7338016506884177
r_1189,39.935285090734055,1.0902832106962885
r_1190,7.983983232842888,1.0902829999620094
r_1191,17.11627187348222,37.94876614637004
r_1192,9.017410400293066,1.5485817615232915
r_1193,74.08425015726743,2.2313564927149927
r_1194,13.68192622951483,1.375556051450511
r_1195,51.360366935461855,1.3755554613945413
r_1196,10.26637219772806,1.3755559250099247
r_1197,-51.32739293562385,1.8683665913274474
r_1198,62.737284625437866,1.8683665913274474
r_1199,12.543806298434248,1.8683664648869005
r_1200,-48.477837765587765,11.169110416764013
r_1201,11.728584610059812,11.16911007958922
r_1202,74.15604047533611,2.224479644324483
r_1203,-68.45109463042908,2.224479644324483
r_1204,79.86098632024313,2.224479644324483
r_1205,15.970166582444989,2.2244798129118832
r_1206,8.557894055958513,1.2836669865648538
r_1207,6.846492288025921,1.2836671972990445
r_1208,74.15438457480403,2.525987830446799
r_1209,-68.449438729897,2.525987830446799
r_1210,79.85933041971104,2.525987830446799
r_1211,15.969491666113726,2.525988167621711
r_1212,-79.85533595122817,3.478522538301664
r_1213,18.249879154929232,3.4785218639522513
r_1214,13.687316230381015,10.208693321006868
r_1215,13.686691607335746,2.754487138235903
r_1216,11.409218028765352,3.9874844248776067
r_1217,9.109024123504582,1.374169420134474
r_1218,11.393822840171879,2.0730066103215554
r_1219,14.827042904098619,2.338232597609431
r_1220,62.72257370406044,3.1901902156672084
r_1221,-57.01762785915342,3.1901902156672084
r_1222,68.42751954896744,3.1901902156672084
r_1223,13.678810459218269,3.1901900470798097
r_1224,13.688245922304105,1.9614796006939004
r_1225,57.04945844906979,52.88260435692117
r_1226,4.654430726647661,1.2046632043999594
r_1227,26.242656452468168,1.7950924407299298
r_1228,-20.5091079563104,30.298529154909808
r_1229,37.0235676364357,12.065188156633228
r_1230,16.35102421141528,12.652232733136394
r_1231,16.35323190652707,12.155780861383418
r_1232,16.35860270229705,17.851975850085424
r_1235,4.5642426563628895,9.65118070946355
r_1236,39.93975909561959,4.064773905732766
r_1237,-35.47665997418059,3.444337229474441
r_1238,15.967798722335743,3.444337229474441
r_1239,-9.820409651771229,1.1116099375112494
r_1241,19.398879179629596,10.445484768359496
r_1242,71.09652029685174,35.65506721544959
r_1243,-13.691870027776815,4.878594821474965
r_1244,2.755526018602268,0.7522164899275203
r_1245,-11.041675232185298,0.7522167217351514
r_1249,0.5705508236525816,27.622838163069638
r_1250,-15.97153537201018,59.99290211820412
r_1251,14.830546203028803,59.99290211820412
r_1252,-74.15865259953569,59.99290498418978
r_1253,13.691160329746424,19.01387096131706
r_1254,4.5640346400421095,0.8748616485315702
r_1255,27.38113879735056,42.61606768949207
r_1256,39.351621388969534,42.61606768949207
r_1257,17.109250062231865,46.137870489354555
r_1258,1.7114275143102304,27.622838163069638
r_1259,-25.004290205938105,82.81204698451099
r_1260,23.863301036956727,82.81204698451099
r_1261,-119.5593393423195,82.81204647874881
r_1262,32.86232233200781,106.66744764861092
r_1263,-164.86570713826086,106.66745304340738
r_1264,4.681221367354169,2.037768330418845
r_1265,3.4579819788638133,2.2378463077475077
r_1266,7.226047955555259e-06,2.079464814065656
r_1267,-0.698844655199423,2.5576245193444174
r_1268,-7.980334493586554,36.88381306518829
r_1269,20.327894681881617,56.7864375811637
r_1270,20.56830919448464,56.9130380220099
r_1271,-106.66078208932095,8.74269342010625
r_1272,5.68056954546401,8.61077917906376
r_1273,6.845935011558076,3.589307215486453
r_1274,14.822659991281057,8.18752990531154
r_1275,-43.565955044755356,30.74676723458816
r_1276,-25.699481372760147,11.877569462446079
r_1277,2.281978191410559,0.875927668770874
r_1278,0.0,40.298800240884134
r_1449,,
r_1450,,
r_1451,,
r_1452,,
r_1453,,
r_1454,,
r_1455,,
r_1456,,
r_1457,,
r_1458,,
r_1479,,
r_1480,,
r_1481,,
r_1482,,
r_1483,,
r_1484,,
r_1485,,
r_1486,,
r_1487,,
r_1488,,
r_1509,,
r_1510,,
r_1511,,
r_1512,,
r_1513,,
r_1514,,
r_1515,,
r_1516,,
r_1517,,
r_1518,,
r_1542,,
r_1543,12.550841656890611,27.41296500170367
r_1545,,
r_1546,,
r_1547,,
r_1548,,
r_1549,,
r_1550,,
r_1551,,
r_1552,,
r_1553,,
r_1554,,
r_1560,0.0,13.062089924684846
r_1562,0.0,4.1116415384521625
r_1563,,
r_1564,,
r_1565,,
r_1566,,
r_1567,17.410243825048155,1.8263928399245535
r_1568,15.403475841493787,9.525220469416496
r_1572,,
r_1573,-11.44291570802784,3.816331214990685
r_1574,17.143344551105372,3.816329360529064
r_1575,-13.691870027730431,3.1086004918587733
r_1576,20.537805041540082,3.108601503382863
r_1577,,
r_1578,-11.409891688758364,4.133237246453873
r_1579,17.11483753187406,4.133237077866468
r_1580,,
r_1581,,
r_1582,-9.127913350203045,4.498510664093651
r_1583,13.691870023331916,4.498510326918863
r_1585,8.55753885219309,1.895717030025317
r_1586,,
r_1587,0.0,1.3726322402764546
r_1588,4.564670740830934,1.3726327460381398
r_1589,,
r_1590,11.409891687886557,4.271136002810106
r_1591,-17.1148375295229,4.271136002810106
r_1595,13.692834632902077,5.915759136734318
r_1596,15.403611509695324,4.422340013479062
r_1597,10.269204691491154,4.422340013479062
r_1598,,
r_1599,-11.409891689740732,3.1236534916853516
r_1600,17.114837534523303,3.123651974398764
r_1601,90.69731393170878,45.0484304263644
r_1603,,
r_1604,,
r_1605,-6.851333377428119,5.385683617809414
r_1606,10.273515549332913,5.385683617809414
r_1607,9.63091285809088,30.372329045295654
r_1608,15.403575587723353,2.9136537844066592
r_1609,6.846124071489157,2.0420730572975203
r_1610,4.564096594119974,2.0420727201226767
r_1611,8.551003617094409,4.272232158046181
r_1613,-10.761668982214132,1.6616586308621573
r_1614,-10.763784484478037,3.8834072144082126
r_1615,-10.761729092431096,9.821010736128033
r_1616,-10.761410546217121,13.132047037372272
r_1617,-10.761545467306119,11.959836550254515
r_1618,-10.761601979173747,9.493046972074106
r_1619,-10.75930594474039,12.913778985261292
r_1620,-10.758921911977836,2.5777818949325093
r_1621,,
r_1622,14.976586598910728,3.6136720557295106
r_1623,-34.82989228858082,20.942509481892962
r_1624,-26.956670408399532,20.97535188918166
r_1625,,
r_1627,,
r_1628,23.541318604599496,5.29263989786204
r_1629,,
r_1630,,
r_1631,,
r_1632,-6.8459350131580585,1.7094545964154244
r_1633,4.56395667565479,1.7094545964154244
r_1634,,
r_1635,0.0,1.2408771457330083
r_1637,0.0001220703125,13.430297605917964
r_1638,-19.397524389582316,37.83494807620421
r_1639,,
r_1640,8.557970826406859,1.657427346501827
r_1641,,
r_1642,19.05283678120145,2.819618011939383
r_1643,,
r_1644,0.0,1.5563619011709993
r_1645,0.0,1.5563616482899287
r_1647,4.5644073145418815,1.3726336311215372
r_1648,,
r_1649,,
r_1650,,
r_1651,,
r_1652,0.01155660097447253,1.6641821150871956
r_1654,,
r_1656,0.0,1.4812992912039584
r_1657,12.39949019914701,6.916494750713986
r_1658,13.558325041038785,1.7338018192758364
r_1659,-2.2815802369186713,1.7552408845644263
r_1660,0.0,1.7772979569950234
r_1661,0.0,1.7773005279537883
r_1663,,
r_1664,-21.130725386033422,2.007777803798573
r_1665,-6.258007130968373,2.007777803798573
r_1667,-6.258007130968373,2.007777803798573
r_1668,-6.3519744873046875,2.007777803798573
r_1669,0.0,1.3847767703802374
r_1671,,
r_1672,,
r_1673,17.115742551832795,37.94876749506922
r_1674,-2.281781837749577,53.58723962217023
r_1675,0.0,8.779965395531006
r_1676,412.1823397091971,10.667690540141672
r_1677,412.18233833104296,10.205523877998932
r_1678,412.18231339647673,10.49222882651863
r_1679,431.57915558188097,11.253135216893218
r_1680,431.57915420372683,10.78377408770883
r_1681,431.5791292691606,11.041092904747696
r_1682,-396.9060620892599,51.312230549778214
r_1683,,
r_1684,15.973848208246068,36.717786850835026
r_1685,-184.76286917604017,7.77981755020471
r_1686,5.828307983845889,1.547645511430647
r_1687,,
r_1688,0.028293411605659458,2.2290968772452895
r_1689,-1.2133922741504648,1.8112379263356182
r_1690,-18.849935410490843,8.9830953348914
r_1691,0.0,2.3189410156684334
r_1694,0.0,2.3189410156684334
r_1695,0.0,2.3189410156684334
r_1696,0.0,2.3189410156684334
r_1697,0.0,2.3189410156684334
r_1698,0.0001220703125,13.338648103719335
r_1699,0.0,13.33864540632103
r_1700,-36.281826703536126,13.338649452418691
r_1702,,
r_1703,-1.372335787493057,8.892287825623201
r_1704,-1.374481656976286,10.00909601768995
r_1705,,
r_1706,,
r_1707,11.409817560984436,1.1204503654269549
r_1708,12.19690277390805,1.3055993846665408
r_1709,,
r_1710,,
r_1711,,
r_1712,,
r_1713,14.839869910462767,3.2610992537143177
r_1714,,
r_1715,,
r_1716,,
r_1717,15.973843831425427,1.069672558837472
r_1718,,
r_1719,11.409817560984436,1.1204502811332675
r_1720,0.0,3.872396132991392
r_1721,0.0,9.91594569452249
r_1722,-45.024163058910744,57.013981400882074
r_1723,-45.02402627538777,57.12573793095915
r_1724,-45.024154664492016,57.00764939979446
r_1725,-45.024136821285765,57.11527267364651
r_1726,0.0,10.372159030019839
r_1727,,
r_1728,14.836016094118008,3.783965132732457
r_1729,-1.3761106634840417,4.188480543033766
r_1730,,
r_1731,14.8328605933645,9.752664251531607
r_1732,14.831926134871878,13.055421281726128
r_1733,13.675279082943064,3.831870926623926
r_1734,-15.247431615824304,9.604266105314863
r_1735,13.683359839041131,9.426213138992214
r_1736,-2.4955396729364807,13.107898847209944
r_1737,0.0,13.099100926823615
r_1738,22.21301084787231,16.484349623384922
r_1739,-33.16579264259735,94.76302688045881
r_1743,32.49086485629033,20.99166274108386
r_1744,-35.207367747437935,16.694020410295266
r_1745,22.221642350186926,17.846596121544092
r_1746,-8.67731127631555,0.7303297579369945
r_1747,1.3721245978667866,1.0582710355251328
r_1748,0.0,30.233213003660744
r_1749,,
r_1750,15.589844674153937,12.096137430431673
r_1751,0.0,9.58766321712156
r_1752,0.0,9.489429365661529
r_1753,,
r_1754,0.0,42.30980913207403
r_1757,,
r_1758,0.0,41.74902137322663
r_1759,-50.20352343517379,41.74902137322663
r_1761,,
r_1762,-6.845935013391113,1.9562313908235636
r_1763,10.268902519491462,1.9562313065298647
r_1764,,
r_1765,,
r_1766,43.71278024129822,21.167482534332883
r_1770,21.683932391917153,1.8219592021944773
r_1771,26.24788906784272,2.3122817293104587
r_1772,30.811845743768572,2.867547998121996
r_1774,35.37580241969408,3.4566001922237053
r_1775,33.094267597741236,5.5710210123882495
r_1776,17.123753566687526,1.4634167627025496
r_1777,30.81482926665285,2.8675483352965854
r_1788,,
r_1790,11.428692149618996,28.475300896010854
r_1791,,
r_1792,,
r_1793,,
r_1794,-1.7129316078077181,1.341742646414492
r_1795,1.1426858034351426,1.341742646414492
r_1796,2.2846589358023266,1.1921770944813987
r_1797,-15.208321917337322,2.129503563730108
r_1798,,
r_1800,,
r_1801,62.07532522586462,12.8704586569244
r_1802,0.0,12.87045899409914
r_1803,-111.53139953242567,12.836046260877637
r_1805,-68.4591623505591,0.746292265680617
r_1806,,
r_1807,,
r_1808,,
r_1809,12.209405779007511,1.3644611886078652
r_1810,,
r_1811,8.5350532534936,1.57577225293106
r_1812,6.845950059642092,2.4441514632805474
r_1813,4.563956596932215,2.4441520533363557
r_1814,,
r_1815,,
r_1816,-1.1410260891276494,1.8947393917272584
r_1817,1.1410124643018662,1.8947393917272584
r_1818,,
r_1819,8.540612211055702,13.036476779082612
r_1820,,
r_1821,-15.24972765025732,12.995756010631728
r_1822,22.246592814670123,12.835695599097672
r_1823,14.831909084960046,12.835695599097672
r_1824,1.1409891689813991,0.0
r_1825,0.0,0.0
r_1826,-4.849203968170961,0.0
r_1827,-1.1409891689813991,0.0
r_1829,0.0,0.0
r_1830,1.1409891689814058,0.0
r_1831,-5.704945844907009,0.0
r_1832,0.0,0.0
r_1833,-3.0517578125e-05,14.948805399392617
r_1834,,
r_1835,35.37878594257859,3.4566008665735937
r_1836,33.09750661702674,5.571020759507203
r_1837,15.699099179223168,11.16910957382705
r_1838,-45.22805487629944,13.552131093689697
r_1839,0.0,4.476574240968092
r_1840,66.81466009652695,16.914251861468337
r_1841,,
r_1842,4.544414342637253,1.8277343319646702
r_1843,,
r_1844,15.403353303647577,4.897855425482392
r_1845,-10.268902343738318,4.897855931244722
r_1846,13.697047887209322,5.108799559342315
r_1847,,
r_1848,13.675234941430801,1.7150739514338174
r_1849,0.0,15.60717558801001
r_1850,-15.24980325419142,2.41810408335441
r_1851,460.67473809105786,11.982950888651123
r_1852,460.67448397532144,11.604812061202516
r_1853,460.6744752150787,12.227646387380071
r_1854,460.6744729521438,11.79241678764413
r_1855,460.67444716968885,11.353321141793518
r_1856,480.07130982311674,12.510981105304277
r_1857,480.0712998480053,12.120700613743898
r_1858,480.0712910877626,12.749603748931083
r_1859,480.0712888248279,12.304613950605185
r_1860,480.0712630423727,11.866713926550855
r_1861,,
r_1862,,
r_1863,-13.691870027676657,2.9564866150238727
r_1864,20.537805041395075,2.9564872893735257
r_1865,,
r_1866,,
r_1867,,
r_1868,-11.409891689744711,3.5476423583351937
r_1869,17.11483753453416,3.547640756755007
r_1870,,
r_1871,7.831423663457201,5.1750647896919055
r_1872,-23.171636101375668,21.01997975569288
r_1873,,
r_1874,-11.967350120126923,1.2826911605812459
r_1875,,
r_1876,13.6918671831491,1.1622998257749486
r_1877,11.409850964876,1.24182121406625
r_1878,,
r_1879,,
r_1880,,
r_1881,,
r_1882,-25.673479395429297,37.94876614637004
r_1883,,
r_1884,13.66539631360314,2.0340227563510376
r_1885,9.112369391408777,2.034024020756257
r_1886,,
r_1887,12.218699263397895,4.348418382890152
r_1889,,
r_1890,0.0,1.375555587835085
r_1891,,
r_1892,0.0,1.868366717768003
r_1893,,
r_1895,10.258865972158986,2.102049371427614
r_1896,,
r_1897,,
r_1898,-22.239283057018383,2.224479644324483
r_1899,,
r_1900,,
r_1901,4.5762273418054065,0.9409471062072976
r_1902,,
r_1903,,
r_1904,,
r_1905,15.40152700173708,3.9874845091713027
r_1906,,
r_1907,0.0,1.3741708109807522
r_1908,15.973843831425427,1.0696722005895878
r_1909,,
r_1910,13.691150608791077,1.023515479837719
r_1911,,
r_1912,,
r_1913,,
r_1914,,
r_1915,,
r_1916,,
r_1919,25.656210779133175,3.4785230440638095
r_1920,557.6586304955347,14.97598674493434
r_1921,557.6586304919192,14.704090681696579
r_1922,557.6586230218489,14.945272481963023
r_1923,557.6586047093081,14.620352648723827
r_1924,557.6585954152936,14.132602343772719
r_1925,577.0554463682186,15.408178399830199
r_1926,577.055446364603,15.12102551460357
r_1927,577.0554388945327,15.38166364884314
r_1928,577.0554486164048,15.04303867199441
r_1929,577.0554112879776,14.555032451379029
r_1930,-2.2895188169326275,1.4563841353927862
r_1931,,
r_1932,0.0,4.6582101307232495
r_1935,-18.81402488959401,10.208693321006868
r_1936,-68.42209950977201,3.2293591847000647
r_1937,509.1664434901795,12.168780727000728
r_1938,509.16644348747445,11.806447304925744
r_1939,509.1664325316383,12.460187072178392
r_1940,509.1664904224124,12.043011159296869
r_1941,509.1664021400287,11.626900044396857
r_1942,528.5632593628627,12.690986586371707
r_1943,528.5632593601574,12.315789608956635
r_1944,528.5632484043213,12.974618355285376
r_1945,528.5632452599391,12.546829528774355
r_1946,528.5632180127118,12.130674918326534
r_1947,,
r_1952,,
r_1963,0.0001220703125,12.9083190023544
r_1964,0.0,12.869842975761195
r_1965,-8.161714478240725,80.57981653474536
r_1966,0.0,11.59595683974294
r_1967,,
r_1968,,
r_1970,0.0,12.057552833557038
r_1971,16.06539092225637,12.057553507906539
r_1972,16.112438316354883,12.057554182256077
r_1974,-24.63446652691482,13.153778099470214
r_1975,-26.008764449077944,13.133770704618343
r_1976,14.141006516870675,37.834950773602515
r_1977,0.0,2.897729019165259
r_1978,0.0,2.897729019165259
r_1979,0.0,2.897729019165259
r_1980,0.0,2.897729019165259
r_1981,39.942742618504326,4.064773568558006
r_1984,,
r_1987,,
r_1988,-2.2823465887795464,1.1116101271720695
r_1989,,
r_1990,34.21212504165112,9.256762577491578
r_1991,14.79733674663592,115.46783133778393
r_1992,,
r_1993,,
r_1994,,
r_1995,0.0,13.95733349412828
r_1996,35.87725456054534,12.507367265925577
r_1997,11.165212821577597,12.66583241653742
r_1998,12.799992954827303,2.819617506176959
r_1999,,
r_2000,,
r_2001,,
r_2002,-9.127913190557763,4.950178377685008
r_2003,13.691869592788407,4.950178293391311
r_2004,18.812344969928574,2.7544874754107425
r_2005,,
r_2008,-9.284592942694644,0.7522164899275203
r_2020,,
r_2022,65.04093163466632,91.5774115316062
r_2023,14.76275020468529,1.6216595078092777
r_2024,,
r_2025,-12.707434800548867,18.072631166363287
r_2026,-13.111068189830746,36.08152066606294
r_2027,-12.897965405167099,36.052075487658584
r_2028,,
r_2029,-12.67233199441364,19.546413159971856
r_2030,-10.854570836737821,9.968919491187217
r_2031,-1.6602946707351975,8.454906334631032
r_2032,1.994249033926053,1.0582710355251328
r_2033,,
r_2034,-8.109173494261654,0.8748618171190535
r_2036,5.145865752618647,9.283222200398829
r_2037,16.02490351905078,115.54265986415457
r_2038,,
r_2039,32.569525478683715,28.21224599227946
r_2040,21.73766747004123,28.21224599227946
r_2041,11.409817444352996,0.755727975684594
r_2042,34.219899700680685,4.91740802285677
r_2043,,
r_2044,,
r_2045,11.930133253416898,1.3741697994560467
r_2046,,
r_2049,,
r_2050,-33.19981563664942,71.46817446445027
r_2051,,
r_2052,,
r_2053,0.0,44.377946221960094
r_2054,0.0,39.50082485430817
r_2055,,
r_2056,,
r_2057,4.60700315347367,1.8938505568390689
r_2058,,
r_2060,,
r_2061,,
r_2062,,
r_2063,1.1444091796875e-05,14.698180682009177
r_2064,,
r_2065,,
r_2066,,
r_2067,,
r_2068,,
r_2069,-1.5569207135461056,56.669913363491524
r_2072,15.360504215407161,2.0730066103215554
r_2073,,
r_2074,-15.247488127691646,12.048305977045004
r_2075,15.964416658928316,11.923575419986202
r_2079,-26.242725014565394,1.9866085633014245
r_2080,-125.5087454925357,1.986608731888654
r_2082,20.522128581007564,2.3382322604346006
r_2083,,
r_2084,-12.550880856386812,3.924097503472383
r_2085,18.826321281697687,3.9240959861857387
r_2086,18.791354337353525,3.1901907214294574
r_2087,12.5302854096429,3.1901895413176677
r_2089,6.103515625e-05,8.26069076518028
r_2090,,
r_2091,,
r_2092,,
r_2093,18.81648647550952,1.9614796428407386
r_2094,0.0,0.875927668770874
r_2095,-9.698407595321214,0.875927668770874
r_2096,3.4229671117110456,0.875927668770874
r_2097,0.0,0.875927668770874
r_2098,2.2819781056931845,0.875927668770874
r_2099,-11.409891332410837,0.875927668770874
r_2100,,
r_2101,3.919658137262374,2.585344585903797
r_2102,,
r_2103,13.654442557215475,2.404848810547998
r_2104,,
r_2105,13.6918671831491,1.1622991514251768
r_2106,,
r_2107,50.20352343517516,40.29880428698166
r_2108,,
r_2111,,
r_2112,-68.18447559110056,11.825102262820925
r_2113,-39.85441201675465,18.25980429331554
r_2114,-128.98928207406334,9.8595832195884
r_2115,-18.75629669757086,12.16570671386854
r_2116,-46.26891795663278,12.1344349712462
r_2117,-6.739924101150166,3.2904238406558495
r_2118,-1.5553325444678308,4.1938031789236145
r_2119,6.73676240053436,3.750551002030685
r_2125,-36.392076466266644,13.33865349851758
r_2126,-12.658940943872494,1.8167730929009487
r_2129,-13.243691246527899,0.0
r_2131,14.285643911258376,13.078469750439345
r_2132,0.009902608670358859,1.6641836494477702
r_2134,,
r_2136,54.767480111107034,47.23927351382815
r_2137,,
r_2139,47.92154509721104,42.30980913207403
r_2140,-439.3940219944741,204.42201159352973
r_2141,-502.8634229462602,233.50654171883107
r_2142,11.656725857138454,47.47505797320188
r_2143,10.321710744880761,47.6168964135494
r_2144,10.321725955381908,47.61885181900372
r_2145,-9.460884944691678,36.18437368874227
r_2146,-11.067684283962507,36.22152411184909
r_2147,,
r_2148,,
r_2149,-0.0333562070879907,33.62347180342092
r_2150,,
r_2151,,
r_2152,-43.71340760861875,35.84281463519671
r_2153,-43.33282289182205,35.82855780703441
r_2154,6.881535311277958,19.4226418190859
r_2155,6.881352205809662,19.4819981691722
r_2156,6.881596346434208,19.56288025305709
r_2157,6.881535311278014,19.6650323710352
r_2158,6.881535311278014,19.78811710572555
r_2159,6.881497164304903,19.931739500132796
r_2160,6.8815353112786966,20.0954850142365
r_2161,-19.12664854338675,18.990157417411616
r_2162,-19.12652647307391,19.050583294117896
r_2163,-19.12677061369891,19.133016638185104
r_2164,-19.126740096120727,19.23716990339874
r_2165,-19.126709578543085,19.36268596339004
r_2166,-19.126694319753767,19.509174131281064
r_2167,-19.126724837331892,19.67618457855828
r_2168,0.6533049071585992,13.808116608627358
r_2169,0.6533049071587129,13.897819456500727
r_2170,0.6533354247368948,14.017270007868055
r_2171,,
r_2172,,
r_2173,0.6533468688286632,14.545824503798661
r_2174,0.6533354247368948,14.775401039856996
r_2175,-51.87759262682766,18.87385989223945
r_2176,-51.877592626828346,18.951063573856356
r_2177,-51.87756210925022,19.05026424826328
r_2178,,
r_2179,,
r_2180,-51.877596441525384,19.47601917949667
r_2181,-51.87759262682806,19.659136204419006
r_2182,-395.426655648286,18.93801339302679
r_2183,-395.42668616586406,19.016969854982865
r_2184,17.1289030966243,1.463417479198675
r_2185,21.686915914801773,1.8219577692015285
r_2186,26.250872590727454,2.3122806334919783
r_2187,,
r_2188,,
r_2189,,
r_2190,7.994267216542227,1.5288652129088531
r_2191,12.562013443734642,1.346402739160793
r_2192,37.661463292952476,5.791115564234754
r_2193,,
r_2194,-8.214938200183497,13.766369983305983
r_2195,-8.214999235339292,13.860697369989078
r_2196,-8.214999235339747,13.9847691244516
r_2197,-8.21569824774997,14.785009356772942
r_2198,-8.214999235339292,14.137821360820881
r_2199,-8.2155456598598,14.860235778060124
r_2200,-8.17303466796875,13.766374586266233
r_2201,-8.173095703125,13.860704624108758
r_2202,-8.17303466796875,13.984779113328425
r_2203,-8.173095703125,14.785012363941373
r_2204,-8.173095703125,14.137824924638297
r_2205,-8.172943115234375,14.860242926256758
r_2206,-8.266057999238853,14.785010727652237
r_2207,-8.264915470818266,14.137824153439146
r_2208,-8.265905411348228,14.860235373402588
r_2209,-8.172897338867188,14.318920711521427
r_2210,-8.172958374023438,14.526997840375227
r_2211,-8.172985076904297,14.7609190466501
r_2212,-8.172760009765625,15.019492003216492
r_2213,-8.214968717760712,14.526998713573581
r_2214,-8.215014494128354,14.760920410401738
r_2215,-8.214816129870542,15.019498531856865
r_2216,-8.173065185546875,14.527004031214515
r_2217,-8.173126220703125,14.760924292408774
r_2218,-8.172882080078125,15.01950012142419
r_2219,35.651575910653264,13.883214055891992
r_2220,40.215532586578774,13.967083109155574
r_2221,44.77955029766099,14.080633614139312
r_2222,42.49751092454204,15.007375018270864
r_2223,49.34344593842985,14.223157318887885
r_2224,47.06146760046704,15.072514005909074
r_2225,53.90737209677724,14.393801148900911
r_2226,58.47135929028087,14.59153933866861
r_2227,63.03532359560137,14.815316100501196
r_2228,67.59927264213229,15.063986439933565
r_2229,7.991568546650996,1.5288655500835855
r_2230,12.557930870176122,1.346402949894953
r_2231,37.65822427366675,5.791116575759148
r_2232,-27.360825218136434,13.593070836160633
r_2233,-18.226548820739225,13.562325005347592
r_2234,-27.358227096275186,14.688215600748228
r_2235,-27.358379684165584,14.763933441674595
r_2236,,
r_2237,-83.98650898256778,14.178401423062782
r_2238,-84.36724628725551,14.16491488883271
r_2239,,
r_2240,,
r_2241,-84.36706318178648,15.079941346644953
r_2242,-93.49497653363812,15.504693943549457
r_2243,,
r_2244,,
r_2245,-72.07211078920835,16.351268050463844
r_2246,-83.70098652163068,15.447632046541163
r_2247,,
r_2248,-0.6533046748891138,13.720093201170764
r_2249,-0.6533046748890001,13.748720497068552
r_2250,-0.6533046748891138,13.808119291136144
r_2251,-0.6533046748892275,13.897821821108943
r_2252,-0.6533351924672957,14.017267979727725
r_2253,-0.6533428218618269,14.775385221000773
r_2254,,
r_2255,-1.0336757686391138,13.752103405302236
r_2256,-9.781095956427635,13.722334252683941
r_2257,,
r_2258,,
r_2259,-0.6533580806508894,14.545816745528038
r_2260,,
r_2261,,
r_2262,,
r_2263,-22.07620093689667,15.962446804592094
r_2264,-1.3194423702012728,15.04992019274116
r_2265,,
r_2266,19.126432992301716,18.359679830319227
r_2267,19.12643299230149,18.37600544918391
r_2268,19.12618885167649,18.47771302202731
r_2269,19.12643299230149,18.562685449280607
r_2270,19.126396752677465,19.122062492870462
r_2271,17.900160363874875,18.396805798911675
r_2272,19.506804807412664,18.39380479500625
r_2273,19.12631092243555,18.366463693582308
r_2274,19.126432992301034,18.67002063966186
r_2275,19.126371957145295,18.799322400196342
r_2276,19.126371957145295,18.950163370951987
r_2277,,
r_2278,,
r_2279,,
r_2280,,
r_2281,19.792829641015373,19.296526023332486
r_2282,24.917814994093874,19.094963305544546
r_2283,-26.936694203626757,23.379518361140523
r_2284,-17.369282717188526,19.274157920795695
r_2285,-26.497195348124933,19.24725021076018
r_2286,-26.497286900412462,19.53876665791544
r_2287,-26.497256382834337,19.66263615669801
r_2288,-26.49721823586168,19.80717309015774
r_2289,,
r_2290,,
r_2291,,
r_2292,,
r_2293,-26.497576371392597,20.075864432936584
r_2294,-23.461856158064393,19.857144494744983
r_2295,,
r_2296,,
r_2297,,
r_2298,-8.413895730180002,14.027373194484438
r_2299,,
r_2300,-8.413712624711252,14.068520932546386
r_2301,10.06829833984375,16.11426982920178
r_2302,-11.370361328125,15.140633387423968
r_2303,,
r_2304,-42.73383994359369,19.398090204977212
r_2305,-0.5305101197036493,1.7981121773963682
r_2308,-12.4917524174366,14.168655036381148
r_2309,-12.491775305620138,14.917722462395227
r_2310,-12.4917714909231,14.33372561124034
r_2311,-12.49177149092327,15.005640733348685
r_2312,-20.01460569757228,14.291343098633773
r_2313,,
r_2314,-20.014659103334225,14.436666090071228
r_2315,-20.014643844544935,15.256427973513633
r_2316,-12.298015325267443,14.168665656857657
r_2317,-12.297961919505724,14.917725201772328
r_2318,-12.297969548900255,14.333728948862072
r_2319,-12.297969548900255,15.005648236639425
r_2320,-17.53948211669922,14.29135137920287
r_2321,,
r_2322,-17.539474487304688,14.436668105675507
r_2323,-17.539459228515625,15.256434882745667
r_2324,-13.554228774513149,14.042724159700478
r_2325,,
r_2326,-13.554194442237474,14.214207603949617
r_2327,-13.554209701026934,14.873331100661897
r_2328,-13.664115905761719,14.042717199101974
r_2329,,
r_2330,-13.664077758789062,14.214200512388677
r_2331,-13.664093017578125,14.873325902657609
r_2332,-7.275344227849473,16.036539904968272
r_2333,-7.275557850896121,16.18438181426312
r_2334,-7.275382374822129,17.3501121888751
r_2335,-7.275351857244004,17.4571770066345
r_2336,-7.275569294987918,16.237068811455632
r_2337,-7.275416707097065,16.396042308657254
r_2338,-7.27535567194127,17.47639468091281
r_2339,-7.27569136530019,17.594752607657
r_2340,-7.0104217529296875,16.184388189096037
r_2341,-7.010231018066406,17.45718252891478
r_2342,-7.010284423828125,16.396049648656994
r_2343,-7.01055908203125,17.59475380362525
r_2344,-9.285059489357991,9.375663917932897
r_2345,-9.284937419045491,9.772295820239735
r_2346,-9.285059489357991,12.592323362671832
r_2347,-9.285181559670491,12.809651771172968
r_2348,-9.284937419045491,9.772276904259979
r_2349,-9.285181559670946,10.195149483965718
r_2350,-9.285181559670491,12.809660487981995
r_2351,-9.284693278420946,13.055902969334694
r_2352,-22.440137743783197,9.375665647404452
r_2353,-22.439893603157742,9.772299214458625
r_2354,-22.440015673470697,12.59232339518262
r_2355,-22.440137743783197,12.809649793758908
r_2356,-22.439832568001492,9.772274427503065
r_2357,-22.440137743782742,10.195152216308607
r_2358,-22.440137743783197,12.809658163766233
r_2359,-22.439649462533197,13.055900301925224
r_2360,-20.483417151285437,9.3756694766886
r_2361,-20.48317301066021,9.77229600942676
r_2362,-20.483295080972937,12.592320688365307
r_2363,-20.48341715128521,12.80965481591332
r_2364,-20.48305094034771,9.77227441059501
r_2365,-20.48341715128521,10.195148830833714
r_2366,-20.48341715128521,12.809654780287218
r_2367,-20.48292887003521,13.055897287635743
r_2368,-11.928631836938166,17.774127479185456
r_2369,-11.928387696313166,18.058678939741714
r_2370,,
r_2371,,
r_2372,,
r_2373,-11.928387696313166,18.361959566276134
r_2374,,
r_2375,-11.928143555688166,19.929624532173957
r_2376,-11.928448731469416,18.932974701215453
r_2377,,
r_2378,-11.927960450219416,21.226188247751665
r_2379,,
r_2380,-11.928937012719416,19.173338368756944
r_2381,,
r_2382,,
r_2383,,
r_2384,-11.928509766625666,18.00895769055896
r_2385,-11.928509766625666,18.30146542656335
r_2386,,
r_2387,,
r_2388,-11.928509766625666,18.3014610501486
r_2389,,
r_2390,,
r_2391,,
r_2392,,
r_2393,,
r_2394,-11.928540284203791,21.35047742488854
r_2395,-11.928540284203791,21.525654986465298
r_2396,,
r_2397,,
r_2398,-11.929028565453791,21.52564367823884
r_2399,-11.928540284203791,21.718959322068123
r_2400,-11.7359619140625,17.77413578911489
r_2401,-11.7357177734375,18.058685972505156
r_2402,,
r_2403,,
r_2404,,
r_2405,-11.7357177734375,18.361968340987794
r_2406,,
r_2407,-11.7354736328125,19.929636117276797
r_2408,-11.7357177734375,18.93297756726727
r_2409,,
r_2410,-11.7352294921875,21.226191561289177
r_2411,,
r_2412,-11.7362060546875,19.17333858345412
r_2413,,
r_2414,,
r_2415,,
r_2416,-11.73577880859375,18.008956609207853
r_2417,-11.73577880859375,18.301476449532675
r_2418,,
r_2419,,
r_2420,-11.73577880859375,18.301452923898427
r_2421,,
r_2422,,
r_2423,,
r_2424,,
r_2425,,
r_2426,-11.735809326171875,21.350486960334873
r_2427,-11.735809326171875,21.525665902453195
r_2428,,
r_2429,,
r_2430,-11.736297607421875,21.525652013597885
r_2431,-11.735809326171875,21.71896164747725
r_2432,,
r_2433,-2.5439255668600254,15.574792634988961
r_2434,,
r_2435,,
r_2436,-2.543711943812923,13.584224728604902
r_2437,,
r_2438,,
r_2439,-2.5436814262350254,15.958101221686986
r_2440,,
r_2441,11.615623523481645,15.574792625615997
r_2442,,
r_2443,,
r_2444,11.615867664106645,13.584222074241334
r_2445,,
r_2446,,
r_2447,-7.817941462131785,15.707463417794374
r_2448,,
r_2449,,
r_2450,-7.817910944554114,13.746532963323856
r_2451,,
r_2452,,
r_2453,-10.19318560275724,28.11659041407087
r_2454,,
r_2455,,
r_2456,,
r_2457,,
r_2458,5.602577578186811,14.212356213840147
r_2459,,
r_2460,,
r_2461,5.602547060608686,16.540726128974125
r_2462,-12.275410595632366,16.95194171671576
r_2463,,
r_2464,,
r_2465,-14.998779477487233,13.495469157527587
r_2466,,
r_2467,-12.846069516550187,35.25091054702873
r_2468,,
r_2469,,
r_2470,,
r_2471,,
r_2472,,
r_2473,-21.58258900545252,13.49546903087722
r_2474,,
r_2475,-19.429940079671496,35.25091561339522
r_2476,,
r_2477,,
r_2478,,
r_2479,,
r_2480,,
r_2481,-22.438764526951445,13.49546676003635
r_2482,,
r_2483,-20.28611560117065,35.250911575751566
r_2484,,
r_2485,,
r_2486,,
r_2487,,
r_2488,,
r_2489,,
r_2490,,
r_2491,,
r_2492,,
r_2493,,
r_2494,,
r_2495,,
r_2496,,
r_2497,,
r_2498,,
r_2499,,
r_2500,,
r_2501,,
r_2502,,
r_2503,-19.888639205724303,39.786145558031855
r_2504,,
r_2505,,
r_2506,,
r_2507,,
r_2508,,
r_2509,,
r_2510,,
r_2511,26.066378247447574,44.33204710546316
r_2512,-16.72369315627452,12.876743036975292
r_2513,-16.72369315627452,15.377712606507954
r_2514,-16.72381522658725,13.168326895691639
r_2515,-16.72357108596202,15.556183309399191
r_2516,-16.72381522658725,13.168340933334685
r_2517,-16.72357108596202,15.556176131587659
r_2518,-16.72357108596202,13.485121814009291
r_2519,-16.72405936721202,15.75956978102338
r_2520,,
r_2521,-7.584644252507587,15.908655321015898
r_2522,,
r_2523,-7.807483607976337,28.006434361605216
r_2524,,
r_2525,,
r_2526,,
r_2527,,
r_2528,,
r_2529,-10.952385029082507,40.56128091502461
r_2530,-10.952385029082961,40.13607187131625
r_2531,-10.952385029082507,40.65645307148557
r_2532,,
r_2533,-10.952262958770007,40.65645895781508
r_2534,-10.952385029082961,40.26857055653869
r_2535,-10.952385029082961,40.761824815500276
r_2536,,
r_2537,,
r_2538,,
r_2539,,
r_2540,,
r_2541,,
r_2542,,
r_2543,,
r_2544,,
r_2545,,
r_2546,,
r_2547,,
r_2548,,
r_2549,,
r_2550,,
r_2551,,
r_2552,,
r_2553,,
r_2554,,
r_2555,,
r_2556,,
r_2557,,
r_2558,,
r_2559,,
r_2560,,
r_2561,,
r_2562,,
r_2563,,
r_2564,,
r_2565,,
r_2566,,
r_2567,,
r_2568,,
r_2569,,
r_2570,,
r_2571,,
r_2572,,
r_2573,,
r_2574,,
r_2575,,
r_2576,,
r_2577,,
r_2578,,
r_2579,,
r_2580,,
r_2581,,
r_2582,,
r_2583,,
r_2584,,
r_2585,,
r_2586,,
r_2587,,
r_2588,,
r_2589,,
r_2590,,
r_2591,,
r_2592,,
r_2593,,
r_2594,,
r_2595,,
r_2596,,
r_2597,,
r_2598,,
r_2599,,
r_2600,,
r_2601,,
r_2602,,
r_2603,,
r_2604,,
r_2605,,
r_2606,,
r_2607,,
r_2608,,
r_2609,,
r_2610,,
r_2611,,
r_2612,,
r_2613,,
r_2614,,
r_2615,,
r_2616,,
r_2617,,
r_2618,,
r_2619,,
r_2620,,
r_2621,,
r_2622,,
r_2623,,
r_2624,,
r_2625,,
r_2626,,
r_2627,,
r_2628,,
r_2629,,
r_2630,,
r_2631,,
r_2632,,
r_2633,,
r_2634,,
r_2635,,
r_2636,,
r_2637,,
r_2638,,
r_2639,,
r_2640,,
r_2641,,
r_2642,,
r_2643,,
r_2644,,
r_2645,,
r_2646,,
r_2647,,
r_2648,,
r_2649,,
r_2650,,
r_2651,,
r_2652,,
r_2653,,
r_2654,,
r_2655,,
r_2656,,
r_2657,,
r_2658,,
r_2659,,
r_2660,,
r_2661,,
r_2662,,
r_2663,,
r_2664,,
r_2665,,
r_2666,,
r_2667,,
r_2668,,
r_2669,,
r_2670,,
r_2671,,
r_2672,,
r_2673,,
r_2674,,
r_2675,,
r_2676,,
r_2677,,
r_2678,,
r_2679,,
r_2680,,
r_2681,,
r_2682,,
r_2683,,
r_2684,,
r_2685,,
r_2686,,
r_2687,,
r_2688,,
r_2689,,
r_2690,,
r_2691,,
r_2692,,
r_2693,,
r_2694,,
r_2695,,
r_2696,,
r_2697,,
r_2698,,
r_2699,,
r_2700,,
r_2701,,
r_2702,,
r_2703,,
r_2704,,
r_2705,,
r_2706,,
r_2707,,
r_2708,,
r_2709,,
r_2710,,
r_2711,,
r_2712,,
r_2713,,
r_2714,,
r_2715,,
r_2716,,
r_2717,,
r_2718,,
r_2719,,
r_2720,,
r_2721,,
r_2722,,
r_2723,,
r_2724,,
r_2725,,
r_2726,,
r_2727,,
r_2728,,
r_2729,,
r_2730,,
r_2731,,
r_2732,,
r_2733,,
r_2734,,
r_2735,,
r_2736,,
r_2737,,
r_2738,,
r_2739,,
r_2740,,
r_2741,,
r_2742,,
r_2743,,
r_2744,,
r_2745,,
r_2746,,
r_2747,,
r_2748,,
r_2749,,
r_2750,,
r_2751,,
r_2752,,
r_2753,,
r_2754,,
r_2755,,
r_2756,,
r_2757,,
r_2758,,
r_2759,,
r_2760,,
r_2761,,
r_2762,,
r_2763,,
r_2764,,
r_2765,,
r_2766,,
r_2767,,
r_2768,,
r_2769,,
r_2770,,
r_2771,,
r_2772,,
r_2773,,
r_2774,,
r_2775,,
r_2776,,
r_2777,,
r_2778,,
r_2779,,
r_2780,,
r_2781,,
r_2782,,
r_2783,,
r_2784,,
r_2785,,
r_2786,,
r_2787,,
r_2788,,
r_2789,,
r_2790,,
r_2791,,
r_2792,,
r_2793,,
r_2794,,
r_2795,,
r_2796,,
r_2797,,
r_2798,,
r_2799,,
r_2800,,
r_2801,,
r_2802,,
r_2803,,
r_2804,,
r_2805,,
r_2806,,
r_2807,,
r_2808,,
r_2809,,
r_2810,,
r_2811,,
r_2812,,
r_2813,,
r_2814,-7.657303901264186,40.69650160303563
r_2815,-7.657364936420436,40.76936845408669
r_2816,-7.657425971576458,40.94305175400876
r_2817,-7.657487006732936,41.03328326690742
r_2818,-0.5881026317331361,40.731543725234175
r_2819,-0.5879195262641588,40.80955009952125
r_2820,,
r_2821,,
r_2822,,
r_2823,,
r_2824,,
r_2825,,
r_2826,-2.568115234375,11.848197555186601
r_2827,,
r_2828,,
r_2829,,
r_2830,,
r_2831,,
r_2832,,
r_2833,,
r_2834,5.218875747519633,11.848180784366312
r_2835,,
r_2836,,
r_2837,,
r_2838,,
r_2839,,
r_2840,,
r_2841,,
r_2842,3.895061000378007,11.84818591085659
r_2843,,
r_2844,,
r_2845,,
r_2846,,
r_2847,,
r_2848,,
r_2849,,
r_2850,-4.721987870240355,11.848182338980948
r_2851,,
r_2852,,
r_2853,,
r_2854,,
r_2855,,
r_2856,,
r_2857,,
r_2858,5.225539544987782,11.848186246055938
r_2859,8.88679442780051,14.192686375870968
r_2860,,
r_2861,,
r_2862,,
r_2863,,
r_2864,,
r_2865,,
r_2866,-4.758789471599016,12.644124870840642
r_2867,,
r_2868,,
r_2869,,
r_2870,,
r_2871,,
r_2872,,
r_2873,,
r_2874,-2.568084716796875,12.64412804432216
r_2875,,
r_2876,,
r_2877,,
r_2878,,
r_2879,,
r_2880,,
r_2881,,
r_2882,,
r_2883,,
r_2884,,
r_2885,-5.171567631085168,43.47518168772345
r_2886,,
r_2887,-696.1624099299434,37.03806814863331
r_2888,,
r_2889,,
r_2890,,
r_2891,,
r_2892,,
r_2893,-5.171079349835168,44.52173580704924
r_2894,,
r_2895,-696.1619216486934,38.26110333844192
r_2896,,
r_2897,,
r_2898,,
r_2899,,
r_2900,,
r_2901,-5.172055912335168,43.58039462816447
r_2902,,
r_2903,-696.1628982111934,37.16151053642448
r_2904,,
r_2905,,
r_2906,,
r_2907,,
r_2908,,
r_2909,,
r_2910,,
r_2911,,
r_2912,,
r_2913,,
r_2914,,
r_2915,,
r_2916,,
r_2917,,
r_2918,,
r_2919,,
r_2920,,
r_2921,,
r_2922,,
r_2923,,
r_2924,,
r_2925,,
r_2926,,
r_2927,,
r_2928,,
r_2929,,
r_2930,,
r_2931,,
r_2932,,
r_2933,,
r_2934,,
r_2935,,
r_2936,,
r_2937,,
r_2938,,
r_2939,,
r_2940,,
r_2941,,
r_2942,,
r_2943,,
r_2944,,
r_2945,,
r_2946,,
r_2947,,
r_2948,,
r_2949,-4.725461438428283,40.186802926803956
r_2950,-4.725461438427601,40.43645396352095
r_2951,-4.317075207959306,40.22228296160929
r_2952,,
r_2953,,
r_2954,,
r_2955,,
r_2956,,
r_2957,-4.724973157177374,41.31673590652952
r_2958,-4.7249731571785105,41.55959992151122
r_2959,-4.316586926708396,41.35124645202236
r_2960,,
r_2961,-4.725583508739874,41.42874921724737
r_2962,-4.7254614384285105,41.688491969666174
r_2963,-4.317319348583396,41.468287905274444
r_2964,,
r_2965,-4.725949719678283,40.3006017652809
r_2966,-4.7259497196785105,40.54955218383961
r_2967,-4.317563489209306,40.33598170132652
r_2968,,
r_2969,,
r_2970,,
r_2971,,
r_2972,,
r_2973,,
r_2974,,
r_2975,,
r_2976,,
r_2977,-4.726071789989874,41.51929324058158
r_2978,-4.7259497196785105,41.77847307162805
r_2979,-4.317807629833396,41.55874578577365
r_2980,,
r_2981,,
r_2982,,
r_2983,,
r_2984,,
r_2985,,
r_2986,,
r_2987,,
r_2988,,
r_2989,,
r_2990,,
r_2991,,
r_2992,,
r_2993,-4.725583508739874,41.51929910332348
r_2994,-4.7254614384285105,41.77847889799944
r_2995,-4.317319348583396,41.558751642949936
r_2996,,
r_2997,,
r_2998,,
r_2999,,
r_3000,,
r_3001,,
r_3002,,
r_3003,,
r_3004,,
r_3005,,
r_3006,,
r_3007,,
r_3008,,
r_3009,-4.725583508740328,41.619845860701474
r_3010,-4.725461438428056,41.87840338966967
r_3011,-4.317319348583851,41.65920317958213
r_3022,,
r_3023,-19.88380064825992,38.37010862101257
r_3024,-19.88380064825992,38.63150159202296
r_3025,-19.475414417790716,38.40726692638111
r_3026,,
r_3027,-19.883983753728216,38.45090529860074
r_3028,-19.883861683415944,38.7306237915336
r_3029,-19.47571959357174,38.49350280724162
r_3030,-16.4704090479147,37.55492500895342
r_3031,-16.06123225230067,37.53632039876768
r_3032,-16.06187022955487,37.7472238022802
r_3033,-16.46967951792567,37.524963660336
r_3034,,
r_3035,-19.892623901367188,38.370108952402745
r_3036,-19.892868041992188,38.63151124716183
r_3037,-19.484237670898438,38.40727314661007
r_3038,,
r_3039,-19.892684936523438,38.45090690213681
r_3040,-19.892684936523438,38.73062452471143
r_3041,-19.484542846679688,38.49350342803428
r_3042,-16.478530883789062,37.55492902386267
r_3043,-16.070053100585938,37.53631928076469
r_3044,-16.069992065429688,37.747229191750016
r_3045,-16.478500366210938,37.5249698555762
r_3046,,
r_3047,-20.338668823242188,41.801652374246466
r_3048,,
r_3049,-691.9327850341797,35.05858254048975
r_3050,,
r_3051,,
r_3052,,
r_3053,,
r_3054,568.0388488769531,42.0302994545302
r_3055,-16.440780639648438,40.80330214553546
r_3056,656.4972381591797,24.31484007684599
r_3057,655.3761138916016,24.887449908924943
r_3058,-24.64331817626953,42.23680070083209
r_3059,-19.892738342285156,11.320940610514938
r_3060,-22.2679443359375,24.533069719557588
r_3061,-19.892555236816406,34.101226113141415
r_3062,-24.64374542236328,42.296762453002444
r_3063,-19.892799377441406,11.497601358310988
r_3064,-19.89276123046875,33.71888985636739
r_3065,-19.892982482910156,34.2022779634088
r_3066,-14.511558532714844,46.98241500827477
r_3067,-19.26232147216797,22.930596973713683
r_3068,-16.886932373046875,31.99594178610827
r_3069,-16.88707733154297,32.09041549320916
r_3070,-19.892654418945312,9.97956370734173
r_3071,,
r_3072,-19.892799377441406,10.296561194303424
r_3073,-19.892757415771484,12.279837092712523
r_3074,-19.892959594726562,10.227596856961782
r_3075,-14.820320129394531,12.334776982538644
r_3076,-19.892738342285156,10.557272919529959
r_3077,-19.892818450927734,12.457692550006081
r_3078,-16.886917114257812,6.657157439810244
r_3079,-21.959495544433594,8.086914723762483
r_3080,-16.88689422607422,7.019310024877312
r_3081,-16.88705825805664,8.157636523753487
r_3082,,
r_3083,,
r_3084,,
r_3085,,
r_3086,,
r_3087,,
r_3088,-19.45690908120605,13.03853432207141
r_3089,,
r_3090,,
r_3091,,
r_3092,,
r_3093,,
r_3094,,
r_3095,,
r_3096,-19.45690908120605,13.038533032092815
r_3097,,
r_3098,,
r_3099,,
r_3100,-51.93072859768154,10.264983360739093
r_3101,-51.93097273830699,13.156762193048964
r_3102,1061.7747342427472,63.20422572235354
r_3103,-51.93097273830699,13.15675783688006
r_3104,,
r_3105,-22.399581909179688,38.855342790462736
r_3106,-22.399948120117188,38.40531563190793
r_3107,-22.399459838867188,38.954334372066675
r_3108,,
r_3109,-22.399459838867188,38.9543482832208
r_3110,-22.399459838867188,38.543398678058985
r_3111,-22.399948120117188,39.063949786172955
r_3112,,
r_3113,,
r_3114,,
r_3115,,
r_3116,,
r_3117,,
r_3118,-23.916000366210938,11.758216419402553
r_3119,-27.577255249023438,14.117654552108984
r_3120,,
r_3121,,
r_3122,,
r_3123,,
r_3124,,
r_3125,,
r_3126,-21.28621027230406,11.758212613284522
r_3127,-24.94746515511656,14.117662711577326
r_3128,,
r_3129,,
r_3130,,
r_3131,,
r_3132,,
r_3133,,
r_3134,-21.28621027230406,11.758208164163493
r_3135,-24.94740411996031,14.117657289065793
r_3136,,
r_3137,,
r_3138,,
r_3139,,
r_3140,,
r_3141,,
r_3142,-32.78654775259429,11.758215354241143
r_3143,-36.44774160025054,14.117662033781597
r_3144,,
r_3145,,
r_3146,,
r_3147,,
r_3148,,
r_3149,,
r_3150,-23.916000366210938,11.758222610818299
r_3151,,
r_3152,,
r_3153,,
r_3154,,
r_3155,,
r_3156,,
r_3157,,
r_3158,-21.287045724757263,11.758218804704361
r_3159,,
r_3160,,
r_3161,,
r_3162,,
r_3163,,
r_3164,,
r_3165,,
r_3166,-21.287045724757263,11.758209540035757
r_3167,,
r_3168,,
r_3169,,
r_3170,,
r_3171,,
r_3172,,
r_3173,,
r_3174,-32.7814611981903,11.75821122662869
r_3175,,
r_3176,,
r_3177,,
r_3178,,
r_3179,,
r_3180,,
r_3181,,
r_3182,,
r_3183,,
r_3184,,
r_3185,,
r_3186,,
r_3187,,
r_3188,,
r_3189,,
r_3190,,
r_3191,,
r_3192,,
r_3193,,
r_3194,,
r_3195,,
r_3196,,
r_3197,,
r_3198,-23.916030883789062,12.559856195834532
r_3199,,
r_3200,,
r_3201,,
r_3202,,
r_3203,,
r_3204,,
r_3205,,
r_3206,-21.250244123398716,12.559860972080415
r_3207,,
r_3208,,
r_3209,,
r_3210,,
r_3211,,
r_3212,,
r_3213,,
r_3214,-21.250244123398716,12.559856793358598
r_3215,,
r_3216,,
r_3217,,
r_3218,,
r_3219,,
r_3220,,
r_3221,,
r_3222,,
r_3223,,
r_3224,,
r_3225,,
r_3226,,
r_3227,,
r_3228,-29.89930461693595,9.860248432302843
r_3229,,
r_3230,,
r_3231,,
r_3232,,
r_3233,,
r_3234,,
r_3235,,
r_3236,-28.67582734444403,9.860248079169276
r_3237,,
r_3238,,
r_3239,,
r_3240,,
r_3241,,
r_3242,,
r_3243,,
r_3244,,
r_3245,,
r_3246,,
r_3247,,
r_3248,,
r_3249,,
r_3250,,
r_3251,,
r_3252,-22.423751831054688,43.50129634698413
r_3253,-22.424301147460938,43.6384167688808
r_3254,-23.632003784179688,44.04979701586525
r_3255,-23.631820678710938,44.1893478816812
r_3256,-23.631759643554688,43.42342985928559
r_3257,-23.632064819335938,43.5585138967073
r_3258,-22.548995971679688,53.619199817478034
r_3259,-22.549301147460938,53.72476240016121
r_3260,-23.632003784179688,41.726217434891716
r_3261,-23.631820678710938,41.85352311843578
r_3262,-23.632003784179688,41.726212622706875
r_3263,-23.631942749023438,41.8535158088028
r_3264,-15.166976928710938,11.658218175348074
r_3265,-15.167160034179688,13.210503772305929
r_3266,-15.167098999023438,12.024431043372152
r_3267,,
r_3268,,
r_3269,-15.167648315429688,16.32822643620572
r_3270,,
r_3271,-15.167221069335938,16.49768644008856
r_3272,,
r_3273,-15.166671752929688,13.552737095923982
r_3274,-15.167098999023438,12.458234340794483
r_3275,,
r_3276,,
r_3277,,
r_3278,,
r_3279,-15.166732788085938,16.72375732431451
r_3280,-15.167221069335938,12.087608821751129
r_3281,,
r_3282,-15.167098999023438,12.458268900504589
r_3283,,
r_3284,,
r_3285,,
r_3286,,
r_3287,-15.167221069335938,16.723775201074922
r_3288,-15.167221069335938,12.53618878804716
r_3289,,
r_3290,,
r_3291,,
r_3292,-15.167465209960938,14.737182354208185
r_3293,,
r_3294,,
r_3295,-15.167221069335938,16.97184902939689
r_3296,,
r_3297,,
r_3298,,
r_3299,,
r_3300,,
r_3301,,
r_3302,,
r_3303,,
r_3304,,
r_3305,,
r_3306,,
r_3307,,
r_3308,,
r_3309,,
r_3310,,
r_3311,,
r_3312,,
r_3313,,
r_3314,,
r_3315,,
r_3316,,
r_3317,-19.892623901367188,38.370105844792576
r_3318,-19.892623901367188,38.631498116841186
r_3319,-19.484237670898438,38.407267358292096
r_3320,,
r_3321,-19.892684936523438,38.45090282965131
r_3322,-19.892684936523438,38.730611129964764
r_3323,-19.484542846679688,38.493505589716555
r_3324,,
r_3325,-20.338668823242188,41.80165203482279
r_3326,,
r_3327,-691.9327850341797,35.058590617286875
r_3328,,
r_3329,,
r_3330,,
r_3331,,
r_3332,,
r_3333,,
r_3334,,
r_3335,,
r_3336,-0.2105728533683191,9.967370280618903
r_3337,,
r_3338,,
r_3339,,
r_3340,,
r_3341,,
r_3342,,
r_3343,,
r_3344,0.3068526462319028,9.967370900396936
r_3345,,
r_3346,,
r_3347,,
r_3348,-0.778835095157774,16.94828169728223
r_3349,,
r_3350,-0.7790792357823193,17.170209725239694
r_3351,-0.779079235782774,19.102432546697614
r_3352,-0.7790792357823193,17.17022141840224
r_3353,-0.779079235782774,19.102424328407956
r_3354,-0.7789571654698193,17.413730281330263
r_3355,-0.7788350951573193,19.26784845994995
r_3356,-0.7792013060961835,17.329199378723306
r_3357,,
r_3358,-0.7794454467207288,17.546310171253335
r_3359,-0.7794454467207288,19.44118895073665
r_3360,-0.7794454467207288,17.546321613776243
r_3361,-0.7794454467207288,19.44118087564808
r_3362,-0.779323376407774,17.784681636960247
r_3363,-0.779201306095274,19.60374665447164
r_3364,-0.7790812230371102,17.040340235965505
r_3365,,
r_3366,-0.7793253636614281,17.261084695804865
r_3367,-0.7793253636618829,19.184156798466944
r_3368,-0.7793253636614281,17.261096327406094
r_3369,-0.7793253636618829,19.184148615187105
r_3370,-0.7792032933489281,17.503340971881673
r_3371,-0.7790812230364281,19.348874053614303
r_3372,-0.7790812230380197,17.422188117157255
r_3373,,
r_3374,-0.7793253636623376,17.63815433394037
r_3375,-0.7793253636627924,19.524121375885677
r_3376,-0.7793253636623376,17.638165716880614
r_3377,-0.7793253636627924,19.5241133350976
r_3378,-0.7792032933498376,17.87530107746726
r_3379,-0.7790812230373376,19.685994274477967
r_3380,-0.7788350943353635,16.699276714544016
r_3381,,
r_3382,-0.7790792349596813,16.92447022234953
r_3383,-0.7790792349601361,18.881856886959305
r_3384,-0.7790792349596813,16.92448208529405
r_3385,-0.7790792349601361,18.8818485726645
r_3386,-0.7789571646471813,17.171476133675835
r_3387,-0.7788350943346813,19.04918829173768
r_3388,-0.779018199805023,17.065364190595112
r_3389,,
r_3390,-0.7792623404293408,17.285789090346146
r_3391,-0.7792623404297956,19.206387782931657
r_3392,-0.7792623404293408,17.28580070532381
r_3393,-0.7792623404297956,19.206379609123793
r_3394,-0.7791402701168408,17.527703922023917
r_3395,-0.7790181998043408,19.370916001645604
r_3396,-0.7790202392600349,16.746907560494183
r_3397,,
r_3398,-0.7792643798843528,16.971469068941
r_3399,-0.7792643798848076,18.92399507372684
r_3400,-0.7792643798843528,16.971480899033658
r_3401,-0.7792643798848076,18.92398677794554
r_3402,-0.7791423095718528,17.21780074981192
r_3403,-0.7790202392593528,19.090957142712906
r_3404,-0.7790865565800686,17.11498327580356
r_3405,,
r_3406,-0.7793306972043865,17.334777242564137
r_3407,-0.7793306972048413,19.250489065001336
r_3408,-0.7793306972043865,17.334788824717844
r_3409,-0.7793306972048413,19.250480909919002
r_3410,-0.7792086268918865,17.57601781836609
r_3411,-0.7790865565793865,19.414643553673585
r_3412,-0.7789759994075212,16.386646455265545
r_3413,,
r_3414,-0.7792201400325212,16.61607750247184
r_3415,-0.7792201400325212,18.605936116212142
r_3416,-0.7792201400325212,16.61608958559125
r_3417,-0.7792201400325212,18.60592767861864
r_3418,-0.7790980697195664,16.867600062556427
r_3419,-0.7789759994070664,18.775726719225293
r_3420,-0.7790828109316408,16.750088163297487
r_3421,,
r_3422,-0.7793269515568682,16.974607594772923
r_3423,-0.7793269515564134,18.92680982598333
r_3424,-0.7793269515568682,16.974619422678252
r_3425,-0.7793269515564134,18.92680153143576
r_3426,-0.7792048812434587,17.220894381498464
r_3427,-0.7790828109309587,19.093747281856498
r_3428,-1.3870892387506046,15.157827278419024
r_3429,,
r_3430,-1.387333379375832,15.40556968504144
r_3431,-1.3873333793753773,17.53335120600407
r_3432,-1.387333379375832,15.405582717603089
r_3433,-1.3873333793753773,17.53334225224912
r_3434,-1.3872113090624225,15.676526325142015
r_3435,-1.3870892387499225,17.713425969798944
r_3436,-1.3875775200006046,15.5770123015115
r_3437,,
r_3438,-1.387821660625832,15.818190849769278
r_3439,-1.3878216606253773,17.89698267731578
r_3440,-1.387821660625832,15.818203542373823
r_3441,-1.3878216606253773,17.896973905483602
r_3442,-1.3876995903124225,16.082197053323508
r_3443,-1.3875775199999225,18.073434760072708
r_3444,-1.3873208905042702,15.472722561817926
r_3445,,
r_3446,-1.387565031129725,15.715501678065305
r_3447,-1.3875650311292702,17.80628597393881
r_3448,-1.387565031129725,15.715514453606557
r_3449,-1.3875650311292702,17.806277157427093
r_3450,-1.3874429608163155,15.981204375624392
r_3451,-1.3873208905038155,17.983627978251587
r_3452,-1.3878091717542702,15.886832795156229
r_3453,,
r_3454,-1.388053312379725,16.123377616973915
r_3455,-1.3880533123792702,18.16728193682126
r_3456,-1.388053312379725,16.12339006933029
r_3457,-1.3880533123792702,18.167273295499573
r_3458,-1.3879312420663155,16.382466422420595
r_3459,-1.3878091717538155,18.34113377210949
r_3460,-1.3865329795733032,14.848457883737916
r_3461,,
r_3462,-1.3867771201985306,15.101276470663752
r_3463,-1.3867771201980759,17.266597181721686
r_3464,-1.3867771201985306,15.101289765833442
r_3465,-1.3867771201980759,17.266588089638876
r_3466,-1.3866550498851211,15.37759575959862
r_3467,-1.3865329795726211,17.449425013744793
r_3468,-1.3875705772295532,15.25336333636335
r_3469,,
r_3470,-1.3878147178547806,15.49957878748315
r_3471,-1.3878147178543259,17.616008906157326
r_3472,-1.3878147178547806,15.499591740998884
r_3473,-1.3878147178543259,17.615999994415137
r_3474,-1.3876926475413711,15.768920156167969
r_3475,-1.3875705772288711,17.795247254710386
r_3476,-1.3870773339067455,15.119088259293887
r_3477,,
r_3478,-1.3873214745322002,15.367455199563857
r_3479,-1.3873214745317455,17.499871613901025
r_3480,-1.3873214745322002,15.367468264448943
r_3481,-1.3873214745317455,17.499862643016336
r_3482,-1.3871994042187907,15.639072210742075
r_3483,-1.3870773339062907,17.6802873725933
r_3484,-1.3873214745317455,15.520246382622583
r_3485,,
r_3486,-1.3875656151572002,15.762293529039272
r_3487,-1.3875656151567455,17.84759716286789
r_3488,-1.3875656151572002,15.762306266655159
r_3489,-1.3875656151567455,17.847588366763443
r_3490,-1.3874435448437907,16.02722052003391
r_3491,-1.3873214745312907,18.024532714122525
r_3492,-1.3867084447206253,14.85116263053949
r_3493,,
r_3494,-1.3869525853456253,15.103935943886167
r_3495,-1.3869525853451705,17.2689231913699
r_3496,-1.3869525853456253,15.103949236714872
r_3497,-1.3869525853451705,17.268914100511733
r_3498,-1.3868305150322158,15.380207453061852
r_3499,-1.3867084447197158,17.451726655660647
r_3500,-1.3874408665956253,15.24554725608535
r_3501,,
r_3502,-1.3876850072206253,15.491886930126219
r_3503,-1.3876850072201705,17.60924154664908
r_3504,-1.3876850072206253,15.491899890073482
r_3505,-1.3876850072201705,17.609232631482044
r_3506,-1.3875629369072158,15.761359743309532
r_3507,-1.3874408665947158,17.78854808360411
r_3508,0.0,2.312280380610864
r_3509,0.0,2.867549683995341
r_3510,0.0,3.4565987592306286
r_3511,0.0,5.571021518150379
r_3512,0.0,4.0647733156769545
r_3513,0.0,5.791117250108841
r_3514,0.0,13.597641499343075
r_3515,0.0,13.758143441969974
r_3516,0.0,13.84277431377846
r_3517,0.0,13.957329448031604
r_3518,0.0,14.891750367626528
r_3519,0.0,14.10110280071996
r_3520,0.0,14.957394589944395
r_3521,-3.0517578125e-05,14.273210973900694
r_3522,0.0,14.472593215690223
r_3523,7.62939453125e-06,14.69818270505786
r_3524,-6.103515625e-05,14.94880877114103
r_3525,0.0,0.0
r_3526,0.0,0.875927668770874
r_3527,0.0,2.3189410156684334
r_3528,0.0,13.338648103719335
r_3529,0.0,12.869847696209094
r_3530,0.0,12.90831933952913
r_3531,0.0,2.897729019165259
r_3532,0.0,11.987120729248259
r_3533,0.0,12.06518579640968
r_3534,0.0,1.3644610621673294
r_3535,0.0,0.7303289571462258
r_3536,0.0,1.0582710355251328
r_3537,0.0,0.7522161948997296
r_3538,0.0,8.947639045900084
r_3539,0.0,8.779965058356199
r_3540,0.0,8.687735278347223
r_3541,0.0,9.263199581370674
r_3542,0.0,39.32329963098209
r_3543,0.0,1.7772994321348436
r_3544,0.0,1.4812983639731065
r_3545,0.0,1.3741706002463772
r_3546,0.0,3.6072272125363187
r_3547,0.0,42.61607173558933
r_3548,0.0,4.917409202968022
r_3549,0.0,42.78669431665382
r_3550,0.0,42.063326269787474
r_3551,0.0,52.88259896212346
r_3552,0.0,41.74902137322663
r_3553,0.0,40.29880428698166
r_3554,0.0,9.312840645309574
r_3555,0.0,12.528472384612247
r_3556,0.0,9.713374959349741
r_3557,0.0,12.747955638567127
r_3558,0.0,9.713426041331633
r_3559,0.0,12.747930687632683
r_3560,0.0,10.140061392891727
r_3561,0.0,12.99639546332368
r_3562,0.0,10.742432244006668
r_3563,,
r_3564,0.0,11.087070058851422
r_3565,0.0,13.961952114375482
r_3566,0.0,11.08706162948149
r_3567,0.0001220703125,13.961944022180827
r_3568,0.0,11.45842189498639
r_3569,0.0,14.185714116392463
r_3570,0.0,37.216858136470975
r_3571,-35.37878594257859,3.456599264992823
r_3572,-33.09750661702674,5.571020169451471
r_3573,-39.942742618504326,4.064775001550929
r_3574,-37.661463292952476,5.7911179244586135
r_3575,-61.68656918065949,13.758142767620084
r_3576,-66.25052585658511,13.842776336827729
r_3577,-70.81442149735472,13.95733416847784
r_3578,-68.53250419454821,14.891749018927591
r_3579,-75.37843920843653,14.10110077767157
r_3580,-73.09646087047378,14.957396612993076
r_3581,-8.231002171900855,1.3644635909802711
r_3582,-5.838515703165058,0.7303296525697379
r_3583,-29.717332650046046,12.869844324460418
r_3584,-28.57631433079905,12.908315967782219
r_3585,-14.465862192369059,1.7772997693098316
r_3586,-13.839066360648303,1.4812980267983953
r_3587,-1.5412721758407315,1.0582710355251328
r_3588,-75.30528511400189,9.312839802372991
r_3589,-73.02330677603914,12.528470361564553
r_3590,-79.86924178992786,9.713378668273053
r_3591,-77.58726345196465,12.747958673139939
r_3592,-79.86924178992786,9.71343059318981
r_3593,-77.58726345196465,12.747932036332122
r_3594,-84.43319846585337,10.140054312223885
r_3595,-82.15122012789061,12.996398497896655
r_3596,-2.281978191410559,0.875927668770874
r_3597,9.127912977152306,1.371718433379578
r_3598,84.50635256028798,14.472594564389752
r_3599,89.0703168656076,14.698181019183938
r_3600,93.63429642971715,14.948805399392617
r_3601,-14.465862192369059,1.7772988420787685
r_3602,-14.467396370765528,1.556361142527911
r_3603,-1.1409891689813991,0.0
r_3604,-2.281978191410559,0.875927668770874
r_3605,-1.6145368496208903,0.7522160263124725
r_3606,22.819792322239323,37.216859485170104
r_3607,20.537813492562236,4.892851498746556
r_3608,35.37878594257859,3.4565984220558734
r_3609,33.09750661702674,5.571018567871943
r_3610,39.942742618504326,4.064773147089595
r_3611,37.661463292952476,5.791118261633529
r_3612,79.94241114315156,14.273207939327781
r_3613,84.50636781907704,14.472592541340505
r_3614,89.07029779212127,14.698182030708269
r_3615,93.63429642971715,14.948805399392617
r_3616,,
r_3617,,
r_3618,,
r_3619,,
r_3620,,
r_3621,,
r_3622,93.77742706654396,13.049304931070436
r_3623,,
r_3624,,
r_3625,,
r_3626,,
r_3627,,
r_3628,,
r_3629,,
r_3630,94.8286768307612,11.99510974867729
r_3631,,
r_3632,,
r_3633,,
r_3634,,
r_3635,,
r_3636,,
r_3637,,
r_3638,0.0,13.04930560541989
r_3639,,
r_3640,0.0,9.31284401705666
r_3641,0.0,12.52848115115603
r_3642,0.0,9.71337445358758
r_3643,0.0,12.747952603995037
r_3644,0.0,9.713433290588256
r_3645,0.0,12.747931699157249
r_3646,0.0,10.14006240441611
r_3647,0.0,12.99639209157676
r_3648,-11.409891332410837,0.875927668770874
r_3649,-9.284592942694644,0.7522168060288532
r_3650,-5.704945844907009,0.0
r_3651,-73.19117045805069,1.7772986734913545
r_3652,-73.194941378566,1.5563608053533238
r_3653,0.0,2.3189410156684334
r_3654,,
r_3655,,
r_3656,,
r_3657,,
r_3658,,
r_3659,,
r_3660,,
r_3661,,
r_3662,-9.698407595321214,0.875927668770874
r_3663,-7.722700776915417,0.7522165531477762
r_3664,-4.849203968170961,0.0
r_3665,0.0,2.3189410156684334
r_3666,-62.10751239960564,1.7772983784634184
r_3667,-62.111381852655086,1.5563592880685853
r_3668,3.4229671117110456,0.875927668770874
r_3669,0.0,2.3189410156684334
r_3670,102.75304177208051,14.891753402199587
r_3671,109.59894626839065,14.957395938643485
r_3672,-112.95792762459996,9.312845365755837
r_3673,-109.53496011765583,12.52847575635913
r_3674,-119.80386263848823,9.713373104888616
r_3675,-116.3808951315441,12.747960021839198
r_3676,-119.80386263848823,9.713429581665586
r_3677,-116.3808951315441,12.747930013283018
r_3678,-53.06294386355921,3.456599264992823
r_3679,-59.90887887744748,4.064773568558006
r_3680,-54.37718150788942,13.338648103719335
r_3681,-26.250872590727454,2.3122807177856646
r_3682,-30.81482926665285,2.867549683995341
r_3683,-53.634612646281084,5.944780950856974
r_3684,-58.19856932220682,6.581118790121255
r_3685,-109.53496022221452,13.129502628766332
r_3686,-107.25298188425177,15.182305683638731
r_3687,-114.09891689814003,13.607183545846542
r_3688,,
r_3689,,
r_3690,-104.97100354628901,18.559525574146253
r_3691,,
r_3692,-109.53496022221452,18.79043264709825
r_3693,,
r_3694,-111.81693856017728,15.530622749773933
r_3695,-118.662873574066,14.098801919975278
r_3696,,
r_3697,,
r_3698,,
r_3699,,
r_3700,-114.09891689814003,19.040831457372615
r_3701,-114.09891689814003,13.60715387446519
r_3702,,
r_3703,-118.662873574066,14.098805966065768
r_3704,,
r_3705,,
r_3706,,
r_3707,,
r_3708,-114.09891689814003,19.04087461574635
r_3709,-118.662873574066,14.098793827772688
r_3710,,
r_3711,-5.704945844909162,110.2814357214104
r_3712,,
r_3713,-116.38089523610324,15.89802660631167
r_3714,,
r_3715,,
r_3716,-118.662873574066,19.310017646840766
r_3717,-52.48550177313791,42.78668892185738
r_3718,-52.48550177313791,42.063326269787474
r_3719,-57.04945844906979,52.88260435691952
r_3720,-50.20352343517516,40.29880563568092
r_3721,-82.151464307286,44.83237421695363
r_3722,-86.71517684258652,45.07036566937664
r_3723,-84.43319850462376,44.92510807327031
r_3724,-88.99715518054882,45.17070821196233
r_3725,-84.43319850462376,44.3853694620938
r_3726,-88.99715518054882,44.621296056114886
r_3727,-88.99715518054882,54.052421494594626
r_3728,-93.56111185647478,54.23859862298353
r_3729,-82.151220166661,42.735900283527755
r_3730,-86.71529891289902,42.95504973444319
r_3731,-20.53781160921062,78.6095477988505
r_3732,-86.71518341004185,38.88025600553285
r_3733,-93.56111842393011,38.80284404593595
r_3734,-91.27914008596736,39.007507793605654
r_3735,-20.53781160921062,78.60955049624894
r_3736,-91.27926215627986,39.00752869844253
r_3737,-98.12507509985562,38.9678816638112
r_3738,-95.84309676189287,39.14522009230411
r_3739,-13.690413974861713,74.07525092003578
r_3740,-79.86778577569021,13.708557168933089
r_3741,-13.690413974861713,74.07525092003578
r_3742,-84.43174245161572,35.2835248755625
r_3743,-13.690413974861713,74.07525092003578
r_3744,-13.690413974861713,74.07525092003578
r_3745,-13.690413974861713,74.07525092003578
r_3746,-13.690413974861713,74.07525092003578
r_3747,-57.049467406514395,37.72181379650868
r_3748,-54.76748906855164,37.43063504431334
r_3749,-61.61342408243968,38.043676803119496
r_3750,-59.33144574447738,37.374418566244955
r_3751,-31.946241064862875,59.1387287981732
r_3752,-47.920030163417664,57.22785677294798
r_3753,-34.228219402825744,33.79564823147366
r_3754,-33.08726075142249,34.37264516249613
r_3755,78.89885841706041,9.762781181048187
r_3756,76.61688007909743,12.819185161249422
r_3757,83.46281509298615,10.184707380932059
r_3758,81.18083675502339,13.064214800201112
r_3759,111.40196230132779,9.36718226296802
r_3760,107.9788727240707,12.60308309606875
r_3761,118.24771420974707,9.762787755956728
r_3762,114.82480773795942,12.819182126676317
r_3763,118.24777524490332,9.762783709859207
r_3764,114.82480773795942,12.819191230397363
r_3765,121.49895099454761,10.018100551594026
r_3766,118.07598348760348,13.074905938380109
r_3767,128.34488600843633,10.39226122229825
r_3768,124.92191850149175,35.141839646336
r_3769,128.34488600843633,10.392253973039862
r_3770,124.92191850149175,13.285880586558523
r_3771,135.1908210223246,34.28822418199182
r_3772,131.76785351538,35.30230011646222
r_3773,-20.533870047377377,74.07525092003578
r_3774,-119.79992774867969,13.708560203506368
r_3775,-20.533870047377377,74.07525092003578
r_3776,-126.64592379772421,35.28352015511524
r_3777,-20.533870047377377,74.07525092003578
r_3778,-20.533870047377377,74.07525092003578
r_3779,-20.533870047377377,74.07525092003578
r_3780,-20.533870047377377,74.07525092003578
r_3781,30.806713163492304,78.60954240405388
r_3782,130.07277086479735,38.88025735423207
r_3783,140.3416733856302,38.80284944073321
r_3784,136.9187058786856,39.007507793605654
r_3785,30.806713163492304,78.60954779885087
r_3786,136.9185838083731,39.00753004714175
r_3787,147.18760839951847,38.967887058607154
r_3788,143.76464089257433,39.14521604620672
r_3789,-320.0474618090668,9.312841656834413
r_3790,-310.3490538727249,12.528466315464918
r_3791,-339.44427768175046,9.713373779238033
r_3792,-329.7458697454085,12.747951592469455
r_3793,-339.44427768175046,9.713421995232771
r_3794,-329.7458697454085,12.747935070904987
r_3795,-358.84109355443434,10.140062404416176
r_3796,-349.1426856180924,12.996387033955399
r_3797,-316.5718052650757,9.367184960366131
r_3798,-306.87351939904624,12.603079049971292
r_3799,-335.96886527838456,9.762788261718818
r_3800,-326.2703352717301,12.819177406230029
r_3801,-335.96874320807206,9.762780843873433
r_3802,-326.2703352717301,12.819185161249422
r_3803,-355.36555908075593,10.18470367200945
r_3804,-345.667151144414,13.064222218044726
r_3805,-368.5396120429657,10.742437301626346
r_3806,,
r_3807,-387.9364279156496,11.087068372977148
r_3808,-378.23801997930764,13.961952788725073
r_3809,-387.9364279156496,11.087062641005716
r_3810,-378.23801997930764,13.961941999131854
r_3811,-407.3332437883339,11.45842189498639
r_3812,-397.63483585199197,14.185714116392463
r_3813,-344.27960768758976,10.018104934865903
r_3814,-334.5810776809353,13.07490863577897
r_3815,-363.6763014899607,10.392262065234995
r_3816,-353.9778935536192,35.14183863481154
r_3817,-363.6763014899607,10.392255490326667
r_3818,-353.9778935536192,13.28588294678195
r_3819,-383.07311736264455,34.28822081024402
r_3820,-373.37470942630307,35.30230180233633
r_3821,58.18711279487479,74.07525092003578
r_3822,339.4409429478244,13.708557506107864
r_3823,58.18711279487479,74.07525092003578
r_3824,358.83775882050804,35.283526224261834
r_3825,58.18711279487479,74.07525092003578
r_3826,58.18711279487479,74.07525092003578
r_3827,58.18711279487479,74.07525092003578
r_3828,58.18711279487479,74.07525092003578
r_3829,-372.6559407149848,9.36718529754095
r_3830,-361.2461710954833,12.6030803986703
r_3831,-395.4759072000818,9.762787755956728
r_3832,-384.0659544751113,12.819179766452955
r_3833,-395.47584616492554,9.762781181048187
r_3834,-384.0659544751113,12.819184486899829
r_3835,-418.29562954455355,10.184706706582393
r_3836,-406.8857378547393,13.064218171947688
r_3837,-433.5760559640885,10.742430220959463
r_3838,,
r_3839,-456.3958393437165,11.087065675578843
r_3840,-444.98594765390226,13.961949416977436
r_3841,-456.3958393437165,11.087064664054443
r_3842,-444.98594765390226,13.961942673481479
r_3843,-479.2156227233445,11.458419871936293
r_3844,-467.8057310335307,14.185714790742216
r_3845,-405.036717431062,10.018102237467598
r_3846,-393.62670367093574,13.074905938380109
r_3847,-427.85637874037707,10.39226122229825
r_3848,-416.44648705056375,35.141835600238345
r_3849,-427.85637874037707,10.392253804452453
r_3850,-416.44648705056375,13.285884295481239
r_3851,-450.67616212000553,34.28822283329266
r_3852,-439.26627043019175,35.302301127986674
r_3853,68.45588545614737,74.07525092003578
r_3854,399.34274445932374,13.708557843282648
r_3855,68.45588545614737,74.07525092003578
r_3856,422.16252783895175,35.28352521273733
r_3857,68.45588545614737,74.07525092003578
r_3858,68.45588545614737,74.07525092003578
r_3859,68.45588545614737,74.07525092003578
r_3860,68.45588545614737,74.07525092003578
r_3861,,
r_3862,,
r_3863,,
r_3864,,
r_3865,,
r_3866,,
r_3867,474.96843478005474,11.995104353880985
r_3868,463.5584820550845,14.001750877662136
r_3869,-86.71518112419017,10.74243392987963
r_3870,,
r_3871,-91.27913780011613,11.087068035802325
r_3872,-88.99715946215292,13.961943347833744
r_3873,-91.27913780011613,11.087063989704827
r_3874,-88.99715946215292,13.96194874262957
r_3875,-95.84309447604164,11.458427964138828
r_3876,-93.56111613807889,14.185706698547301
r_3877,-20.53781160921062,78.60954240405388
r_3878,-86.71518341004185,38.88025735423207
r_3879,-93.56087428330511,38.80284809203383
r_3880,-91.27914008596736,39.007510491004005
r_3881,-20.53781160921062,78.6095531936471
r_3882,-91.27926215627986,39.00753072149138
r_3883,-98.12507509985562,38.967885709908096
r_3884,-95.84309676189287,39.14521469750768
r_3885,-13.690413974861713,74.07525092003578
r_3886,-79.86778577569021,13.70855885480705
r_3887,-13.690413974861713,74.07525092003578
r_3888,-84.43174245161572,35.28351644619284
r_3889,-13.690413974861713,74.07525092003578
r_3890,-13.690413974861713,74.07525092003578
r_3891,-13.690413974861713,74.07525092003578
r_3892,-13.690413974861713,74.07525092003578
r_3893,-81.00426275456061,10.018101563118135
r_3894,-78.7221623462849,13.07490728707947
r_3895,-85.56809736017317,10.392261390885594
r_3896,-83.28611902221087,35.14183863481154
r_3897,-85.56809736017317,10.392255153151803
r_3898,-83.28611902221087,13.285882609607148
r_3899,-90.13205403609868,34.28822300188005
r_3900,-87.85007569813592,35.3022997792874
r_3901,53.634612646281084,5.9447762304104765
r_3902,58.19856932220682,6.581110023582155
r_3903,74.33490174113467,9.367181588618614
r_3904,72.05292340317192,12.603079724320779
r_3905,78.89885841706041,9.762786238670612
r_3906,76.61688007909743,12.81917706905536
r_3907,78.89891945221666,9.762781349635567
r_3908,76.61688007909743,12.819187858648153
r_3909,83.46281509298615,10.184704683533663
r_3910,81.18083675502339,13.064218171947688
r_3911,,
r_3912,,
r_3913,,
r_3914,,
r_3915,,
r_3916,,
r_3917,94.8286768307612,11.995109074327619
r_3918,,
r_3919,,
r_3920,,
r_3921,,
r_3922,,
r_3923,,
r_3924,,
r_3925,93.77742706654396,13.049301559322295
r_3926,,
r_3927,-82.151220166661,42.73589960917824
r_3928,-86.71517684258652,42.95504636269534
r_3929,0.0,10.742435615752855
r_3930,,
r_3931,0.0,11.087070396026308
r_3932,0.0,13.9619500913269
r_3933,0.0,11.087059606433314
r_3934,0.0,13.961946045230093
r_3935,0.0,11.458416500186924
r_3936,0.0,14.185710744644181
r_3937,0.0,5.944781288031868
r_3938,0.0,6.581110529343708
r_3939,0.0,41.74902272192576
r_3940,0.0,0.7522161738262908
r_3941,,
r_3942,,
r_3943,,
r_3944,,
r_3945,,
r_3946,,
r_3947,71.4128273540747,11.995103005181528
r_3948,69.70128256544649,14.001752226361354
r_3949,,
r_3950,,
r_3951,,
r_3952,,
r_3953,,
r_3954,,
r_3955,,
r_3956,,
r_3957,0.0,0.0
r_3958,0.0,1.364462579454618
r_3959,0.0,8.687735278347223
r_3960,0.0,8.947633988277532
r_3961,0.0,0.7522160263124725
r_3962,0.0,1.0582710355251328
r_3963,,
r_3964,,
r_3965,,
r_3966,,
r_3967,,
r_3968,,
r_3969,,
r_3970,,
r_3971,,
r_3972,,
r_3973,0.0,57.379054040120984
r_3975,,
r_3976,,
r_3977,,
r_3978,,
r_3979,,
r_3980,,
r_3981,,
r_3982,,
r_3983,,
r_3984,,
r_3985,,
r_3986,,
r_3987,0.0,73.87154340006505
r_3988,,
r_3989,,
r_3990,,
r_3991,,
r_3992,,
r_3993,,
r_3994,,
r_3995,,
r_3996,0.0,78.60955049624876
r_3997,,
r_3998,,
r_3999,,
r_4000,,
r_4001,,
r_4002,,
r_4003,,
r_4004,,
r_4005,0.0,74.07525092003578
r_4006,,
r_4007,,
r_4008,,
r_4009,,
r_4010,,
r_4011,,
r_4012,,
r_4013,,
r_4014,,
r_4015,,
r_4016,,
r_4017,,
r_4018,,
r_4019,,
r_4020,,
r_4021,,
r_4022,,
r_4023,,
r_4024,,
r_4025,,
r_4026,,
r_4027,,
r_4028,,
r_4029,,
r_4030,,
r_4031,,
r_4032,,
r_4033,,
r_4034,,
r_4035,,
r_4036,,
r_4037,,
r_4038,0.0,110.2814357214104
r_4039,2.9826781224782053,13.764049502336976
r_4040,-92.42231007503688,110.1751717151969
r_4041,,
r_4042,-23.267990112304688,2.478061923182997
r_4043,,
r_4044,,
r_4045,-19.36293741113633,8.44155023783393
r_4046,-26.009033594997618,1.8593186615184962
r_4047,,
r_4048,,
r_4049,,
r_4050,,
r_4051,,
r_4052,,
r_4053,,
r_4054,,
r_4055,,
r_4056,,
r_4057,,
r_4058,,
r_4059,,
r_4060,,
r_4061,,
r_4062,,
r_4063,,
r_4064,,
r_4065,,
r_4066,,
r_4067,,
r_4068,,
r_4069,,
r_4070,,
r_4071,,
r_4072,,
r_4073,,
r_4074,,
r_4075,,
r_4076,,
r_4077,,
r_4078,,
r_4079,,
r_4080,,
r_4081,,
r_4082,,
r_4083,,
r_4084,,
r_4085,,
r_4086,,
r_4087,,
r_4088,,
r_4089,,
r_4090,,
r_4091,,
r_4092,,
r_4093,,
r_4094,,
r_4095,,
r_4096,,
r_4097,,
r_4098,,
r_4099,,
r_4100,,
r_4101,,
r_4102,,
r_4103,,
r_4104,,
r_4105,,
r_4106,,
r_4107,,
r_4108,,
r_4109,,
r_4110,,
r_4111,,
r_4112,,
r_4113,,
r_4114,,
r_4115,,
r_4116,,
r_4117,,
r_4118,,
r_4119,,
r_4120,,
r_4121,,
r_4122,,
r_4123,,
r_4124,,
r_4125,,
r_4126,,
r_4127,,
r_4128,,
r_4129,,
r_4130,,
r_4131,,
r_4132,,
r_4133,,
r_4134,,
r_4135,,
r_4136,,
r_4137,,
r_4138,,
r_4139,,
r_4140,,
r_4141,,
r_4142,,
r_4143,,
r_4144,,
r_4145,,
r_4146,,
r_4147,,
r_4148,,
r_4149,,
r_4150,,
r_4151,,
r_4152,60.6336960672068,186.13844250466545
r_4153,-6.956364492806188,12.818431494399233
r_4154,6.956364492806188,12.818436159008176
r_4155,-40.75601447648978,62.10601690253168
r_4156,5.599281802107214,26.336139928536685
r_4157,-17.70515289659238,2.6199566239938923
r_4158,-95.45796786124984,33.608203506737865
r_4159,,
r_4160,-32.78724692993342,2.1368430108616483
r_4161,85.54794425199805,6.916494076364377
r_4162,54.182783610494795,11.169110416764013
r_4163,85.5602817961352,3.478522538301664
r_4164,-17.76222111125071,13.900403858263942
r_4165,,
r_4166,,
r_4167,-7.778486449335674,46.35168049890211
r_4168,-68.45749455018097,0.7702295893658596
r_4169,-68.4591623505591,0.7462930875445667
r_4170,,
r_4171,2.588978720430589,4.437718344176984
r_4172,-26.009033594997618,25.37334804515715
r_4174,0.0,41.39896515953538
r_4175,,
r_4176,16.99191891191161,14.050138987028689
r_4177,17.16730745248509,15.643460247118798
r_4178,17.210825519022478,16.22441788105225
r_4179,17.210795001145414,15.557231706028512
r_4180,17.210825519972047,13.956785092191195
r_4181,-26.00903359499779,31.36818458692816
r_4183,16.874864249566826,12.062280500424107
r_4184,10.662698452082282,2.2067168407990336
r_4185,-13.382980716387692,1.9207480984098362
r_4186,114.38528442611965,119.29130465870601
r_4187,,
r_4188,-1.9263061084903086,4.549201966801806
r_4189,-3.4688165345237394,31.76963669448889
r_4190,88.15983639819362,25.6680774210284
r_4191,-10.75900845992794,3.365010091137608
r_4192,1.5131937766328747,82.778978549776
r_4194,0.0,40.56463288990948
r_4195,37.32495348300628,40.56463288990948
r_4196,,
r_4197,,
r_4198,-14.537992220587057,25.933795402399088
r_4202,114.38528442611965,119.29130465870601
r_4203,2.951969406431118,2.880031590663024
r_4204,0.47465541982549553,3.957542551700402
r_4205,-21.493748766077033,2.808133176808011
r_4206,-48.30167599159074,69.81248508505192
r_4208,-23.622527869463397,15.401123312463074
r_4209,-23.700727412213382,15.401124255201307
r_4210,,
r_4211,-229.7023319775227,13.34523163590938
r_4212,-229.71783887505455,13.346267382483926
r_4214,3.077739635139494,3.0823708049320206
r_4216,-10.882113382770228,28.29797611313524
r_4217,-50.18384469624169,10.59636775339482
r_4218,,
r_4219,,
r_4220,-18.138834423077412,45.18734168757627
r_4221,17.825436549001097,12.071693087956227
r_4222,-8.30639119530995,1.8846247877240467
r_4223,-40.746720129762394,14.675322085917609
r_4224,-25.43859524966865,27.685343668956097
r_4226,2.8881713497431747,1.758828419718457
r_4227,-37.15812224058928,57.20240482767252
r_4228,-37.15527592264095,57.22444158265193
r_4230,48.97529844997655,57.181536130179914
r_4231,-59.13362038725839,57.371172749909775
r_4232,-15.109415636918563,2.157099752821926
r_4234,-11.717622066616286,73.62466095180174
r_4236,46.37449598446153,3.3296670622779185
r_4237,-23.889236312572166,40.607222340887944
r_4238,-24.038365095115978,40.6072223053498
r_4241,,
r_4242,,
r_4243,,
r_4244,,
r_4245,-11.545272701437852,2.430552707775829
r_4247,18.79341317099329,7.0611180101977356
r_4248,-50.621660226093866,56.99017705327094
r_4249,-48.656991961043694,2.8801207660845214
r_4250,,
r_4253,,
r_4254,-484.0211361391477,14.074563233302843
r_4255,-484.02115521316244,14.818645607526538
r_4260,2.2751547359479787,4.520160838554368
r_4261,2.511994654083118,4.520161508550118
r_4262,7.748849509872457,1.5762095592049434
r_4263,8.526512829121202e-14,22.113817525064494
r_4264,-58.229948826234136,12.1298786548075
r_4266,-35.30023241511433,4.037499791942648
r_4267,-35.30163100137859,13.173530200467406
r_4268,-35.297790690521175,12.057661678538759
r_4269,-35.299364617636684,30.73516813430839
r_4270,58.34552058312835,25.6680774210284
r_4271,,
r_4272,,
r_4273,-387.0128033283433,42.27050176506857
r_4274,-64.49190118492078,61.06146208605109
r_4275,-205.10749469415146,13.884031578667557
r_4276,-213.54786495593794,13.884031578667557
r_4279,-35.56651815340422,13.170745196633876
r_4282,-0.1212839741324172,4.2246751298578715
r_4283,-15.2505706254301,1.8782895595621336
r_4284,-15.250324041742715,1.8661133010354545
r_4285,-15.250324041742715,1.8661144301354977
r_4286,-15.25035519357241,3.638700717602921
r_4287,-15.2505706254301,1.8782894990711005
r_4288,0.0,0.909260178266291
r_4291,-44.29103849076222,12.094010249256161
r_4292,-40.11202248756308,25.139536790536788
r_4293,-40.112041561577826,24.708245235336467
r_4294,-42.10416143551265,13.040625476301816
r_4295,,
r_4296,-63.9518770079286,12.417839232566298
r_4297,-39.75977949709642,39.037562911055325
r_4298,-45.31694791733014,12.750933697148012
r_4299,-42.6167367229189,17.085004974956192
r_4300,-41.28443390951952,46.25460643361904
r_4301,-42.108340324165674,13.897361823501628
r_4302,-39.759684249954375,13.120837812488984
r_4303,-32.99209845257346,12.707399296331714
r_4304,-32.992160579970204,12.707399296331714
r_4305,-41.9573151353556,14.327328253808446
r_4306,-28.620848311818975,16.83637501848387
r_4307,-31.957988321833568,23.91982974683669
r_4309,-16.87824885763348,6.425325651342469
r_4310,,
r_4311,-27.325690499104894,44.031064364202116
r_4312,-18.79483679803053,33.43962943223101
r_4313,,
r_4314,,
r_4315,37.6924886432605,12.228185093045052
r_4316,,
r_4317,-23.268737593764058,1.6924282769704437
r_4318,-7.000529241927438,1.6359115959856527
r_4319,,
r_4320,,
r_4321,,
r_4322,,
r_4326,-40.31116505529168,31.945805266130574
r_4327,-31.621737824874685,2.255489103822676
r_4328,,
r_4329,0.0,2.079464814065656
r_4330,16.483386487841045,22.36102413377217
r_4331,,
r_4332,-15.973848208246068,36.717786176485454
r_4333,,
r_4334,-26.009033594997618,34.27401301518979
r_4335,-26.008909458214703,4.0332312543381175
r_4336,-34.38014102865334,57.00590381823108
r_4337,-62.90088542275089,67.45638166505293
r_4338,,
r_4339,-121.20799322262292,9.650672081296195
r_4341,8.106340542492717,3.0989509708919676
r_4342,-18.914408335841017,2.531618571543196
r_4343,10.482369017544443,30.216302845101175
r_4344,-17.12270199670138,21.43193185145119
r_4345,-19.292259771138788,12.934888581777816
r_4346,14.87760102166942,12.982085765317173
r_4347,-23.510066010792798,13.022610188254415
r_4348,14.899606480073544,13.156312744866243
r_4349,3.602627437421461,2.875236341933265
r_4350,-12.995431801906932,2.8113410697543424
r_4351,-30.998677120965795,52.24288795999357
r_4352,8.388090193468656,67.14805154414964
r_4353,-363.9696931252911,29.09482673584587
r_4354,-23.778275905217413,34.54431177505273
r_4355,-0.018862311127961107,2.175314424544386
r_4356,11.405672239725938,1.4470552296701074
r_4357,-19.296331170089957,8.711331371649344
r_4358,13.731563857667197,9.132678040790609
r_4359,-23.511395164884675,8.71035650956014
r_4360,13.750705000899416,9.13082357945603
r_4361,17.018040410533388,33.949506987836564
r_4362,-0.7969402309318809,25.10016690914274
r_4363,-24.472621369280603,31.897953408895436
r_4364,10.299133987599475,45.02264464726901
r_4365,9.135346130026107,2.7119183997714083
r_4366,-1.592579121831875,37.34925721573801
r_4367,17.132652388182805,52.31171264978487
r_4368,-18.819436578629393,5.165947182655216
r_4369,2.643983775497418,1.335140553330365
r_4370,-19.29615130823413,9.113483718094555
r_4371,14.882614865867367,9.521119749644072
r_4372,-37.34213225893177,9.923727636690339
r_4373,12.540693544365013,10.620152772531457
r_4374,-8.384522929641378,19.251204569931872
r_4375,7.975081459962212,27.060373971175903
r_4376,-23.51263300452979,2.3299672827404456
r_4377,13.765079211089073,2.743995860411282
r_4378,-7.000589449166569,1.6525088345097336
r_4379,26.241968711553568,1.882582891917836
r_4380,27.295762645667253,13.691814128797864
r_4381,10.066842529784452,3.773732130794976
r_4382,,
r_4383,7.007656677160412e-10,119.15875696525367
r_4384,-22.07075806829232,13.00932170899805
r_4385,11.410039058381813,2.1251612701581375
r_4386,7.01005010780537,22.244205886568675
r_4387,13.64882696677006,31.400766012633866
r_4388,-37.3423255243664,10.323234409477509
r_4389,13.691876782843678,11.0326507224034
r_4390,-1.8174763864207613,4.338573107782831
r_4391,-4.563956673463569,3.819771915115434
r_4392,17.114827549291363,4.661714135414752
r_4393,-16.20111240728602,1.9378165465637565
r_4394,0.0,0.9389553304395241
r_4395,13.691120091212952,1.0235136253780959
r_4396,0.6405050005801058,13.830886246064495
r_4397,-1.663997034053068,10.565562442019898
r_4398,18.199131444419336,4.297390623446695
r_4399,-79.79921897190667,31.5637052232148
r_4400,-13.368331909179688,2.7217893356058296
r_4401,-85.4338814151863,5.4265235768416815
r_4402,17.05812387226011,5.4265235768416815
r_4403,-27.112424880863273,1.4552685504011809
r_4404,13.595037336799322,3.435179393642803
r_4405,8.231002171900855,1.364462748041262
r_4406,8.210726547222748,29.644521839462993
r_4407,-7.876504605351698,21.00022682023278
r_4408,15.921783809673116,31.56370446457153
r_4409,5.847210320837661,22.367076327365886
r_4410,28.06462641354335,4.295633890195175
r_4411,33.48906184775126,69.70598823436664
r_4412,-37.34626302326524,13.346025948380575
r_4413,,
r_4414,1.4298690244158934,3.490767323949133
r_4415,,
r_4416,3.2810045196924023,4.251885434718422
r_4417,1.8374292169288822,3.004731100081722
r_4418,0.9553604467989487,2.8247079149370307
r_4419,7.963872526179671,56.71568287504673
r_4420,-16.368087768554688,2.511986423972926
r_4421,6.845935006067691,37.104437318626935
r_4422,4.568613607173347,5.6638553467928645
r_4423,-85.33163485870728,33.94950648207437
r_4424,15.877030568640336,3.035926175208983
r_4425,-79.62642198850656,3.0359260909152774
r_4426,-91.13887018490138,4.297391044915201
r_4427,14.83294394982159,10.80452365558029
r_4428,13.008261598157674,6.470211549900986
r_4429,,
r_4430,,
r_4431,-68.52091159960526,31.400766349808656
r_4432,-335.5515491840389,38.60370171026929
r_4433,,
r_4434,,
r_4435,-10.861579730874155,1.593180793482354
r_4436,,
r_4437,13.598808652544733,55.67634024206893
r_4438,-68.27341527923471,55.67634024206893
r_4439,-3.4679922097441818,39.401759619057515
r_4440,-62.7436875625591,10.20869365818165
r_4441,-51.30533143339122,2.073007031789972
r_4442,,
r_4443,12.54993333887569,13.67227345281223
r_4444,5.790473264771684,1.1186046706369626
r_4445,5.925647190151061,1.073743649375664
r_4446,12.684040593904228,0.9826550374406519
r_4447,2.3920784916952016,3.2499397797523697
r_4448,19.34343623174263,35.78483466461631
r_4449,-96.852408258933,35.784835676140695
r_4450,8.21072654722277,1.3946590683925388
r_4451,14.973858621052294,12.93998409822783
r_4452,11.770922506071656,15.607167495816144
r_4453,12.692256184971484,0.9092601150450182
r_4454,12.682722725878648,8.260689922243404
r_4455,3.816085661349689,1.0713430070313992
r_4456,12.692256184971484,0.9092597146514428
r_4457,9.38509417556611,30.449922152047485
r_4458,12.833338751833729,1.41920197906927
r_4459,13.825029762885627,0.9826601793525005
r_4460,3.8232505138035298,1.0582710355251328
r_4461,14.955756230971929,36.81369621930642
r_4462,1.1409891694664793,44.97047156925956
r_4463,14.980055529629702,1.4812987854416038
r_4464,12.553892763831698,4.970129431364611
r_4465,14.884098484406557,3.102278801757093
r_4466,14.975043077051303,8.687733255298573
r_4467,15.839437904538045,3.20381949495148
r_4468,11.40988513911148,3.2151807680232536
r_4469,15.965219566352943,5.547689191402224
r_4470,6.8459344615218924,1.5878376734011372
r_4471,21.622141601155022,4.746695584710534
r_4472,-108.2543172942556,4.7466957532979315
r_4473,12.49423178230714,3.4195847225187856
r_4474,-62.61433739796804,3.4195847225187856
r_4475,10.275829911559526,2.8262563934605653
r_4476,15.409276419375885,2.8262569835163656
r_4477,18.2558268399099,9.594192438305424
r_4478,12.539736581549668,40.901349120284834
r_4479,-68.21641359019816,3.435177707768697
r_4480,10.164411576437942,30.79683075479823
r_4481,-833.2286985406733,4.676326003965383
r_4482,-45.628118491966745,1.282690949846972
r_4483,-34.20954660285793,1.5757722107842154
r_4484,-41.59775960164575,22.168090750860227
r_4485,-466.968409948326,7.365262487081227
r_4486,-372.7061525682062,7.6479090402772325
r_4487,0.0001608245632951366,5.42306230905457
r_4488,-44.780880556299365,4.242668225442265
r_4489,17.825439171792084,12.08351023422326
r_4490,-17.8254582458066,12.942571112951384
r_4491,-15.23793394028229,12.939551138736642
r_4492,17.82543917179214,12.083510225844488
r_4493,5.7059136570399005,2.0981723671267942
r_4494,,
r_4495,-19.294740257303374,2.5448081236314244
r_4496,,
r_4497,,
r_4498,,
r_4499,,
r_4500,,
r_4501,,
r_4502,,
r_4503,,
r_4504,,
r_4505,,
r_4506,,
r_4507,,
r_4508,,
r_4509,,
r_4510,,
r_4511,,
r_4512,,
r_4513,,
r_4514,,
r_4515,,
r_4516,,
r_4517,,
r_4518,,
r_4519,,
r_4520,,
r_4521,,
r_4522,,
r_4523,,
r_4524,,
r_4525,,
r_4526,,
r_4527,,
r_4528,,
r_4529,,
r_4530,,
r_4531,,
r_4532,,
r_4533,,
r_4534,,
r_4535,,
r_4536,,
r_4537,,
r_4538,,
r_4539,,
r_4540,,
r_4541,,
r_4542,,
r_4543,,
r_4544,,
r_4545,,
r_4546,,
r_4547,,
r_4548,,
r_4549,,
r_4550,,
r_4551,,
r_4552,,
r_4553,,
r_4554,,
r_4555,,
r_4556,,
r_4557,,
r_4558,,
r_4559,,
r_4560,,
r_4561,,
r_4562,,
r_4563,,
r_4564,,
r_4565,,
r_4567,-10.899617958079148,1.590312150469158
r_4569,-31.98505034486834,7.113025902165708
r_4570,20.672912653275034,12.143264281270183
r_4571,47.002849959273135,13.726839723971457
r_4572,4.416734340487494,3.2491814092182847
r_4573,-29.90837358786871,18.16342819478738
r_4574,-29.908354513854192,18.74590758593519
r_4575,-13.12827149102668,2.755932491824397
r_4581,7.171367400539566,12.303849501289383
r_4582,-45.18391532442581,13.740757640649687
r_4583,-27.086910011613554,16.509264389675835
r_4584,-8.215576177438095,16.595441319050014
r_4585,-7.000478160914554,3.4705934966052547
r_4586,0.00011533598944879486,4.946032952317257
r_4587,0.00011247832375715916,40.56463288990948
r_4588,0.0,22.113817525064494
r_4589,1.140989168981399,34.22354309945608
r_4590,0.00011247832375715916,31.31303144689965
r_4591,0.00011247832375715916,40.56463288990948
r_4592,0.00011247832367189403,2.255489103822676
r_4593,,
r_4594,,
r_4595,,
r_4596,,
r_4597,,
r_4598,,
r_4599,,
r_4600,,
r_4601,9.120682275847678,3.9427498441618436
r_4602,0.0,1.2408775039812725
r_4603,-0.0001220703125,2.3250699260853143
r_4604,-29.296747215930168,21.167484557381062
r_4605,-6.397512317891401,9.65118070946355
r_4606,0.0,30.449922152047485
r_4607,-7.722700776915417,0.7522164899275203
r_4608,46.09351014412118,13.93766359739892
r_4609,-57.191900373943554,8.35795692499896
r_4610,0.0,8.357955913474555
r_4611,-54.50240079475998,8.260690933767666
r_4612,-1.1444091796875e-05,115.46783133778393
r_4613,56.48651130129565,5.7911175872837175
r_4614,0.0,2.8722733341890634
r_4615,17.095834704057523,1.8683665913274474
r_4616,0.0,8.260690259418144
r_4617,0.0,42.6160703868902
r_4618,0.0,4.834633972604197
r_4619,0.0037709205153078074,2.3624249629600187
r_4620,-64.34978693138464,0.9092584713180142
r_4621,15.310555755823941,2.6129993669946985
r_4622,2.006093034364504,2.413408793333357
r_4623,3.2832782140580505,3.654258375027455
r_4624,0.0,2.3624252956310854
r_4625,1.711483753885659,44.97047156925956
r_4626,0.8067021773675833,2.5576245193444174
r_4627,0.0,8.74269105988274
r_4628,-121.20799322262292,9.650672418470883
r_4629,,
r_4630,-8.809189869211423,13.754086573734508
r_4631,-8.809174610422076,13.795257601460484
r_4632,-10.602490498933093,13.560660883134934
r_4633,-8.809189869211423,13.781436883375909
r_4634,-27.383770573131756,3.0694249961677205
r_4635,-34.22967506944201,3.0725549897255333
r_4636,-20.53780504166525,3.217603706050465
r_4637,-27.38374005555363,2.707483708371344
r_4638,-41.0756100833305,3.210748605434131
r_4639,-18.255796186124257,3.0694253333426196
r_4640,-22.819783379628007,3.0725553269002477
r_4641,-13.691870027776815,3.217603706050465
r_4642,-18.255826703702382,2.707483118315272
r_4643,-27.38374005555363,3.210749279784061
r_4644,,
r_4645,,
r_4646,,
r_4647,,
r_4648,,
r_4649,-10.090848041818603,13.610066149790839
r_4650,-13.69187002777682,2.8893390146196007
r_4651,-19.379573479038697,2.6966222328658564
r_4652,-16.487703862798156,12.205871921376742
r_4653,-9.010308120460593,12.205875950455322
r_4654,-16.487722936812787,13.056884651182248
r_4655,-13.691870027212332,1.77046397194943
r_4656,-6.845935013605271,2.3605749370329736
r_4657,-9.127913351641865,1.7704642669774011
r_4658,,
r_4659,,
r_4660,-19.741715592104924,10.479247392138069
r_4661,-17.33776337289561,16.114632972169513
r_4662,-9.860367632770021,16.114635970371594
r_4663,-17.337782446910353,16.768432343572197
r_4664,-17.114837530248735,10.940106021142268
r_4665,-9.127913350939252,10.507953815697979
r_4666,-11.40989168815571,10.940107032666617
r_4667,,
r_4668,,
r_4669,-17.86077892113434,5.019595275493447
r_4670,-16.341170405556312,13.039089268955864
r_4671,-8.857276225871658,13.03909295634797
r_4672,-16.341189479571057,13.838958645686652
r_4673,-17.10896038203319,4.61584487724337
r_4674,-9.12330873526571,5.428619623911823
r_4675,-11.407708897243339,4.6158450458307705
r_4676,,
r_4677,,
r_4678,-42.09628800321934,12.242970275120001
r_4679,,
r_4680,-9.697869373605826,13.92142259516599
r_4681,,
r_4682,21.69546380585507,13.730212894047881
r_4683,,
r_4684,26.259542552093308,13.68073822586717
r_4685,28.541520890056177,13.70402688848093
r_4686,-5.708213883838766,2.0448271431134235
r_4687,,
r_4688,,
r_4689,,
r_4690,,
r_4691,,
r_4692,,
r_4693,-10.044339272960073,13.605667594020556
r_4694,-11.409891689814017,2.966723410177593
r_4695,,
r_4697,-17.11483753472102,3.881262144044451
r_4698,-11.409891689814003,3.881261301107206
r_4699,,
r_4700,-1.4469921463960205,2.413408793333357
r_4701,-50.3942430029922,57.02132107928652
r_4702,-0.9967300763452158,6.29706976266455
r_4703,-21.535195680922428,115.6776716068582
r_4705,50.203523839658374,57.38135087477751
r_4707,-30.08322932189469,71.64339534831021
r_4708,,
r_4710,,
r_4711,19.6441058787387,3.172218455638199
r_4712,19.6441058787387,3.1722179842672458
r_4713,37.43825358434585,5.542103272011722
r_4714,18.699111847416134,3.151817139157833
r_4715,14.521431491916132,5.368488608527443
r_4716,15.12697801147057,3.3420636409824294
r_4717,9.445697303779951,7.70507813660529
r_4718,-40.79149955085563,12.653898014869265
r_4719,-41.28226116406379,12.53103510044882
r_4720,18.14729499912488,4.44320749829064
r_4721,18.145548677170154,3.9084802396789255
r_4722,,
r_4723,,
r_4724,,
r_4725,,
r_4726,-11.409890224340884,3.7261302999750066
r_4727,,
r_4728,-11.409890224340884,3.7261293727443423
r_4729,,
r_4730,-15.973846458390902,6.282259364840562
r_4731,,
r_4732,-10.270387926666217,3.418645522146602
r_4733,,
r_4734,-11.409891689814003,6.5289146920312975
r_4735,,
r_4736,-9.12790572227253,4.120595214949322
r_4737,,
r_4738,-11.409891689814003,8.085946390918851
r_4739,,
r_4740,-13.691870027776815,4.991135420662446
r_4741,,
r_4742,-15.973848365739514,4.360656499103126
r_4743,,
r_4744,14.924917068581635,1.043678468945027
r_4745,-11.225324223243888,1.0436776470814562
r_4746,0.0,1.0436776892282902
r_4747,-15.249482395892393,8.808637816987227
r_4748,-14.41345388688567,1.8880802905708527
r_4749,9.627529140068418,1.807162919058548
r_4750,0.0,0.7462944151707277
r_4751,-23.900837007748407,25.557630213771418
r_4752,-17.952901115934765,113.55254831124672
r_4753,-10.476736987610735,54.041449797479764
r_4754,,
r_4755,-3.7742181364088765,2.0088756424376273
r_4756,-18.849266862441084,8.94002391436
r_4757,-15.160084273786858,2.013702708600546
r_4758,9.238558499932196,13.300221505950784
r_4760,,
r_4761,-64.91189226020012,15.63246733173829
r_4762,-40.746720129762394,14.675318910645506
r_4763,14.03881871254588,12.335232109614907
r_4764,-45.09805721315939,58.14679867757694
r_4765,7.232437504497007,4.555928896227563
r_4766,1.9459972766530882,13.168600878907373
r_4767,7.682573855372652,9.413408393809943
r_4768,-21.515701513475506,21.12010030604507
r_4769,-34.16122485413457,2.774710832245428
r_4770,-0.00037826444440725027,9.020225720186557
r_4771,-0.00012932622939842986,4.28846764896268
r_4772,-0.00043938136877841316,10.140984819625924
r_4773,-0.00029246703888929915,13.214383562031387
r_4774,-0.00038237511171246297,12.157652058403269
r_4775,-8.06419993750751e-05,12.978639630076934
r_4776,,
r_4777,-0.0002784389998851111,4.33824656677504
r_4778,-0.0005098967249068664,9.820483230415965
r_4779,-61.61597850866974,110.17516901779855
r_4780,,
r_4781,-32.91611741166057,47.77955620262563
r_4782,-223.7288215389799,36.36694513800525
r_4783,3.423275432170385,2.357933537254788
r_4784,6.856440578404204,2.282445476350818
